[FILE]         2026-04-19 19:13:04   Reading HTML template entityInstanceEditor from cache
[RENDER]       2026-04-19 19:13:04   Rendering world bg...
[RENDER]       2026-04-19 19:13:05   Rendering world bg...
[USERACTION]   2026-04-19 19:13:05   Opened panel #1311 ui.modal.panel.EditEntityDefs
[FILE]         2026-04-19 19:13:05   Reading HTML template editEntityDefs from cache
[FILE]         2026-04-19 19:13:05   Reading HTML template fieldDefsForm from cache
[FILE]         2026-04-19 19:13:05   Reading HTML template pivotEditor from cache
[RENDER]       2026-04-19 19:13:05   Rendering world bg...
[RENDER]       2026-04-19 19:13:06   Rendering world bg...
[RENDER]       2026-04-19 19:13:06   Rendering world bg...
[USERACTION]   2026-04-19 19:13:07   Closed panel #1311 ui.modal.panel.EditEntityDefs
[RENDER]       2026-04-19 19:13:07   Rendering world bg...
[EVENT]        2026-04-19 19:13:08   LayerInstanceSelected 113
[RENDER]       2026-04-19 19:13:08   Rendered level UI
[EVENT]        2026-04-19 19:13:09   LayerInstanceSelected 28
[RENDER]       2026-04-19 19:13:09   Rendered level UI
[EVENT]        2026-04-19 19:13:10   LayerInstanceSelected 286
[RENDER]       2026-04-19 19:13:10   Rendered level UI
[EVENT]        2026-04-19 19:13:10   LayerInstanceSelected 178
[RENDER]       2026-04-19 19:13:10   Rendered level UI
[RENDER]       2026-04-19 19:13:10   Rendering world bg...
[EVENT]        2026-04-19 19:13:11   ToolValueSelected
[FILE]         2026-04-19 19:14:41   Changed on disk: /home/angrycompany16/gamedev/go/mask_of_the_tomb/assets/sprites/environment/midground_tilemap.png
[FILE]         2026-04-19 19:14:41   Changed on disk: /home/angrycompany16/gamedev/go/mask_of_the_tomb/assets/sprites/environment/midground_tilemap.png
[CACHE]        2026-04-19 19:14:43   Reloading cached image ../sprites/environment/midground_tilemap.png...
[CACHE]        2026-04-19 19:14:43   Disposing cached image ../sprites/environment/midground_tilemap.png...
[CACHE]        2026-04-19 19:14:43   Caching image ../sprites/environment/midground_tilemap.png...
[CACHE]        2026-04-19 19:14:43    -> identified as Png
[CACHE]        2026-04-19 19:14:43    -> base64 1720
[CACHE]        2026-04-19 19:14:43    -> pixels 128x440
[FILE]         2026-04-19 19:14:43   Reloading tileset: Midground_tilemap path=../sprites/environment/midground_tilemap.png
[FILE]         2026-04-19 19:14:43   Loading atlas image: ../sprites/environment/midground_tilemap.png...
[FILE]         2026-04-19 19:14:43    -> Loaded 1290 bytes.
[FILE]         2026-04-19 19:14:43    -> Decoded 128x440 pixels.
[FILE]         2026-04-19 19:14:43    -> Old size: 128x440 -> 128x440
[WARNING]      2026-04-19 19:14:43   Tileset Midground_tilemap remapping (image size changed)...
[FILE]         2026-04-19 19:14:43    -> Reload result: Ok
[FILE]         2026-04-19 19:14:43    -> pixelData: Ok
[GENERAL]      2026-04-19 19:14:43   Init pixel data cache for ../sprites/environment/midground_tilemap.png
[GENERAL]      2026-04-19 19:14:43   Progress created.
[EVENT]        2026-04-19 19:14:43   TilesetImageLoaded
[EVENT]        2026-04-19 19:14:43   LevelJsonCacheInvalidated
[EVENT]        2026-04-19 19:14:43   LevelJsonCacheInvalidated
[EVENT]        2026-04-19 19:14:43   LevelJsonCacheInvalidated
[EVENT]        2026-04-19 19:14:43   LevelJsonCacheInvalidated
[EVENT]        2026-04-19 19:14:43   LevelJsonCacheInvalidated
[EVENT]        2026-04-19 19:14:43   LevelJsonCacheInvalidated
[EVENT]        2026-04-19 19:14:43   LevelJsonCacheInvalidated
[EVENT]        2026-04-19 19:14:43   LevelJsonCacheInvalidated
[EVENT]        2026-04-19 19:14:43   LevelJsonCacheInvalidated
[EVENT]        2026-04-19 19:14:43   LevelJsonCacheInvalidated
[EVENT]        2026-04-19 19:14:43   LevelJsonCacheInvalidated
[EVENT]        2026-04-19 19:14:43   LevelJsonCacheInvalidated
[EVENT]        2026-04-19 19:14:43   LevelJsonCacheInvalidated
[EVENT]        2026-04-19 19:14:43   LevelJsonCacheInvalidated
[RENDER]       2026-04-19 19:14:43   Rendering world bg...
[GENERAL]      2026-04-19 19:14:43   Progress started: : "Initializing pixel data cache for "midground_tilemap.png"", 55 operation(s)
[GENERAL]      2026-04-19 19:14:43   Progress completed: "Initializing pixel data cache for "midground_tilemap.png"" (0s)
[EVENT]        2026-04-19 19:14:43   TilesetDefPixelDataCacheRebuilt 269
[RENDER]       2026-04-19 19:14:43   Rendering world level data.Level#1e4af520-1030-11f0-af50-ff93dd65ce54 "Level_4"...
[RENDER]       2026-04-19 19:14:43   Rendering world level data.Level#e52cfcd0-1030-11f0-b12c-fb81b8dc6f61 "Level_8"...
[RENDER]       2026-04-19 19:14:43   Rendering world level data.Level#d5ae6780-1030-11f0-996f-efbed2df7e2d "Level_9"...
[RENDER]       2026-04-19 19:14:43   Rendering world level data.Level#e358dc00-fa90-11f0-9536-757f38ccabb1 "Level_13"...
[RENDER]       2026-04-19 19:14:44   Rendering world bg...
[EVENT]        2026-04-19 19:14:45   ToolValueSelected
[EVENT]        2026-04-19 19:14:45   ToolValueSelected
[EVENT]        2026-04-19 19:14:45   ToolValueSelected
[RENDER]       2026-04-19 19:14:48   Rendering world bg...
[EVENT]        2026-04-19 19:14:49   ToolValueSelected
[RENDER]       2026-04-19 19:14:50   Rendering world bg...
[RENDER]       2026-04-19 19:14:57   Rendering world bg...
[RENDER]       2026-04-19 19:14:57   Rendering world bg...
[EVENT]        2026-04-19 19:14:58   LayerInstanceSelected 113
[RENDER]       2026-04-19 19:14:58   Rendered level UI
[EVENT]        2026-04-19 19:14:59   LayerInstanceSelected 28
[RENDER]       2026-04-19 19:14:59   Rendered level UI
[RENDER]       2026-04-19 19:14:59   Rendering world bg...
[USERACTION]   2026-04-19 19:15:02   IntGridTool: Rectangle, mode=Remove, in LayerInst#28 "Playerspace" [IntGrid]
[EVENT]        2026-04-19 19:15:02   LayerInstanceEditedByTool
[USERACTION]   2026-04-19 19:15:02   IntGridTool: mode=Remove, in LayerInst#28 "Playerspace" [IntGrid]
[USERACTION]   2026-04-19 19:15:05   IntGridTool: Rectangle, mode=Remove, in LayerInst#28 "Playerspace" [IntGrid]
[EVENT]        2026-04-19 19:15:05   LayerInstanceEditedByTool
[USERACTION]   2026-04-19 19:15:05   IntGridTool: mode=Remove, in LayerInst#28 "Playerspace" [IntGrid]
[USERACTION]   2026-04-19 19:15:10   IntGridTool: Rectangle, mode=Add, in LayerInst#28 "Playerspace" [IntGrid]
[EVENT]        2026-04-19 19:15:10   LayerInstanceEditedByTool
[USERACTION]   2026-04-19 19:15:10   IntGridTool: mode=Add, in LayerInst#28 "Playerspace" [IntGrid]
[USERACTION]   2026-04-19 19:15:11   Undo
[EVENT]        2026-04-19 19:15:11   LayerInstancesRestoredFromHistory Entities,Foreground,PlayerspaceAlt,Playerspace,Props,MidgroundSprites,BackgroundTiles
[RENDER]       2026-04-19 19:15:11   Rendering world bg...
[USERACTION]   2026-04-19 19:15:12   IntGridTool: Rectangle, mode=Add, in LayerInst#28 "Playerspace" [IntGrid]
[EVENT]        2026-04-19 19:15:12   LayerInstanceEditedByTool
[USERACTION]   2026-04-19 19:15:12   IntGridTool: mode=Add, in LayerInst#28 "Playerspace" [IntGrid]
[SAVE]         2026-04-19 19:15:12   Preparing project saving: /home/angrycompany16/gamedev/go/mask_of_the_tomb/assets/LDTK/world.ldtk...
[CACHE]        2026-04-19 19:15:12   Garbaging unused image LdtkIcons_336_208_16_16...
[CACHE]        2026-04-19 19:15:12   Disposing cached image LdtkIcons_336_208_16_16...
[CACHE]        2026-04-19 19:15:12   Garbaging unused image LdtkIcons_336_176_16_16...
[CACHE]        2026-04-19 19:15:12   Disposing cached image LdtkIcons_336_176_16_16...
[CACHE]        2026-04-19 19:15:12   Garbaging unused image LdtkIcons_176_16_16_16...
[CACHE]        2026-04-19 19:15:12   Disposing cached image LdtkIcons_176_16_16_16...
[SAVE]         2026-04-19 19:15:12   => PreChecks...
[SAVE]         2026-04-19 19:15:12   => BeforeSavingActions...
[EVENT]        2026-04-19 19:15:12   BeforeProjectSaving
[SAVE]         2026-04-19 19:15:12   => AutoLayers...
[SAVE]         2026-04-19 19:15:12   => Backup...
[SAVE]         2026-04-19 19:15:12   Backing up /home/angrycompany16/gamedev/go/mask_of_the_tomb/assets/LDTK to /home/angrycompany16/gamedev/go/mask_of_the_tomb/assets/LDTK/world/backups/94589810-c210-11ef-b2e6-99619d5a4f10_2026-04-19_19-15-12...
[SAVE]         2026-04-19 19:15:12     Found 1 files.
[GENERAL]      2026-04-19 19:15:12   Progress created.
[RENDER]       2026-04-19 19:15:12   Rendering world bg...
[GENERAL]      2026-04-19 19:15:12   Progress started: : "Backup", 2 operation(s)
[SAVE]         2026-04-19 19:15:12   Removing older backup: 94589810-c210-11ef-b2e6-99619d5a4f10_2026-04-15_21-31-10
[GENERAL]      2026-04-19 19:15:12   Progress completed: "Backup" (0s)
[SAVE]         2026-04-19 19:15:12     Done!
[GENERAL]      2026-04-19 19:15:12   Progress created.
[RENDER]       2026-04-19 19:15:12   Rendering world bg...
[GENERAL]      2026-04-19 19:15:12   Progress started: : "Preparing levels...", 15 operation(s)
[GENERAL]      2026-04-19 19:15:13   Progress completed: "Preparing levels..." (0.3s)
[SAVE]         2026-04-19 19:15:13   => SavingMainFile...
[GENERAL]      2026-04-19 19:15:13   Progress created.
[RENDER]       2026-04-19 19:15:13   Rendering world bg...
[GENERAL]      2026-04-19 19:15:13   Progress started: : "Saving main file...", 2 operation(s)
[SAVE]         2026-04-19 19:15:13     Preparing SavingData...
[SAVE]         2026-04-19 19:15:13     Writing /home/angrycompany16/gamedev/go/mask_of_the_tomb/assets/LDTK/world.ldtk...
[GENERAL]      2026-04-19 19:15:13   Progress completed: "Saving main file..." (0.4s)
[FILE]         2026-04-19 19:15:13   Emptying dir /home/angrycompany16/gamedev/go/mask_of_the_tomb/assets/LDTK/world (onlyExts=[ldtkl])...
[SAVE]         2026-04-19 19:15:13   => Done...
[SAVE]         2026-04-19 19:15:13   Saving complete (world.ldtk)
[FILE]         2026-04-19 19:15:13   Saved "world.ldtk".
[EVENT]        2026-04-19 19:15:13   ProjectSaved
[RENDER]       2026-04-19 19:15:13   Rendering world bg...
[RENDER]       2026-04-19 19:15:13   Rendering world level fields data.Level#e52cfcd0-1030-11f0-b12c-fb81b8dc6f61 "Level_8"...
[EVENT]        2026-04-19 19:15:14   LayerInstanceEditedByTool
[EVENT]        2026-04-19 19:15:14   LevelJsonCacheInvalidated
[RENDER]       2026-04-19 19:15:14   Rendering world level fields data.Level#e52cfcd0-1030-11f0-b12c-fb81b8dc6f61 "Level_8"...
[EVENT]        2026-04-19 19:15:14   LayerInstanceEditedByTool
[USERACTION]   2026-04-19 19:15:14   IntGridTool: mode=Add, in LayerInst#28 "Playerspace" [IntGrid]
[SAVE]         2026-04-19 19:15:15   Preparing project saving: /home/angrycompany16/gamedev/go/mask_of_the_tomb/assets/LDTK/world.ldtk...
[SAVE]         2026-04-19 19:15:15   => PreChecks...
[SAVE]         2026-04-19 19:15:15   => BeforeSavingActions...
[EVENT]        2026-04-19 19:15:15   BeforeProjectSaving
[SAVE]         2026-04-19 19:15:15   => AutoLayers...
[SAVE]         2026-04-19 19:15:15   => Backup...
[SAVE]         2026-04-19 19:15:15   Backing up /home/angrycompany16/gamedev/go/mask_of_the_tomb/assets/LDTK to /home/angrycompany16/gamedev/go/mask_of_the_tomb/assets/LDTK/world/backups/94589810-c210-11ef-b2e6-99619d5a4f10_2026-04-19_19-15-15...
[SAVE]         2026-04-19 19:15:15     Found 1 files.
[GENERAL]      2026-04-19 19:15:15   Progress created.
[RENDER]       2026-04-19 19:15:15   Rendering world bg...
[GENERAL]      2026-04-19 19:15:15   Progress started: : "Backup", 2 operation(s)
[SAVE]         2026-04-19 19:15:15   Removing older backup: 94589810-c210-11ef-b2e6-99619d5a4f10_2026-04-15_21-45-15
[GENERAL]      2026-04-19 19:15:15   Progress completed: "Backup" (0s)
[SAVE]         2026-04-19 19:15:15     Done!
[GENERAL]      2026-04-19 19:15:15   Progress created.
[RENDER]       2026-04-19 19:15:15   Rendering world bg...
[GENERAL]      2026-04-19 19:15:15   Progress started: : "Preparing levels...", 15 operation(s)
[GENERAL]      2026-04-19 19:15:15   Progress completed: "Preparing levels..." (0s)
[SAVE]         2026-04-19 19:15:15   => SavingMainFile...
[GENERAL]      2026-04-19 19:15:15   Progress created.
[RENDER]       2026-04-19 19:15:15   Rendering world bg...
[GENERAL]      2026-04-19 19:15:15   Progress started: : "Saving main file...", 2 operation(s)
[SAVE]         2026-04-19 19:15:15     Preparing SavingData...
[SAVE]         2026-04-19 19:15:16     Writing /home/angrycompany16/gamedev/go/mask_of_the_tomb/assets/LDTK/world.ldtk...
[GENERAL]      2026-04-19 19:15:16   Progress completed: "Saving main file..." (0.4s)
[FILE]         2026-04-19 19:15:16   Emptying dir /home/angrycompany16/gamedev/go/mask_of_the_tomb/assets/LDTK/world (onlyExts=[ldtkl])...
[SAVE]         2026-04-19 19:15:16   => Done...
[SAVE]         2026-04-19 19:15:16   Saving complete (world.ldtk)
[FILE]         2026-04-19 19:15:16   Saved "world.ldtk".
[EVENT]        2026-04-19 19:15:16   ProjectSaved
[RENDER]       2026-04-19 19:15:16   Rendering world bg...
[RENDER]       2026-04-19 19:15:16   Rendering world level fields data.Level#e52cfcd0-1030-11f0-b12c-fb81b8dc6f61 "Level_8"...
[USERACTION]   2026-04-19 19:15:27   IntGridTool: Rectangle, mode=Add, in LayerInst#28 "Playerspace" [IntGrid]
[EVENT]        2026-04-19 19:15:27   LayerInstanceEditedByTool
[EVENT]        2026-04-19 19:15:27   LevelJsonCacheInvalidated
[USERACTION]   2026-04-19 19:15:27   IntGridTool: mode=Add, in LayerInst#28 "Playerspace" [IntGrid]
[RENDER]       2026-04-19 19:15:27   Rendering world level fields data.Level#e52cfcd0-1030-11f0-b12c-fb81b8dc6f61 "Level_8"...
[USERACTION]   2026-04-19 19:15:36   IntGridTool: Rectangle, mode=Remove, in LayerInst#28 "Playerspace" [IntGrid]
[EVENT]        2026-04-19 19:15:36   LayerInstanceEditedByTool
[USERACTION]   2026-04-19 19:15:36   IntGridTool: mode=Remove, in LayerInst#28 "Playerspace" [IntGrid]
[USERACTION]   2026-04-19 19:15:39   IntGridTool: Rectangle, mode=Add, in LayerInst#28 "Playerspace" [IntGrid]
[EVENT]        2026-04-19 19:15:39   LayerInstanceEditedByTool
[USERACTION]   2026-04-19 19:15:39   IntGridTool: mode=Add, in LayerInst#28 "Playerspace" [IntGrid]
[USERACTION]   2026-04-19 19:15:43   IntGridTool: Rectangle, mode=Remove, in LayerInst#28 "Playerspace" [IntGrid]
[EVENT]        2026-04-19 19:15:43   LayerInstanceEditedByTool
[USERACTION]   2026-04-19 19:15:43   IntGridTool: mode=Remove, in LayerInst#28 "Playerspace" [IntGrid]
[USERACTION]   2026-04-19 19:16:04   IntGridTool: Rectangle, mode=Remove, in LayerInst#28 "Playerspace" [IntGrid]
[EVENT]        2026-04-19 19:16:04   LayerInstanceEditedByTool
[USERACTION]   2026-04-19 19:16:04   IntGridTool: mode=Remove, in LayerInst#28 "Playerspace" [IntGrid]
[RENDER]       2026-04-19 19:16:05   Rendering world bg...
[EVENT]        2026-04-19 19:16:05   LayerInstanceSelected 23
[RENDER]       2026-04-19 19:16:05   Rendered level UI
[EVENT]        2026-04-19 19:16:06   LayerInstanceSelected 266
[RENDER]       2026-04-19 19:16:06   Rendered level UI
[RENDER]       2026-04-19 19:16:06   Rendering world bg...
[RENDER]       2026-04-19 19:16:07   Rendering world bg...
[RENDER]       2026-04-19 19:16:08   Rendering world bg...
[RENDER]       2026-04-19 19:16:08   Rendering world bg...
[RENDER]       2026-04-19 19:16:08   Rendering world bg...
[EVENT]        2026-04-19 19:16:10   LayerInstanceEditedByTool
[USERACTION]   2026-04-19 19:16:10   EntityTool: mode=Add, in LayerInst#266 "Entities" [Entities]
[FILE]         2026-04-19 19:16:10   Reading HTML template entityInstanceEditor from cache
[USERACTION]   2026-04-19 19:16:10   Added entity EntityInst "Slambox" @120,32
[EVENT]        2026-04-19 19:16:10   EntityInstanceAdded 83
[RENDER]       2026-04-19 19:16:10   Rendering world bg...
[EVENT]        2026-04-19 19:16:10   EntityInstanceChanged 83
[RENDER]       2026-04-19 19:16:10   Rendering world bg...
[EVENT]        2026-04-19 19:16:10   EntityInstanceChanged 83
[RENDER]       2026-04-19 19:16:10   Rendering world bg...
[EVENT]        2026-04-19 19:16:10   EntityInstanceChanged 83
[RENDER]       2026-04-19 19:16:10   Rendering world bg...
[EVENT]        2026-04-19 19:16:10   EntityInstanceChanged 83
[RENDER]       2026-04-19 19:16:10   Rendering world bg...
[EVENT]        2026-04-19 19:16:10   EntityInstanceChanged 83
[RENDER]       2026-04-19 19:16:10   Rendering world bg...
[EVENT]        2026-04-19 19:16:10   EntityInstanceChanged 83
[RENDER]       2026-04-19 19:16:10   Rendering world bg...
[EVENT]        2026-04-19 19:16:10   EntityInstanceChanged 83
[RENDER]       2026-04-19 19:16:10   Rendering world bg...
[EVENT]        2026-04-19 19:16:10   EntityInstanceChanged 83
[RENDER]       2026-04-19 19:16:10   Rendering world bg...
[EVENT]        2026-04-19 19:16:10   EntityInstanceChanged 83
[RENDER]       2026-04-19 19:16:11   Rendering world bg...
[EVENT]        2026-04-19 19:16:11   EntityInstanceChanged 83
[RENDER]       2026-04-19 19:16:11   Rendering world bg...
[EVENT]        2026-04-19 19:16:11   EntityInstanceChanged 83
[RENDER]       2026-04-19 19:16:11   Rendering world bg...
[EVENT]        2026-04-19 19:16:11   EntityInstanceChanged 83
[RENDER]       2026-04-19 19:16:11   Rendering world bg...
[EVENT]        2026-04-19 19:16:11   EntityInstanceChanged 83
[RENDER]       2026-04-19 19:16:11   Rendering world bg...
[EVENT]        2026-04-19 19:16:11   EntityInstanceChanged 83
[RENDER]       2026-04-19 19:16:11   Rendering world bg...
[EVENT]        2026-04-19 19:16:11   EntityInstanceChanged 83
[RENDER]       2026-04-19 19:16:11   Rendering world bg...
[EVENT]        2026-04-19 19:16:11   EntityInstanceChanged 83
[RENDER]       2026-04-19 19:16:11   Rendering world bg...
[EVENT]        2026-04-19 19:16:11   EntityInstanceChanged 83
[RENDER]       2026-04-19 19:16:11   Rendering world bg...
[EVENT]        2026-04-19 19:16:11   EntityInstanceChanged 83
[RENDER]       2026-04-19 19:16:11   Rendering world bg...
[EVENT]        2026-04-19 19:16:11   EntityInstanceChanged 83
[RENDER]       2026-04-19 19:16:11   Rendering world bg...
[EVENT]        2026-04-19 19:16:11   EntityInstanceChanged 83
[RENDER]       2026-04-19 19:16:11   Rendering world bg...
[EVENT]        2026-04-19 19:16:11   EntityInstanceChanged 83
[RENDER]       2026-04-19 19:16:11   Rendering world bg...
[EVENT]        2026-04-19 19:16:11   EntityInstanceChanged 83
[RENDER]       2026-04-19 19:16:11   Rendering world bg...
[EVENT]        2026-04-19 19:16:11   EntityInstanceChanged 83
[RENDER]       2026-04-19 19:16:11   Rendering world bg...
[EVENT]        2026-04-19 19:16:11   EntityInstanceChanged 83
[RENDER]       2026-04-19 19:16:11   Rendering world bg...
[EVENT]        2026-04-19 19:16:11   EntityInstanceChanged 83
[RENDER]       2026-04-19 19:16:11   Rendering world bg...
[EVENT]        2026-04-19 19:16:11   EntityInstanceChanged 83
[RENDER]       2026-04-19 19:16:11   Rendering world bg...
[EVENT]        2026-04-19 19:16:11   EntityInstanceChanged 83
[RENDER]       2026-04-19 19:16:11   Rendering world bg...
[EVENT]        2026-04-19 19:16:11   EntityInstanceChanged 83
[RENDER]       2026-04-19 19:16:11   Rendering world bg...
[EVENT]        2026-04-19 19:16:14   EntityInstanceChanged 83
[EVENT]        2026-04-19 19:16:14   LayerInstanceChangedGlobally 266
[EVENT]        2026-04-19 19:16:14   LayerInstanceEditedByTool
[USERACTION]   2026-04-19 19:16:14   SelectionTool: mode=Add, in LayerInst#266 "Entities" [Entities]
[RENDER]       2026-04-19 19:16:14   Rendering world bg...
[EVENT]        2026-04-19 19:16:16   EntityInstanceChanged 83
[RENDER]       2026-04-19 19:16:16   Rendering world bg...
[EVENT]        2026-04-19 19:16:16   EntityInstanceChanged 83
[RENDER]       2026-04-19 19:16:16   Rendering world bg...
[EVENT]        2026-04-19 19:16:16   EntityInstanceChanged 83
[RENDER]       2026-04-19 19:16:16   Rendering world bg...
[EVENT]        2026-04-19 19:16:16   EntityInstanceChanged 83
[RENDER]       2026-04-19 19:16:16   Rendering world bg...
[EVENT]        2026-04-19 19:16:16   EntityInstanceChanged 83
[RENDER]       2026-04-19 19:16:16   Rendering world bg...
[EVENT]        2026-04-19 19:16:16   EntityInstanceChanged 83
[RENDER]       2026-04-19 19:16:16   Rendering world bg...
[EVENT]        2026-04-19 19:16:16   EntityInstanceChanged 83
[RENDER]       2026-04-19 19:16:16   Rendering world bg...
[EVENT]        2026-04-19 19:16:16   EntityInstanceChanged 83
[RENDER]       2026-04-19 19:16:16   Rendering world bg...
[EVENT]        2026-04-19 19:16:16   EntityInstanceChanged 83
[RENDER]       2026-04-19 19:16:16   Rendering world bg...
[EVENT]        2026-04-19 19:16:16   EntityInstanceChanged 83
[RENDER]       2026-04-19 19:16:16   Rendering world bg...
[EVENT]        2026-04-19 19:16:17   EntityInstanceChanged 83
[EVENT]        2026-04-19 19:16:17   LayerInstanceChangedGlobally 266
[EVENT]        2026-04-19 19:16:17   LayerInstanceEditedByTool
[USERACTION]   2026-04-19 19:16:17   SelectionTool: mode=Add, in LayerInst#266 "Entities" [Entities]
[RENDER]       2026-04-19 19:16:17   Rendering world bg...
[EVENT]        2026-04-19 19:16:17   EntityInstanceChanged 83
[RENDER]       2026-04-19 19:16:17   Rendering world bg...
[EVENT]        2026-04-19 19:16:17   EntityInstanceChanged 83
[RENDER]       2026-04-19 19:16:17   Rendering world bg...
[EVENT]        2026-04-19 19:16:17   EntityInstanceChanged 83
[RENDER]       2026-04-19 19:16:18   Rendering world bg...
[EVENT]        2026-04-19 19:16:18   EntityInstanceChanged 83
[RENDER]       2026-04-19 19:16:18   Rendering world bg...
[EVENT]        2026-04-19 19:16:18   EntityInstanceChanged 83
[RENDER]       2026-04-19 19:16:18   Rendering world bg...
[EVENT]        2026-04-19 19:16:18   EntityInstanceChanged 83
[RENDER]       2026-04-19 19:16:18   Rendering world bg...
[EVENT]        2026-04-19 19:16:18   EntityInstanceChanged 83
[RENDER]       2026-04-19 19:16:18   Rendering world bg...
[EVENT]        2026-04-19 19:16:18   EntityInstanceChanged 83
[RENDER]       2026-04-19 19:16:18   Rendering world bg...
[EVENT]        2026-04-19 19:16:18   EntityInstanceChanged 83
[RENDER]       2026-04-19 19:16:18   Rendering world bg...
[EVENT]        2026-04-19 19:16:18   EntityInstanceChanged 83
[RENDER]       2026-04-19 19:16:18   Rendering world bg...
[EVENT]        2026-04-19 19:16:18   EntityInstanceChanged 83
[RENDER]       2026-04-19 19:16:18   Rendering world bg...
[EVENT]        2026-04-19 19:16:18   EntityInstanceChanged 83
[RENDER]       2026-04-19 19:16:18   Rendering world bg...
[EVENT]        2026-04-19 19:16:18   EntityInstanceChanged 83
[RENDER]       2026-04-19 19:16:18   Rendering world bg...
[EVENT]        2026-04-19 19:16:18   EntityInstanceChanged 83
[RENDER]       2026-04-19 19:16:18   Rendering world bg...
[EVENT]        2026-04-19 19:16:18   EntityInstanceChanged 83
[RENDER]       2026-04-19 19:16:18   Rendering world bg...
[EVENT]        2026-04-19 19:16:18   EntityInstanceChanged 83
[RENDER]       2026-04-19 19:16:18   Rendering world bg...
[EVENT]        2026-04-19 19:16:19   EntityInstanceChanged 83
[RENDER]       2026-04-19 19:16:19   Rendering world bg...
[EVENT]        2026-04-19 19:16:19   EntityInstanceChanged 83
[RENDER]       2026-04-19 19:16:19   Rendering world bg...
[EVENT]        2026-04-19 19:16:19   EntityInstanceChanged 83
[RENDER]       2026-04-19 19:16:19   Rendering world bg...
[EVENT]        2026-04-19 19:16:19   EntityInstanceChanged 83
[RENDER]       2026-04-19 19:16:19   Rendering world bg...
[EVENT]        2026-04-19 19:16:19   EntityInstanceChanged 83
[RENDER]       2026-04-19 19:16:19   Rendering world bg...
[EVENT]        2026-04-19 19:16:19   EntityInstanceChanged 83
[RENDER]       2026-04-19 19:16:19   Rendering world bg...
[EVENT]        2026-04-19 19:16:19   EntityInstanceChanged 83
[RENDER]       2026-04-19 19:16:19   Rendering world bg...
[EVENT]        2026-04-19 19:16:19   EntityInstanceChanged 83
[RENDER]       2026-04-19 19:16:19   Rendering world bg...
[EVENT]        2026-04-19 19:16:24   EntityInstanceChanged 83
[EVENT]        2026-04-19 19:16:24   LayerInstanceChangedGlobally 266
[EVENT]        2026-04-19 19:16:24   LayerInstanceEditedByTool
[USERACTION]   2026-04-19 19:16:24   SelectionTool: mode=Add, in LayerInst#266 "Entities" [Entities]
[RENDER]       2026-04-19 19:16:24   Rendering world bg...
[EVENT]        2026-04-19 19:16:33   LayerInstanceSelected 28
[RENDER]       2026-04-19 19:16:33   Rendered level UI
[USERACTION]   2026-04-19 19:16:48   IntGridTool: Rectangle, mode=Add, in LayerInst#28 "Playerspace" [IntGrid]
[EVENT]        2026-04-19 19:16:48   LayerInstanceEditedByTool
[USERACTION]   2026-04-19 19:16:48   IntGridTool: mode=Add, in LayerInst#28 "Playerspace" [IntGrid]
[USERACTION]   2026-04-19 19:16:48   Undo
[EVENT]        2026-04-19 19:16:48   LayerInstancesRestoredFromHistory Entities,Foreground,PlayerspaceAlt,Playerspace,Props,MidgroundSprites,BackgroundTiles
[RENDER]       2026-04-19 19:16:48   Rendering world bg...
[USERACTION]   2026-04-19 19:17:06   IntGridTool: Rectangle, mode=Add, in LayerInst#28 "Playerspace" [IntGrid]
[EVENT]        2026-04-19 19:17:06   LayerInstanceEditedByTool
[USERACTION]   2026-04-19 19:17:06   IntGridTool: mode=Add, in LayerInst#28 "Playerspace" [IntGrid]
[USERACTION]   2026-04-19 19:17:08   Undo
[EVENT]        2026-04-19 19:17:08   LayerInstancesRestoredFromHistory Entities,Foreground,PlayerspaceAlt,Playerspace,Props,MidgroundSprites,BackgroundTiles
[RENDER]       2026-04-19 19:17:08   Rendering world bg...
[SAVE]         2026-04-19 19:17:08   Preparing project saving: /home/angrycompany16/gamedev/go/mask_of_the_tomb/assets/LDTK/world.ldtk...
[CACHE]        2026-04-19 19:17:08   Garbaging unused image LdtkIcons_336_208_16_16...
[CACHE]        2026-04-19 19:17:08   Disposing cached image LdtkIcons_336_208_16_16...
[CACHE]        2026-04-19 19:17:08   Garbaging unused image LdtkIcons_336_176_16_16...
[CACHE]        2026-04-19 19:17:08   Disposing cached image LdtkIcons_336_176_16_16...
[CACHE]        2026-04-19 19:17:08   Garbaging unused image LdtkIcons_176_16_16_16...
[CACHE]        2026-04-19 19:17:08   Disposing cached image LdtkIcons_176_16_16_16...
[SAVE]         2026-04-19 19:17:08   => PreChecks...
[SAVE]         2026-04-19 19:17:08   => BeforeSavingActions...
[EVENT]        2026-04-19 19:17:08   BeforeProjectSaving
[SAVE]         2026-04-19 19:17:08   => AutoLayers...
[SAVE]         2026-04-19 19:17:08   => Backup...
[SAVE]         2026-04-19 19:17:08   Backing up /home/angrycompany16/gamedev/go/mask_of_the_tomb/assets/LDTK to /home/angrycompany16/gamedev/go/mask_of_the_tomb/assets/LDTK/world/backups/94589810-c210-11ef-b2e6-99619d5a4f10_2026-04-19_19-17-08...
[SAVE]         2026-04-19 19:17:08     Found 1 files.
[GENERAL]      2026-04-19 19:17:08   Progress created.
[RENDER]       2026-04-19 19:17:08   Rendering world bg...
[GENERAL]      2026-04-19 19:17:08   Progress started: : "Backup", 2 operation(s)
[SAVE]         2026-04-19 19:17:08   Removing older backup: 94589810-c210-11ef-b2e6-99619d5a4f10_2026-04-19_18-20-26
[GENERAL]      2026-04-19 19:17:08   Progress completed: "Backup" (0s)
[SAVE]         2026-04-19 19:17:08     Done!
[GENERAL]      2026-04-19 19:17:08   Progress created.
[RENDER]       2026-04-19 19:17:08   Rendering world bg...
[GENERAL]      2026-04-19 19:17:08   Progress started: : "Preparing levels...", 15 operation(s)
[GENERAL]      2026-04-19 19:17:08   Progress completed: "Preparing levels..." (0s)
[SAVE]         2026-04-19 19:17:08   => SavingMainFile...
[GENERAL]      2026-04-19 19:17:08   Progress created.
[RENDER]       2026-04-19 19:17:08   Rendering world bg...
[GENERAL]      2026-04-19 19:17:08   Progress started: : "Saving main file...", 2 operation(s)
[SAVE]         2026-04-19 19:17:08     Preparing SavingData...
[SAVE]         2026-04-19 19:17:08     Writing /home/angrycompany16/gamedev/go/mask_of_the_tomb/assets/LDTK/world.ldtk...
[GENERAL]      2026-04-19 19:17:08   Progress completed: "Saving main file..." (0.4s)
[FILE]         2026-04-19 19:17:08   Emptying dir /home/angrycompany16/gamedev/go/mask_of_the_tomb/assets/LDTK/world (onlyExts=[ldtkl])...
[SAVE]         2026-04-19 19:17:08   => Done...
[SAVE]         2026-04-19 19:17:08   Saving complete (world.ldtk)
[FILE]         2026-04-19 19:17:08   Saved "world.ldtk".
[EVENT]        2026-04-19 19:17:08   ProjectSaved
[RENDER]       2026-04-19 19:17:08   Rendering world bg...
[RENDER]       2026-04-19 19:17:09   Rendering world level fields data.Level#e52cfcd0-1030-11f0-b12c-fb81b8dc6f61 "Level_8"...
[RENDER]       2026-04-19 19:17:30   Rendering world bg...
[EVENT]        2026-04-19 19:17:32   LayerInstanceSelected 266
[RENDER]       2026-04-19 19:17:32   Rendered level UI
[FILE]         2026-04-19 19:17:33   Reading HTML template entityInstanceEditor from cache
[RENDER]       2026-04-19 19:17:33   Rendering world bg...
[EVENT]        2026-04-19 19:17:34   EntityInstanceChanged 83
[EVENT]        2026-04-19 19:17:34   LevelJsonCacheInvalidated
[EVENT]        2026-04-19 19:17:34   LayerInstanceChangedGlobally 266
[EVENT]        2026-04-19 19:17:34   LayerInstanceEditedByTool
[USERACTION]   2026-04-19 19:17:34   SelectionTool: mode=Add, in LayerInst#266 "Entities" [Entities]
[RENDER]       2026-04-19 19:17:34   Rendering world level fields data.Level#e52cfcd0-1030-11f0-b12c-fb81b8dc6f61 "Level_8"...
[RENDER]       2026-04-19 19:17:34   Rendering world bg...
[FILE]         2026-04-19 19:17:35   Reading HTML template entityInstanceEditor from cache
[RENDER]       2026-04-19 19:17:36   Rendering world bg...
[FILE]         2026-04-19 19:17:38   Reading HTML template entityInstanceEditor from cache
[RENDER]       2026-04-19 19:17:38   Rendering world bg...
[FILE]         2026-04-19 19:17:40   Reading HTML template entityInstanceEditor from cache
[RENDER]       2026-04-19 19:17:40   Rendering world bg...
[FILE]         2026-04-19 19:17:47   Reading HTML template entityInstanceEditor from cache
[RENDER]       2026-04-19 19:17:47   Rendering world bg...
[EVENT]        2026-04-19 19:17:48   EntityInstanceChanged 83
[RENDER]       2026-04-19 19:17:48   Rendering world bg...
[EVENT]        2026-04-19 19:17:48   EntityInstanceChanged 83
[RENDER]       2026-04-19 19:17:48   Rendering world bg...
[EVENT]        2026-04-19 19:17:49   EntityInstanceChanged 83
[RENDER]       2026-04-19 19:17:49   Rendering world bg...
[EVENT]        2026-04-19 19:17:49   EntityInstanceChanged 83
[RENDER]       2026-04-19 19:17:49   Rendering world bg...
[EVENT]        2026-04-19 19:17:49   EntityInstanceChanged 83
[RENDER]       2026-04-19 19:17:49   Rendering world bg...
[EVENT]        2026-04-19 19:17:49   EntityInstanceChanged 83
[RENDER]       2026-04-19 19:17:49   Rendering world bg...
[EVENT]        2026-04-19 19:17:49   EntityInstanceChanged 83
[RENDER]       2026-04-19 19:17:49   Rendering world bg...
[EVENT]        2026-04-19 19:17:49   EntityInstanceChanged 83
[RENDER]       2026-04-19 19:17:49   Rendering world bg...
[EVENT]        2026-04-19 19:17:49   EntityInstanceChanged 83
[RENDER]       2026-04-19 19:17:49   Rendering world bg...
[EVENT]        2026-04-19 19:17:49   EntityInstanceChanged 83
[RENDER]       2026-04-19 19:17:49   Rendering world bg...
[EVENT]        2026-04-19 19:17:49   EntityInstanceChanged 83
[RENDER]       2026-04-19 19:17:49   Rendering world bg...
[EVENT]        2026-04-19 19:17:49   EntityInstanceChanged 83
[RENDER]       2026-04-19 19:17:49   Rendering world bg...
[EVENT]        2026-04-19 19:17:49   EntityInstanceChanged 83
[RENDER]       2026-04-19 19:17:49   Rendering world bg...
[EVENT]        2026-04-19 19:17:49   EntityInstanceChanged 83
[RENDER]       2026-04-19 19:17:49   Rendering world bg...
[EVENT]        2026-04-19 19:17:49   EntityInstanceChanged 83
[RENDER]       2026-04-19 19:17:49   Rendering world bg...
[EVENT]        2026-04-19 19:17:49   EntityInstanceChanged 83
[RENDER]       2026-04-19 19:17:49   Rendering world bg...
[EVENT]        2026-04-19 19:17:49   EntityInstanceChanged 83
[RENDER]       2026-04-19 19:17:49   Rendering world bg...
[EVENT]        2026-04-19 19:17:49   EntityInstanceChanged 83
[RENDER]       2026-04-19 19:17:49   Rendering world bg...
[EVENT]        2026-04-19 19:17:49   EntityInstanceChanged 83
[RENDER]       2026-04-19 19:17:49   Rendering world bg...
[EVENT]        2026-04-19 19:17:49   EntityInstanceChanged 83
[RENDER]       2026-04-19 19:17:49   Rendering world bg...
[EVENT]        2026-04-19 19:17:49   EntityInstanceChanged 83
[RENDER]       2026-04-19 19:17:49   Rendering world bg...
[EVENT]        2026-04-19 19:17:49   EntityInstanceChanged 83
[RENDER]       2026-04-19 19:17:49   Rendering world bg...
[EVENT]        2026-04-19 19:17:49   EntityInstanceChanged 83
[RENDER]       2026-04-19 19:17:49   Rendering world bg...
[EVENT]        2026-04-19 19:17:49   EntityInstanceChanged 83
[RENDER]       2026-04-19 19:17:49   Rendering world bg...
[EVENT]        2026-04-19 19:17:49   EntityInstanceChanged 83
[RENDER]       2026-04-19 19:17:49   Rendering world bg...
[EVENT]        2026-04-19 19:17:49   EntityInstanceChanged 83
[RENDER]       2026-04-19 19:17:49   Rendering world bg...
[EVENT]        2026-04-19 19:17:49   EntityInstanceChanged 83
[RENDER]       2026-04-19 19:17:49   Rendering world bg...
[EVENT]        2026-04-19 19:17:49   EntityInstanceChanged 83
[RENDER]       2026-04-19 19:17:49   Rendering world bg...
[EVENT]        2026-04-19 19:17:49   EntityInstanceChanged 83
[RENDER]       2026-04-19 19:17:49   Rendering world bg...
[EVENT]        2026-04-19 19:17:50   EntityInstanceChanged 83
[RENDER]       2026-04-19 19:17:50   Rendering world bg...
[EVENT]        2026-04-19 19:17:50   EntityInstanceChanged 83
[RENDER]       2026-04-19 19:17:50   Rendering world bg...
[EVENT]        2026-04-19 19:17:50   EntityInstanceChanged 83
[RENDER]       2026-04-19 19:17:50   Rendering world bg...
[EVENT]        2026-04-19 19:17:50   EntityInstanceChanged 83
[RENDER]       2026-04-19 19:17:50   Rendering world bg...
[EVENT]        2026-04-19 19:17:50   EntityInstanceChanged 83
[RENDER]       2026-04-19 19:17:50   Rendering world bg...
[EVENT]        2026-04-19 19:17:50   EntityInstanceChanged 83
[RENDER]       2026-04-19 19:17:50   Rendering world bg...
[EVENT]        2026-04-19 19:17:50   EntityInstanceChanged 83
[RENDER]       2026-04-19 19:17:50   Rendering world bg...
[EVENT]        2026-04-19 19:17:50   EntityInstanceChanged 83
[RENDER]       2026-04-19 19:17:50   Rendering world bg...
[EVENT]        2026-04-19 19:17:50   EntityInstanceChanged 83
[RENDER]       2026-04-19 19:17:50   Rendering world bg...
[EVENT]        2026-04-19 19:17:50   EntityInstanceChanged 83
[RENDER]       2026-04-19 19:17:50   Rendering world bg...
[FILE]         2026-04-19 19:17:53   Reading HTML template entityInstanceEditor from cache
[RENDER]       2026-04-19 19:17:53   Rendering world bg...
[EVENT]        2026-04-19 19:17:59   EntityInstanceChanged 83
[EVENT]        2026-04-19 19:17:59   LayerInstanceChangedGlobally 266
[EVENT]        2026-04-19 19:17:59   LayerInstanceEditedByTool
[USERACTION]   2026-04-19 19:17:59   SelectionTool: mode=Add, in LayerInst#266 "Entities" [Entities]
[RENDER]       2026-04-19 19:17:59   Rendering world bg...
[FILE]         2026-04-19 19:18:02   Reading HTML template entityInstanceEditor from cache
[RENDER]       2026-04-19 19:18:02   Rendering world bg...
[EVENT]        2026-04-19 19:18:04   EntityInstanceChanged 83
[EVENT]        2026-04-19 19:18:04   LayerInstanceChangedGlobally 266
[EVENT]        2026-04-19 19:18:04   LayerInstanceEditedByTool
[USERACTION]   2026-04-19 19:18:04   SelectionTool: mode=Add, in LayerInst#266 "Entities" [Entities]
[RENDER]       2026-04-19 19:18:04   Rendering world bg...
[FILE]         2026-04-19 19:18:08   Reading HTML template entityInstanceEditor from cache
[RENDER]       2026-04-19 19:18:08   Rendering world bg...
[EVENT]        2026-04-19 19:18:10   EntityInstanceChanged 83
[EVENT]        2026-04-19 19:18:10   LayerInstanceChangedGlobally 266
[EVENT]        2026-04-19 19:18:10   LayerInstanceEditedByTool
[USERACTION]   2026-04-19 19:18:10   SelectionTool: mode=Add, in LayerInst#266 "Entities" [Entities]
[RENDER]       2026-04-19 19:18:10   Rendering world bg...
[RENDER]       2026-04-19 19:18:15   Rendering world bg...
[EVENT]        2026-04-19 19:18:15   LayerInstanceSelected 113
[RENDER]       2026-04-19 19:18:16   Rendered level UI
[EVENT]        2026-04-19 19:18:16   LayerInstanceSelected 28
[RENDER]       2026-04-19 19:18:16   Rendered level UI
[USERACTION]   2026-04-19 19:18:24   IntGridTool: Rectangle, mode=Add, in LayerInst#28 "Playerspace" [IntGrid]
[EVENT]        2026-04-19 19:18:24   LayerInstanceEditedByTool
[USERACTION]   2026-04-19 19:18:24   IntGridTool: mode=Add, in LayerInst#28 "Playerspace" [IntGrid]
[SAVE]         2026-04-19 19:18:25   Preparing project saving: /home/angrycompany16/gamedev/go/mask_of_the_tomb/assets/LDTK/world.ldtk...
[CACHE]        2026-04-19 19:18:25   Garbaging unused image LdtkIcons_336_208_16_16...
[CACHE]        2026-04-19 19:18:25   Disposing cached image LdtkIcons_336_208_16_16...
[CACHE]        2026-04-19 19:18:25   Garbaging unused image LdtkIcons_336_176_16_16...
[CACHE]        2026-04-19 19:18:25   Disposing cached image LdtkIcons_336_176_16_16...
[CACHE]        2026-04-19 19:18:25   Garbaging unused image LdtkIcons_176_16_16_16...
[CACHE]        2026-04-19 19:18:25   Disposing cached image LdtkIcons_176_16_16_16...
[SAVE]         2026-04-19 19:18:25   => PreChecks...
[SAVE]         2026-04-19 19:18:25   => BeforeSavingActions...
[EVENT]        2026-04-19 19:18:25   BeforeProjectSaving
[SAVE]         2026-04-19 19:18:25   => AutoLayers...
[SAVE]         2026-04-19 19:18:25   => Backup...
[SAVE]         2026-04-19 19:18:25   Backing up /home/angrycompany16/gamedev/go/mask_of_the_tomb/assets/LDTK to /home/angrycompany16/gamedev/go/mask_of_the_tomb/assets/LDTK/world/backups/94589810-c210-11ef-b2e6-99619d5a4f10_2026-04-19_19-18-25...
[SAVE]         2026-04-19 19:18:25     Found 1 files.
[GENERAL]      2026-04-19 19:18:25   Progress created.
[RENDER]       2026-04-19 19:18:25   Rendering world bg...
[GENERAL]      2026-04-19 19:18:25   Progress started: : "Backup", 2 operation(s)
[SAVE]         2026-04-19 19:18:25   Removing older backup: 94589810-c210-11ef-b2e6-99619d5a4f10_2026-04-19_18-20-39
[GENERAL]      2026-04-19 19:18:25   Progress completed: "Backup" (0s)
[SAVE]         2026-04-19 19:18:25     Done!
[GENERAL]      2026-04-19 19:18:25   Progress created.
[RENDER]       2026-04-19 19:18:25   Rendering world bg...
[GENERAL]      2026-04-19 19:18:25   Progress started: : "Preparing levels...", 15 operation(s)
[GENERAL]      2026-04-19 19:18:25   Progress completed: "Preparing levels..." (0s)
[SAVE]         2026-04-19 19:18:25   => SavingMainFile...
[GENERAL]      2026-04-19 19:18:25   Progress created.
[RENDER]       2026-04-19 19:18:25   Rendering world bg...
[GENERAL]      2026-04-19 19:18:25   Progress started: : "Saving main file...", 2 operation(s)
[SAVE]         2026-04-19 19:18:25     Preparing SavingData...
[SAVE]         2026-04-19 19:18:26     Writing /home/angrycompany16/gamedev/go/mask_of_the_tomb/assets/LDTK/world.ldtk...
[GENERAL]      2026-04-19 19:18:26   Progress completed: "Saving main file..." (0.4s)
[FILE]         2026-04-19 19:18:26   Emptying dir /home/angrycompany16/gamedev/go/mask_of_the_tomb/assets/LDTK/world (onlyExts=[ldtkl])...
[SAVE]         2026-04-19 19:18:26   => Done...
[SAVE]         2026-04-19 19:18:26   Saving complete (world.ldtk)
[FILE]         2026-04-19 19:18:26   Saved "world.ldtk".
[EVENT]        2026-04-19 19:18:26   ProjectSaved
[RENDER]       2026-04-19 19:18:26   Rendering world bg...
[RENDER]       2026-04-19 19:18:26   Rendering world level fields data.Level#e52cfcd0-1030-11f0-b12c-fb81b8dc6f61 "Level_8"...
[RENDER]       2026-04-19 19:18:27   Rendering world bg...
[EVENT]        2026-04-19 19:18:27   LayerInstanceSelected 113
[RENDER]       2026-04-19 19:18:27   Rendered level UI
[EVENT]        2026-04-19 19:18:28   LayerInstanceSelected 266
[RENDER]       2026-04-19 19:18:28   Rendered level UI
[RENDER]       2026-04-19 19:18:28   Rendering world bg...
[FILE]         2026-04-19 19:18:48   Reading HTML template entityInstanceEditor from cache
[RENDER]       2026-04-19 19:18:48   Rendering world bg...
[EVENT]        2026-04-19 19:18:51   EntityInstanceChanged 83
[EVENT]        2026-04-19 19:18:51   LevelJsonCacheInvalidated
[EVENT]        2026-04-19 19:18:51   LayerInstanceChangedGlobally 266
[EVENT]        2026-04-19 19:18:51   LayerInstanceEditedByTool
[USERACTION]   2026-04-19 19:18:51   SelectionTool: mode=Add, in LayerInst#266 "Entities" [Entities]
[RENDER]       2026-04-19 19:18:51   Rendering world level fields data.Level#e52cfcd0-1030-11f0-b12c-fb81b8dc6f61 "Level_8"...
[RENDER]       2026-04-19 19:18:51   Rendering world bg...
[EVENT]        2026-04-19 19:18:53   EntityInstanceChanged 83
[EVENT]        2026-04-19 19:18:53   LayerInstanceChangedGlobally 266
[EVENT]        2026-04-19 19:18:53   LayerInstanceEditedByTool
[USERACTION]   2026-04-19 19:18:53   SelectionTool: mode=Add, in LayerInst#266 "Entities" [Entities]
[RENDER]       2026-04-19 19:18:53   Rendering world bg...
[EVENT]        2026-04-19 19:18:55   EntityInstanceChanged 83
[EVENT]        2026-04-19 19:18:55   LayerInstanceChangedGlobally 266
[EVENT]        2026-04-19 19:18:55   LayerInstanceEditedByTool
[USERACTION]   2026-04-19 19:18:55   SelectionTool: mode=Add, in LayerInst#266 "Entities" [Entities]
[RENDER]       2026-04-19 19:18:55   Rendering world bg...
[EVENT]        2026-04-19 19:18:56   LayerInstanceSelected 28
[RENDER]       2026-04-19 19:18:56   Rendered level UI
[RENDER]       2026-04-19 19:18:56   Rendering world bg...
[EVENT]        2026-04-19 19:18:57   LayerInstanceEditedByTool
[EVENT]        2026-04-19 19:18:57   LayerInstanceEditedByTool
[EVENT]        2026-04-19 19:18:57   LayerInstanceEditedByTool
[USERACTION]   2026-04-19 19:18:58   IntGridTool: mode=Add, in LayerInst#28 "Playerspace" [IntGrid]
[EVENT]        2026-04-19 19:18:58   LayerInstanceEditedByTool
[EVENT]        2026-04-19 19:18:58   LayerInstanceEditedByTool
[EVENT]        2026-04-19 19:18:58   LayerInstanceEditedByTool
[USERACTION]   2026-04-19 19:18:58   IntGridTool: mode=Remove, in LayerInst#28 "Playerspace" [IntGrid]
[EVENT]        2026-04-19 19:18:59   LayerInstanceEditedByTool
[EVENT]        2026-04-19 19:18:59   LayerInstanceEditedByTool
[EVENT]        2026-04-19 19:18:59   LayerInstanceEditedByTool
[USERACTION]   2026-04-19 19:18:59   IntGridTool: mode=Add, in LayerInst#28 "Playerspace" [IntGrid]
[EVENT]        2026-04-19 19:19:00   LayerInstanceEditedByTool
[EVENT]        2026-04-19 19:19:00   LayerInstanceEditedByTool
[EVENT]        2026-04-19 19:19:00   LayerInstanceEditedByTool
[USERACTION]   2026-04-19 19:19:00   IntGridTool: mode=Remove, in LayerInst#28 "Playerspace" [IntGrid]
[RENDER]       2026-04-19 19:19:01   Rendering world bg...
[RENDER]       2026-04-19 19:19:02   Rendering world bg...
[EVENT]        2026-04-19 19:19:03   LayerInstanceSelected 113
[RENDER]       2026-04-19 19:19:03   Rendered level UI
[EVENT]        2026-04-19 19:19:04   LayerInstanceSelected 266
[RENDER]       2026-04-19 19:19:04   Rendered level UI
[RENDER]       2026-04-19 19:19:04   Rendering world bg...
[FILE]         2026-04-19 19:19:05   Reading HTML template entityInstanceEditor from cache
[RENDER]       2026-04-19 19:19:05   Rendering world bg...
[EVENT]        2026-04-19 19:19:05   EntityInstanceChanged 292
[EVENT]        2026-04-19 19:19:05   LayerInstanceChangedGlobally 266
[EVENT]        2026-04-19 19:19:05   LayerInstanceEditedByTool
[USERACTION]   2026-04-19 19:19:05   SelectionTool: mode=Add, in LayerInst#266 "Entities" [Entities]
[RENDER]       2026-04-19 19:19:05   Rendering world bg...
[SAVE]         2026-04-19 19:19:06   Preparing project saving: /home/angrycompany16/gamedev/go/mask_of_the_tomb/assets/LDTK/world.ldtk...
[CACHE]        2026-04-19 19:19:06   Garbaging unused image LdtkIcons_336_208_16_16...
[CACHE]        2026-04-19 19:19:06   Disposing cached image LdtkIcons_336_208_16_16...
[CACHE]        2026-04-19 19:19:06   Garbaging unused image LdtkIcons_336_176_16_16...
[CACHE]        2026-04-19 19:19:06   Disposing cached image LdtkIcons_336_176_16_16...
[CACHE]        2026-04-19 19:19:06   Garbaging unused image LdtkIcons_176_16_16_16...
[CACHE]        2026-04-19 19:19:06   Disposing cached image LdtkIcons_176_16_16_16...
[SAVE]         2026-04-19 19:19:06   => PreChecks...
[SAVE]         2026-04-19 19:19:06   => BeforeSavingActions...
[EVENT]        2026-04-19 19:19:06   BeforeProjectSaving
[SAVE]         2026-04-19 19:19:06   => AutoLayers...
[SAVE]         2026-04-19 19:19:06   => Backup...
[SAVE]         2026-04-19 19:19:06   Backing up /home/angrycompany16/gamedev/go/mask_of_the_tomb/assets/LDTK to /home/angrycompany16/gamedev/go/mask_of_the_tomb/assets/LDTK/world/backups/94589810-c210-11ef-b2e6-99619d5a4f10_2026-04-19_19-19-06...
[SAVE]         2026-04-19 19:19:06     Found 1 files.
[GENERAL]      2026-04-19 19:19:06   Progress created.
[RENDER]       2026-04-19 19:19:06   Rendering world bg...
[GENERAL]      2026-04-19 19:19:06   Progress started: : "Backup", 2 operation(s)
[SAVE]         2026-04-19 19:19:06   Removing older backup: 94589810-c210-11ef-b2e6-99619d5a4f10_2026-04-19_18-21-10
[GENERAL]      2026-04-19 19:19:06   Progress completed: "Backup" (0s)
[SAVE]         2026-04-19 19:19:06     Done!
[GENERAL]      2026-04-19 19:19:06   Progress created.
[RENDER]       2026-04-19 19:19:06   Rendering world bg...
[GENERAL]      2026-04-19 19:19:06   Progress started: : "Preparing levels...", 15 operation(s)
[GENERAL]      2026-04-19 19:19:06   Progress completed: "Preparing levels..." (0s)
[SAVE]         2026-04-19 19:19:06   => SavingMainFile...
[GENERAL]      2026-04-19 19:19:06   Progress created.
[RENDER]       2026-04-19 19:19:06   Rendering world bg...
[GENERAL]      2026-04-19 19:19:06   Progress started: : "Saving main file...", 2 operation(s)
[SAVE]         2026-04-19 19:19:06     Preparing SavingData...
[SAVE]         2026-04-19 19:19:07     Writing /home/angrycompany16/gamedev/go/mask_of_the_tomb/assets/LDTK/world.ldtk...
[GENERAL]      2026-04-19 19:19:07   Progress completed: "Saving main file..." (0.3s)
[FILE]         2026-04-19 19:19:07   Emptying dir /home/angrycompany16/gamedev/go/mask_of_the_tomb/assets/LDTK/world (onlyExts=[ldtkl])...
[SAVE]         2026-04-19 19:19:07   => Done...
[SAVE]         2026-04-19 19:19:07   Saving complete (world.ldtk)
[FILE]         2026-04-19 19:19:07   Saved "world.ldtk".
[EVENT]        2026-04-19 19:19:07   ProjectSaved
[RENDER]       2026-04-19 19:19:07   Rendering world bg...
[RENDER]       2026-04-19 19:19:07   Rendering world level fields data.Level#e52cfcd0-1030-11f0-b12c-fb81b8dc6f61 "Level_8"...
[EVENT]        2026-04-19 19:19:10   LayerInstanceSelected 28
[RENDER]       2026-04-19 19:19:10   Rendered level UI
[RENDER]       2026-04-19 19:19:11   Rendering world bg...
[USERACTION]   2026-04-19 19:19:15   IntGridTool: Rectangle, mode=Remove, in LayerInst#28 "Playerspace" [IntGrid]
[EVENT]        2026-04-19 19:19:15   LayerInstanceEditedByTool
[EVENT]        2026-04-19 19:19:15   LevelJsonCacheInvalidated
[USERACTION]   2026-04-19 19:19:15   IntGridTool: mode=Remove, in LayerInst#28 "Playerspace" [IntGrid]
[RENDER]       2026-04-19 19:19:15   Rendering world level fields data.Level#e52cfcd0-1030-11f0-b12c-fb81b8dc6f61 "Level_8"...
[USERACTION]   2026-04-19 19:19:16   IntGridTool: Rectangle, mode=Remove, in LayerInst#28 "Playerspace" [IntGrid]
[EVENT]        2026-04-19 19:19:16   LayerInstanceEditedByTool
[USERACTION]   2026-04-19 19:19:16   IntGridTool: mode=Remove, in LayerInst#28 "Playerspace" [IntGrid]
[SAVE]         2026-04-19 19:19:16   Preparing project saving: /home/angrycompany16/gamedev/go/mask_of_the_tomb/assets/LDTK/world.ldtk...
[SAVE]         2026-04-19 19:19:16   => PreChecks...
[SAVE]         2026-04-19 19:19:16   => BeforeSavingActions...
[EVENT]        2026-04-19 19:19:16   BeforeProjectSaving
[SAVE]         2026-04-19 19:19:16   => AutoLayers...
[SAVE]         2026-04-19 19:19:16   => Backup...
[SAVE]         2026-04-19 19:19:16   Backing up /home/angrycompany16/gamedev/go/mask_of_the_tomb/assets/LDTK to /home/angrycompany16/gamedev/go/mask_of_the_tomb/assets/LDTK/world/backups/94589810-c210-11ef-b2e6-99619d5a4f10_2026-04-19_19-19-16...
[SAVE]         2026-04-19 19:19:16     Found 1 files.
[GENERAL]      2026-04-19 19:19:16   Progress created.
[RENDER]       2026-04-19 19:19:16   Rendering world bg...
[GENERAL]      2026-04-19 19:19:16   Progress started: : "Backup", 2 operation(s)
[SAVE]         2026-04-19 19:19:16   Removing older backup: 94589810-c210-11ef-b2e6-99619d5a4f10_2026-04-19_19-02-10
[GENERAL]      2026-04-19 19:19:16   Progress completed: "Backup" (0s)
[SAVE]         2026-04-19 19:19:16     Done!
[GENERAL]      2026-04-19 19:19:16   Progress created.
[RENDER]       2026-04-19 19:19:16   Rendering world bg...
[GENERAL]      2026-04-19 19:19:16   Progress started: : "Preparing levels...", 15 operation(s)
[GENERAL]      2026-04-19 19:19:16   Progress completed: "Preparing levels..." (0s)
[SAVE]         2026-04-19 19:19:16   => SavingMainFile...
[GENERAL]      2026-04-19 19:19:16   Progress created.
[RENDER]       2026-04-19 19:19:16   Rendering world bg...
[GENERAL]      2026-04-19 19:19:16   Progress started: : "Saving main file...", 2 operation(s)
[SAVE]         2026-04-19 19:19:16     Preparing SavingData...
[SAVE]         2026-04-19 19:19:17     Writing /home/angrycompany16/gamedev/go/mask_of_the_tomb/assets/LDTK/world.ldtk...
[GENERAL]      2026-04-19 19:19:17   Progress completed: "Saving main file..." (0.4s)
[FILE]         2026-04-19 19:19:17   Emptying dir /home/angrycompany16/gamedev/go/mask_of_the_tomb/assets/LDTK/world (onlyExts=[ldtkl])...
[SAVE]         2026-04-19 19:19:17   => Done...
[SAVE]         2026-04-19 19:19:17   Saving complete (world.ldtk)
[FILE]         2026-04-19 19:19:17   Saved "world.ldtk".
[EVENT]        2026-04-19 19:19:17   ProjectSaved
[RENDER]       2026-04-19 19:19:17   Rendering world bg...
[RENDER]       2026-04-19 19:19:17   Rendering world level fields data.Level#e52cfcd0-1030-11f0-b12c-fb81b8dc6f61 "Level_8"...
[USERACTION]   2026-04-19 19:19:22   IntGridTool: Rectangle, mode=Add, in LayerInst#28 "Playerspace" [IntGrid]
[EVENT]        2026-04-19 19:19:22   LayerInstanceEditedByTool
[EVENT]        2026-04-19 19:19:22   LevelJsonCacheInvalidated
[USERACTION]   2026-04-19 19:19:22   IntGridTool: mode=Add, in LayerInst#28 "Playerspace" [IntGrid]
[RENDER]       2026-04-19 19:19:22   Rendering world level fields data.Level#e52cfcd0-1030-11f0-b12c-fb81b8dc6f61 "Level_8"...
[SAVE]         2026-04-19 19:19:22   Preparing project saving: /home/angrycompany16/gamedev/go/mask_of_the_tomb/assets/LDTK/world.ldtk...
[SAVE]         2026-04-19 19:19:22   => PreChecks...
[SAVE]         2026-04-19 19:19:22   => BeforeSavingActions...
[EVENT]        2026-04-19 19:19:22   BeforeProjectSaving
[SAVE]         2026-04-19 19:19:22   => AutoLayers...
[SAVE]         2026-04-19 19:19:22   => Backup...
[SAVE]         2026-04-19 19:19:22   Backing up /home/angrycompany16/gamedev/go/mask_of_the_tomb/assets/LDTK to /home/angrycompany16/gamedev/go/mask_of_the_tomb/assets/LDTK/world/backups/94589810-c210-11ef-b2e6-99619d5a4f10_2026-04-19_19-19-22...
[SAVE]         2026-04-19 19:19:22     Found 1 files.
[GENERAL]      2026-04-19 19:19:22   Progress created.
[RENDER]       2026-04-19 19:19:22   Rendering world bg...
[GENERAL]      2026-04-19 19:19:22   Progress started: : "Backup", 2 operation(s)
[SAVE]         2026-04-19 19:19:22   Removing older backup: 94589810-c210-11ef-b2e6-99619d5a4f10_2026-04-19_19-08-46
[GENERAL]      2026-04-19 19:19:22   Progress completed: "Backup" (0s)
[SAVE]         2026-04-19 19:19:23     Done!
[GENERAL]      2026-04-19 19:19:23   Progress created.
[RENDER]       2026-04-19 19:19:23   Rendering world bg...
[GENERAL]      2026-04-19 19:19:23   Progress started: : "Preparing levels...", 15 operation(s)
[GENERAL]      2026-04-19 19:19:23   Progress completed: "Preparing levels..." (0s)
[SAVE]         2026-04-19 19:19:23   => SavingMainFile...
[GENERAL]      2026-04-19 19:19:23   Progress created.
[RENDER]       2026-04-19 19:19:23   Rendering world bg...
[GENERAL]      2026-04-19 19:19:23   Progress started: : "Saving main file...", 2 operation(s)
[SAVE]         2026-04-19 19:19:23     Preparing SavingData...
[SAVE]         2026-04-19 19:19:23     Writing /home/angrycompany16/gamedev/go/mask_of_the_tomb/assets/LDTK/world.ldtk...
[GENERAL]      2026-04-19 19:19:23   Progress completed: "Saving main file..." (0.4s)
[FILE]         2026-04-19 19:19:23   Emptying dir /home/angrycompany16/gamedev/go/mask_of_the_tomb/assets/LDTK/world (onlyExts=[ldtkl])...
[SAVE]         2026-04-19 19:19:23   => Done...
[SAVE]         2026-04-19 19:19:23   Saving complete (world.ldtk)
[FILE]         2026-04-19 19:19:23   Saved "world.ldtk".
[EVENT]        2026-04-19 19:19:23   ProjectSaved
[RENDER]       2026-04-19 19:19:23   Rendering world bg...
[RENDER]       2026-04-19 19:19:23   Rendering world level fields data.Level#e52cfcd0-1030-11f0-b12c-fb81b8dc6f61 "Level_8"...
[EVENT]        2026-04-19 19:19:26   LayerInstanceSelected 266
[RENDER]       2026-04-19 19:19:26   Rendered level UI
[RENDER]       2026-04-19 19:19:26   Rendering world bg...
[EVENT]        2026-04-19 19:19:28   LayerInstanceEditedByTool
[EVENT]        2026-04-19 19:19:28   LevelJsonCacheInvalidated
[USERACTION]   2026-04-19 19:19:28   EntityTool: mode=Add, in LayerInst#266 "Entities" [Entities]
[FILE]         2026-04-19 19:19:28   Reading HTML template entityInstanceEditor from cache
[USERACTION]   2026-04-19 19:19:28   Added entity EntityInst "Platform" @400,176
[EVENT]        2026-04-19 19:19:28   EntityInstanceAdded 292
[RENDER]       2026-04-19 19:19:28   Rendering world bg...
[RENDER]       2026-04-19 19:19:28   Rendering world level fields data.Level#e52cfcd0-1030-11f0-b12c-fb81b8dc6f61 "Level_8"...
[EVENT]        2026-04-19 19:19:29   EntityInstanceChanged 292
[RENDER]       2026-04-19 19:19:29   Rendering world bg...
[EVENT]        2026-04-19 19:19:29   EntityInstanceChanged 292
[RENDER]       2026-04-19 19:19:29   Rendering world bg...
[EVENT]        2026-04-19 19:19:29   EntityInstanceChanged 292
[RENDER]       2026-04-19 19:19:29   Rendering world bg...
[EVENT]        2026-04-19 19:19:29   EntityInstanceChanged 292
[RENDER]       2026-04-19 19:19:29   Rendering world bg...
[EVENT]        2026-04-19 19:19:29   EntityInstanceChanged 292
[RENDER]       2026-04-19 19:19:29   Rendering world bg...
[EVENT]        2026-04-19 19:19:29   EntityInstanceChanged 292
[RENDER]       2026-04-19 19:19:29   Rendering world bg...
[EVENT]        2026-04-19 19:19:29   EntityInstanceChanged 292
[RENDER]       2026-04-19 19:19:29   Rendering world bg...
[EVENT]        2026-04-19 19:19:29   EntityInstanceChanged 292
[RENDER]       2026-04-19 19:19:29   Rendering world bg...
[EVENT]        2026-04-19 19:19:29   EntityInstanceChanged 292
[RENDER]       2026-04-19 19:19:29   Rendering world bg...
[EVENT]        2026-04-19 19:19:30   EntityInstanceChanged 292
[RENDER]       2026-04-19 19:19:30   Rendering world bg...
[EVENT]        2026-04-19 19:19:30   EntityInstanceChanged 292
[RENDER]       2026-04-19 19:19:30   Rendering world bg...
[EVENT]        2026-04-19 19:19:30   EntityInstanceChanged 292
[RENDER]       2026-04-19 19:19:30   Rendering world bg...
[EVENT]        2026-04-19 19:19:30   EntityInstanceChanged 292
[RENDER]       2026-04-19 19:19:30   Rendering world bg...
[EVENT]        2026-04-19 19:19:30   EntityInstanceChanged 292
[RENDER]       2026-04-19 19:19:30   Rendering world bg...
[EVENT]        2026-04-19 19:19:30   EntityInstanceChanged 292
[RENDER]       2026-04-19 19:19:30   Rendering world bg...
[EVENT]        2026-04-19 19:19:30   EntityInstanceChanged 292
[RENDER]       2026-04-19 19:19:30   Rendering world bg...
[EVENT]        2026-04-19 19:19:30   EntityInstanceChanged 292
[RENDER]       2026-04-19 19:19:30   Rendering world bg...
[EVENT]        2026-04-19 19:19:30   EntityInstanceChanged 292
[RENDER]       2026-04-19 19:19:30   Rendering world bg...
[EVENT]        2026-04-19 19:19:31   EntityInstanceChanged 292
[RENDER]       2026-04-19 19:19:31   Rendering world bg...
[EVENT]        2026-04-19 19:19:31   EntityInstanceChanged 292
[RENDER]       2026-04-19 19:19:31   Rendering world bg...
[EVENT]        2026-04-19 19:19:31   EntityInstanceChanged 292
[RENDER]       2026-04-19 19:19:31   Rendering world bg...
[EVENT]        2026-04-19 19:19:31   EntityInstanceChanged 292
[RENDER]       2026-04-19 19:19:31   Rendering world bg...
[EVENT]        2026-04-19 19:19:31   EntityInstanceChanged 292
[RENDER]       2026-04-19 19:19:31   Rendering world bg...
[EVENT]        2026-04-19 19:19:31   EntityInstanceChanged 292
[RENDER]       2026-04-19 19:19:31   Rendering world bg...
[EVENT]        2026-04-19 19:19:31   EntityInstanceChanged 292
[RENDER]       2026-04-19 19:19:31   Rendering world bg...
[EVENT]        2026-04-19 19:19:31   EntityInstanceChanged 292
[RENDER]       2026-04-19 19:19:31   Rendering world bg...
[EVENT]        2026-04-19 19:19:31   EntityInstanceChanged 292
[RENDER]       2026-04-19 19:19:31   Rendering world bg...
[EVENT]        2026-04-19 19:19:31   EntityInstanceChanged 292
[RENDER]       2026-04-19 19:19:31   Rendering world bg...
[EVENT]        2026-04-19 19:19:31   EntityInstanceChanged 292
[RENDER]       2026-04-19 19:19:31   Rendering world bg...
[EVENT]        2026-04-19 19:19:31   EntityInstanceChanged 292
[RENDER]       2026-04-19 19:19:31   Rendering world bg...
[EVENT]        2026-04-19 19:19:31   EntityInstanceChanged 292
[RENDER]       2026-04-19 19:19:31   Rendering world bg...
[EVENT]        2026-04-19 19:19:31   EntityInstanceChanged 292
[RENDER]       2026-04-19 19:19:31   Rendering world bg...
[EVENT]        2026-04-19 19:19:31   EntityInstanceChanged 292
[RENDER]       2026-04-19 19:19:31   Rendering world bg...
[EVENT]        2026-04-19 19:19:31   EntityInstanceChanged 292
[RENDER]       2026-04-19 19:19:32   Rendering world bg...
[EVENT]        2026-04-19 19:19:32   EntityInstanceChanged 292
[RENDER]       2026-04-19 19:19:32   Rendering world bg...
[EVENT]        2026-04-19 19:19:32   EntityInstanceChanged 292
[RENDER]       2026-04-19 19:19:32   Rendering world bg...
[EVENT]        2026-04-19 19:19:32   EntityInstanceChanged 292
[RENDER]       2026-04-19 19:19:32   Rendering world bg...
[EVENT]        2026-04-19 19:19:32   EntityInstanceChanged 292
[RENDER]       2026-04-19 19:19:32   Rendering world bg...
[EVENT]        2026-04-19 19:19:32   EntityInstanceChanged 292
[RENDER]       2026-04-19 19:19:32   Rendering world bg...
[EVENT]        2026-04-19 19:19:32   EntityInstanceChanged 292
[RENDER]       2026-04-19 19:19:32   Rendering world bg...
[FILE]         2026-04-19 19:19:33   Reading HTML template entityInstanceEditor from cache
[RENDER]       2026-04-19 19:19:34   Rendering world bg...
[EVENT]        2026-04-19 19:19:35   EntityInstanceChanged 292
[EVENT]        2026-04-19 19:19:35   LayerInstanceChangedGlobally 266
[EVENT]        2026-04-19 19:19:35   LayerInstanceEditedByTool
[USERACTION]   2026-04-19 19:19:35   SelectionTool: mode=Add, in LayerInst#266 "Entities" [Entities]
[RENDER]       2026-04-19 19:19:35   Rendering world bg...
[RENDER]       2026-04-19 19:19:35   Rendering world bg...
[EVENT]        2026-04-19 19:19:36   LayerInstanceSelected 28
[RENDER]       2026-04-19 19:19:36   Rendered level UI
[USERACTION]   2026-04-19 19:19:39   IntGridTool: Rectangle, mode=Add, in LayerInst#28 "Playerspace" [IntGrid]
[EVENT]        2026-04-19 19:19:39   LayerInstanceEditedByTool
[USERACTION]   2026-04-19 19:19:39   IntGridTool: mode=Add, in LayerInst#28 "Playerspace" [IntGrid]
[USERACTION]   2026-04-19 19:19:40   IntGridTool: Rectangle, mode=Add, in LayerInst#28 "Playerspace" [IntGrid]
[EVENT]        2026-04-19 19:19:40   LayerInstanceEditedByTool
[USERACTION]   2026-04-19 19:19:40   IntGridTool: mode=Add, in LayerInst#28 "Playerspace" [IntGrid]
[SAVE]         2026-04-19 19:19:41   Preparing project saving: /home/angrycompany16/gamedev/go/mask_of_the_tomb/assets/LDTK/world.ldtk...
[CACHE]        2026-04-19 19:19:41   Garbaging unused image LdtkIcons_336_208_16_16...
[CACHE]        2026-04-19 19:19:41   Disposing cached image LdtkIcons_336_208_16_16...
[CACHE]        2026-04-19 19:19:41   Garbaging unused image LdtkIcons_336_176_16_16...
[CACHE]        2026-04-19 19:19:41   Disposing cached image LdtkIcons_336_176_16_16...
[CACHE]        2026-04-19 19:19:41   Garbaging unused image LdtkIcons_176_16_16_16...
[CACHE]        2026-04-19 19:19:41   Disposing cached image LdtkIcons_176_16_16_16...
[SAVE]         2026-04-19 19:19:41   => PreChecks...
[SAVE]         2026-04-19 19:19:41   => BeforeSavingActions...
[EVENT]        2026-04-19 19:19:41   BeforeProjectSaving
[SAVE]         2026-04-19 19:19:41   => AutoLayers...
[SAVE]         2026-04-19 19:19:41   => Backup...
[SAVE]         2026-04-19 19:19:41   Backing up /home/angrycompany16/gamedev/go/mask_of_the_tomb/assets/LDTK to /home/angrycompany16/gamedev/go/mask_of_the_tomb/assets/LDTK/world/backups/94589810-c210-11ef-b2e6-99619d5a4f10_2026-04-19_19-19-41...
[SAVE]         2026-04-19 19:19:41     Found 1 files.
[GENERAL]      2026-04-19 19:19:41   Progress created.
[RENDER]       2026-04-19 19:19:41   Rendering world bg...
[GENERAL]      2026-04-19 19:19:41   Progress started: : "Backup", 2 operation(s)
[SAVE]         2026-04-19 19:19:41   Removing older backup: 94589810-c210-11ef-b2e6-99619d5a4f10_2026-04-19_19-10-19
[GENERAL]      2026-04-19 19:19:41   Progress completed: "Backup" (0s)
[SAVE]         2026-04-19 19:19:41     Done!
[GENERAL]      2026-04-19 19:19:41   Progress created.
[RENDER]       2026-04-19 19:19:41   Rendering world bg...
[GENERAL]      2026-04-19 19:19:41   Progress started: : "Preparing levels...", 15 operation(s)
[GENERAL]      2026-04-19 19:19:41   Progress completed: "Preparing levels..." (0s)
[SAVE]         2026-04-19 19:19:41   => SavingMainFile...
[GENERAL]      2026-04-19 19:19:41   Progress created.
[RENDER]       2026-04-19 19:19:41   Rendering world bg...
[GENERAL]      2026-04-19 19:19:41   Progress started: : "Saving main file...", 2 operation(s)
[SAVE]         2026-04-19 19:19:41     Preparing SavingData...
[SAVE]         2026-04-19 19:19:41     Writing /home/angrycompany16/gamedev/go/mask_of_the_tomb/assets/LDTK/world.ldtk...
[GENERAL]      2026-04-19 19:19:41   Progress completed: "Saving main file..." (0.3s)
[FILE]         2026-04-19 19:19:42   Emptying dir /home/angrycompany16/gamedev/go/mask_of_the_tomb/assets/LDTK/world (onlyExts=[ldtkl])...
[SAVE]         2026-04-19 19:19:42   => Done...
[SAVE]         2026-04-19 19:19:42   Saving complete (world.ldtk)
[FILE]         2026-04-19 19:19:42   Saved "world.ldtk".
[EVENT]        2026-04-19 19:19:42   ProjectSaved
[RENDER]       2026-04-19 19:19:42   Rendering world bg...
[RENDER]       2026-04-19 19:19:42   Rendering world level fields data.Level#e52cfcd0-1030-11f0-b12c-fb81b8dc6f61 "Level_8"...
[RENDER]       2026-04-19 19:19:44   Rendering world bg...
[EVENT]        2026-04-19 19:19:44   LayerInstanceSelected 266
[RENDER]       2026-04-19 19:19:44   Rendered level UI
[RENDER]       2026-04-19 19:19:45   Rendering world bg...
[FILE]         2026-04-19 19:19:45   Reading HTML template entityInstanceEditor from cache
[RENDER]       2026-04-19 19:19:45   Rendering world bg...
[EVENT]        2026-04-19 19:19:46   EntityInstanceChanged 83
[EVENT]        2026-04-19 19:19:46   LevelJsonCacheInvalidated
[EVENT]        2026-04-19 19:19:46   LayerInstanceChangedGlobally 266
[EVENT]        2026-04-19 19:19:46   LayerInstanceEditedByTool
[USERACTION]   2026-04-19 19:19:46   SelectionTool: mode=Add, in LayerInst#266 "Entities" [Entities]
[RENDER]       2026-04-19 19:19:46   Rendering world bg...
[RENDER]       2026-04-19 19:19:46   Rendering world level fields data.Level#e52cfcd0-1030-11f0-b12c-fb81b8dc6f61 "Level_8"...
[SAVE]         2026-04-19 19:19:47   Preparing project saving: /home/angrycompany16/gamedev/go/mask_of_the_tomb/assets/LDTK/world.ldtk...
[CACHE]        2026-04-19 19:19:47   Garbaging unused image LdtkIcons_336_208_16_16...
[CACHE]        2026-04-19 19:19:47   Disposing cached image LdtkIcons_336_208_16_16...
[CACHE]        2026-04-19 19:19:47   Garbaging unused image LdtkIcons_336_176_16_16...
[CACHE]        2026-04-19 19:19:47   Disposing cached image LdtkIcons_336_176_16_16...
[CACHE]        2026-04-19 19:19:47   Garbaging unused image LdtkIcons_176_16_16_16...
[CACHE]        2026-04-19 19:19:47   Disposing cached image LdtkIcons_176_16_16_16...
[SAVE]         2026-04-19 19:19:47   => PreChecks...
[SAVE]         2026-04-19 19:19:47   => BeforeSavingActions...
[EVENT]        2026-04-19 19:19:47   BeforeProjectSaving
[SAVE]         2026-04-19 19:19:47   => AutoLayers...
[SAVE]         2026-04-19 19:19:47   => Backup...
[SAVE]         2026-04-19 19:19:47   Backing up /home/angrycompany16/gamedev/go/mask_of_the_tomb/assets/LDTK to /home/angrycompany16/gamedev/go/mask_of_the_tomb/assets/LDTK/world/backups/94589810-c210-11ef-b2e6-99619d5a4f10_2026-04-19_19-19-47...
[SAVE]         2026-04-19 19:19:47     Found 1 files.
[GENERAL]      2026-04-19 19:19:47   Progress created.
[RENDER]       2026-04-19 19:19:47   Rendering world bg...
[GENERAL]      2026-04-19 19:19:47   Progress started: : "Backup", 2 operation(s)
[SAVE]         2026-04-19 19:19:47   Removing older backup: 94589810-c210-11ef-b2e6-99619d5a4f10_2026-04-19_19-10-36
[GENERAL]      2026-04-19 19:19:47   Progress completed: "Backup" (0s)
[SAVE]         2026-04-19 19:19:47     Done!
[GENERAL]      2026-04-19 19:19:47   Progress created.
[RENDER]       2026-04-19 19:19:47   Rendering world bg...
[GENERAL]      2026-04-19 19:19:47   Progress started: : "Preparing levels...", 15 operation(s)
[GENERAL]      2026-04-19 19:19:47   Progress completed: "Preparing levels..." (0s)
[SAVE]         2026-04-19 19:19:47   => SavingMainFile...
[GENERAL]      2026-04-19 19:19:47   Progress created.
[RENDER]       2026-04-19 19:19:47   Rendering world bg...
[GENERAL]      2026-04-19 19:19:47   Progress started: : "Saving main file...", 2 operation(s)
[SAVE]         2026-04-19 19:19:47     Preparing SavingData...
[SAVE]         2026-04-19 19:19:47     Writing /home/angrycompany16/gamedev/go/mask_of_the_tomb/assets/LDTK/world.ldtk...
[GENERAL]      2026-04-19 19:19:47   Progress completed: "Saving main file..." (0.3s)
[FILE]         2026-04-19 19:19:47   Emptying dir /home/angrycompany16/gamedev/go/mask_of_the_tomb/assets/LDTK/world (onlyExts=[ldtkl])...
[SAVE]         2026-04-19 19:19:47   => Done...
[SAVE]         2026-04-19 19:19:47   Saving complete (world.ldtk)
[FILE]         2026-04-19 19:19:47   Saved "world.ldtk".
[EVENT]        2026-04-19 19:19:47   ProjectSaved
[RENDER]       2026-04-19 19:19:47   Rendering world bg...
[RENDER]       2026-04-19 19:19:47   Rendering world level fields data.Level#e52cfcd0-1030-11f0-b12c-fb81b8dc6f61 "Level_8"...
[EVENT]        2026-04-19 19:19:50   LayerInstanceSelected 28
[RENDER]       2026-04-19 19:19:50   Rendered level UI
[USERACTION]   2026-04-19 19:19:51   IntGridTool: Rectangle, mode=Add, in LayerInst#28 "Playerspace" [IntGrid]
[EVENT]        2026-04-19 19:19:51   LayerInstanceEditedByTool
[EVENT]        2026-04-19 19:19:51   LevelJsonCacheInvalidated
[USERACTION]   2026-04-19 19:19:51   IntGridTool: mode=Add, in LayerInst#28 "Playerspace" [IntGrid]
[RENDER]       2026-04-19 19:19:51   Rendering world level fields data.Level#e52cfcd0-1030-11f0-b12c-fb81b8dc6f61 "Level_8"...
[RENDER]       2026-04-19 19:19:54   Rendering world bg...
[EVENT]        2026-04-19 19:19:55   LayerInstanceSelected 266
[RENDER]       2026-04-19 19:19:55   Rendered level UI
[RENDER]       2026-04-19 19:19:55   Rendering world bg...
[FILE]         2026-04-19 19:19:55   Reading HTML template entityInstanceEditor from cache
[RENDER]       2026-04-19 19:19:55   Rendering world bg...
[FILE]         2026-04-19 19:19:57   Reading HTML template entityInstanceEditor from cache
[RENDER]       2026-04-19 19:19:57   Rendering world bg...
[FILE]         2026-04-19 19:19:58   Reading HTML template entityInstanceEditor from cache
[RENDER]       2026-04-19 19:19:58   Rendering world bg...
[RENDER]       2026-04-19 19:19:58   Rendering world bg...
[EVENT]        2026-04-19 19:19:59   LayerInstanceSelected 113
[RENDER]       2026-04-19 19:19:59   Rendered level UI
[EVENT]        2026-04-19 19:19:59   LayerInstanceSelected 28
[RENDER]       2026-04-19 19:19:59   Rendered level UI
[EVENT]        2026-04-19 19:20:01   LayerInstanceSelected 23
[RENDER]       2026-04-19 19:20:01   Rendered level UI
[RENDER]       2026-04-19 19:20:01   Rendering world bg...
[EVENT]        2026-04-19 19:20:02   LayerInstanceSelected 286
[RENDER]       2026-04-19 19:20:02   Rendered level UI
[RENDER]       2026-04-19 19:20:02   Rendering world bg...
[EVENT]        2026-04-19 19:20:03   LayerInstanceSelected 178
[RENDER]       2026-04-19 19:20:03   Rendered level UI
[RENDER]       2026-04-19 19:20:03   Rendering world bg...
[USERACTION]   2026-04-19 19:20:06   Opened panel #2685 ui.modal.panel.Help
[FILE]         2026-04-19 19:20:06   Loading HTML template help
[RENDER]       2026-04-19 19:20:06   Rendering world bg...
[USERACTION]   2026-04-19 19:20:07   Closed panel #2685 ui.modal.panel.Help
[EVENT]        2026-04-19 19:20:15   LayerInstanceEditedByTool
[EVENT]        2026-04-19 19:20:15   LayerInstanceEditedByTool
[USERACTION]   2026-04-19 19:20:15   TileTool: mode=Add, in LayerInst#178 "MidgroundSprites" [Tiles]
[EVENT]        2026-04-19 19:20:16   LayerInstanceEditedByTool
[EVENT]        2026-04-19 19:20:16   LayerInstanceEditedByTool
[USERACTION]   2026-04-19 19:20:16   TileTool: mode=Add, in LayerInst#178 "MidgroundSprites" [Tiles]
[RENDER]       2026-04-19 19:20:17   Rendering world bg...
[EVENT]        2026-04-19 19:20:18   ToolValueSelected
[EVENT]        2026-04-19 19:20:19   LayerInstanceEditedByTool
[EVENT]        2026-04-19 19:20:19   LayerInstanceEditedByTool
[EVENT]        2026-04-19 19:20:19   LayerInstanceEditedByTool
[EVENT]        2026-04-19 19:20:19   LayerInstanceEditedByTool
[EVENT]        2026-04-19 19:20:19   LayerInstanceEditedByTool
[EVENT]        2026-04-19 19:20:19   LayerInstanceEditedByTool
[EVENT]        2026-04-19 19:20:19   LayerInstanceEditedByTool
[EVENT]        2026-04-19 19:20:19   LayerInstanceEditedByTool
[EVENT]        2026-04-19 19:20:19   LayerInstanceEditedByTool
[USERACTION]   2026-04-19 19:20:19   TileTool: mode=Add, in LayerInst#178 "MidgroundSprites" [Tiles]
[EVENT]        2026-04-19 19:20:22   LayerInstanceEditedByTool
[EVENT]        2026-04-19 19:20:22   LayerInstanceEditedByTool
[EVENT]        2026-04-19 19:20:22   LayerInstanceEditedByTool
[EVENT]        2026-04-19 19:20:22   LayerInstanceEditedByTool
[EVENT]        2026-04-19 19:20:22   LayerInstanceEditedByTool
[EVENT]        2026-04-19 19:20:22   LayerInstanceEditedByTool
[EVENT]        2026-04-19 19:20:22   LayerInstanceEditedByTool
[EVENT]        2026-04-19 19:20:22   LayerInstanceEditedByTool
[EVENT]        2026-04-19 19:20:22   LayerInstanceEditedByTool
[EVENT]        2026-04-19 19:20:22   LayerInstanceEditedByTool
[EVENT]        2026-04-19 19:20:22   LayerInstanceEditedByTool
[EVENT]        2026-04-19 19:20:22   LayerInstanceEditedByTool
[EVENT]        2026-04-19 19:20:22   LayerInstanceEditedByTool
[EVENT]        2026-04-19 19:20:22   LayerInstanceEditedByTool
[EVENT]        2026-04-19 19:20:22   LayerInstanceEditedByTool
[EVENT]        2026-04-19 19:20:22   LayerInstanceEditedByTool
[EVENT]        2026-04-19 19:20:22   LayerInstanceEditedByTool
[EVENT]        2026-04-19 19:20:22   LayerInstanceEditedByTool
[EVENT]        2026-04-19 19:20:22   LayerInstanceEditedByTool
[EVENT]        2026-04-19 19:20:22   LayerInstanceEditedByTool
[EVENT]        2026-04-19 19:20:22   LayerInstanceEditedByTool
[EVENT]        2026-04-19 19:20:22   LayerInstanceEditedByTool
[EVENT]        2026-04-19 19:20:22   LayerInstanceEditedByTool
[EVENT]        2026-04-19 19:20:22   LayerInstanceEditedByTool
[EVENT]        2026-04-19 19:20:22   LayerInstanceEditedByTool
[EVENT]        2026-04-19 19:20:22   LayerInstanceEditedByTool
[EVENT]        2026-04-19 19:20:22   LayerInstanceEditedByTool
[EVENT]        2026-04-19 19:20:22   LayerInstanceEditedByTool
[EVENT]        2026-04-19 19:20:22   LayerInstanceEditedByTool
[USERACTION]   2026-04-19 19:20:22   TileTool: mode=Add, in LayerInst#178 "MidgroundSprites" [Tiles]
[RENDER]       2026-04-19 19:20:22   Rendering world bg...
[EVENT]        2026-04-19 19:20:23   ToolValueSelected
[EVENT]        2026-04-19 19:20:25   LayerInstanceEditedByTool
[EVENT]        2026-04-19 19:20:25   LayerInstanceEditedByTool
[USERACTION]   2026-04-19 19:20:25   TileTool: mode=Add, in LayerInst#178 "MidgroundSprites" [Tiles]
[EVENT]        2026-04-19 19:20:26   LayerInstanceEditedByTool
[EVENT]        2026-04-19 19:20:26   LayerInstanceEditedByTool
[USERACTION]   2026-04-19 19:20:26   TileTool: mode=Add, in LayerInst#178 "MidgroundSprites" [Tiles]
[SAVE]         2026-04-19 19:20:27   Preparing project saving: /home/angrycompany16/gamedev/go/mask_of_the_tomb/assets/LDTK/world.ldtk...
[CACHE]        2026-04-19 19:20:27   Garbaging unused image LdtkIcons_336_208_16_16...
[CACHE]        2026-04-19 19:20:27   Disposing cached image LdtkIcons_336_208_16_16...
[CACHE]        2026-04-19 19:20:27   Garbaging unused image LdtkIcons_336_176_16_16...
[CACHE]        2026-04-19 19:20:27   Disposing cached image LdtkIcons_336_176_16_16...
[CACHE]        2026-04-19 19:20:27   Garbaging unused image LdtkIcons_176_16_16_16...
[CACHE]        2026-04-19 19:20:27   Disposing cached image LdtkIcons_176_16_16_16...
[SAVE]         2026-04-19 19:20:27   => PreChecks...
[SAVE]         2026-04-19 19:20:27   => BeforeSavingActions...
[EVENT]        2026-04-19 19:20:27   BeforeProjectSaving
[SAVE]         2026-04-19 19:20:27   => AutoLayers...
[SAVE]         2026-04-19 19:20:27   => Backup...
[SAVE]         2026-04-19 19:20:27   Backing up /home/angrycompany16/gamedev/go/mask_of_the_tomb/assets/LDTK to /home/angrycompany16/gamedev/go/mask_of_the_tomb/assets/LDTK/world/backups/94589810-c210-11ef-b2e6-99619d5a4f10_2026-04-19_19-20-27...
[SAVE]         2026-04-19 19:20:27     Found 1 files.
[GENERAL]      2026-04-19 19:20:27   Progress created.
[RENDER]       2026-04-19 19:20:27   Rendering world bg...
[GENERAL]      2026-04-19 19:20:27   Progress started: : "Backup", 2 operation(s)
[SAVE]         2026-04-19 19:20:27   Removing older backup: 94589810-c210-11ef-b2e6-99619d5a4f10_2026-04-19_19-11-42
[GENERAL]      2026-04-19 19:20:27   Progress completed: "Backup" (0s)
[SAVE]         2026-04-19 19:20:27     Done!
[GENERAL]      2026-04-19 19:20:27   Progress created.
[RENDER]       2026-04-19 19:20:27   Rendering world bg...
[GENERAL]      2026-04-19 19:20:27   Progress started: : "Preparing levels...", 15 operation(s)
[GENERAL]      2026-04-19 19:20:27   Progress completed: "Preparing levels..." (0s)
[SAVE]         2026-04-19 19:20:27   => SavingMainFile...
[GENERAL]      2026-04-19 19:20:27   Progress created.
[RENDER]       2026-04-19 19:20:27   Rendering world bg...
[GENERAL]      2026-04-19 19:20:27   Progress started: : "Saving main file...", 2 operation(s)
[SAVE]         2026-04-19 19:20:27     Preparing SavingData...
[SAVE]         2026-04-19 19:20:28     Writing /home/angrycompany16/gamedev/go/mask_of_the_tomb/assets/LDTK/world.ldtk...
[GENERAL]      2026-04-19 19:20:28   Progress completed: "Saving main file..." (0.3s)
[FILE]         2026-04-19 19:20:28   Emptying dir /home/angrycompany16/gamedev/go/mask_of_the_tomb/assets/LDTK/world (onlyExts=[ldtkl])...
[SAVE]         2026-04-19 19:20:28   => Done...
[SAVE]         2026-04-19 19:20:28   Saving complete (world.ldtk)
[FILE]         2026-04-19 19:20:28   Saved "world.ldtk".
[EVENT]        2026-04-19 19:20:28   ProjectSaved
[RENDER]       2026-04-19 19:20:28   Rendering world bg...
[RENDER]       2026-04-19 19:20:28   Rendering world level fields data.Level#e52cfcd0-1030-11f0-b12c-fb81b8dc6f61 "Level_8"...
[RENDER]       2026-04-19 19:27:50   Rendering world bg...
[EVENT]        2026-04-19 19:27:50   LayerInstanceSelected 28
[RENDER]       2026-04-19 19:27:50   Rendered level UI
[EVENT]        2026-04-19 19:28:02   LayerInstanceEditedByTool
[EVENT]        2026-04-19 19:28:02   LevelJsonCacheInvalidated
[RENDER]       2026-04-19 19:28:02   Rendering world level fields data.Level#e52cfcd0-1030-11f0-b12c-fb81b8dc6f61 "Level_8"...
[EVENT]        2026-04-19 19:28:02   LayerInstanceEditedByTool
[EVENT]        2026-04-19 19:28:02   LayerInstanceEditedByTool
[EVENT]        2026-04-19 19:28:02   LayerInstanceEditedByTool
[EVENT]        2026-04-19 19:28:02   LayerInstanceEditedByTool
[EVENT]        2026-04-19 19:28:02   LayerInstanceEditedByTool
[EVENT]        2026-04-19 19:28:03   LayerInstanceEditedByTool
[EVENT]        2026-04-19 19:28:03   LayerInstanceEditedByTool
[USERACTION]   2026-04-19 19:28:03   IntGridTool: mode=Add, in LayerInst#28 "Playerspace" [IntGrid]
[USERACTION]   2026-04-19 19:28:28   IntGridTool: Rectangle, mode=Remove, in LayerInst#28 "Playerspace" [IntGrid]
[EVENT]        2026-04-19 19:28:28   LayerInstanceEditedByTool
[USERACTION]   2026-04-19 19:28:28   IntGridTool: mode=Remove, in LayerInst#28 "Playerspace" [IntGrid]
[USERACTION]   2026-04-19 19:28:29   IntGridTool: Rectangle, mode=Remove, in LayerInst#28 "Playerspace" [IntGrid]
[EVENT]        2026-04-19 19:28:29   LayerInstanceEditedByTool
[USERACTION]   2026-04-19 19:28:29   IntGridTool: mode=Remove, in LayerInst#28 "Playerspace" [IntGrid]
[EVENT]        2026-04-19 19:28:44   LayerInstanceEditedByTool
[EVENT]        2026-04-19 19:28:44   LayerInstanceEditedByTool
[EVENT]        2026-04-19 19:28:44   LayerInstanceEditedByTool
[EVENT]        2026-04-19 19:28:44   LayerInstanceEditedByTool
[EVENT]        2026-04-19 19:28:45   LayerInstanceEditedByTool
[EVENT]        2026-04-19 19:28:45   LayerInstanceEditedByTool
[USERACTION]   2026-04-19 19:28:45   IntGridTool: mode=Add, in LayerInst#28 "Playerspace" [IntGrid]
[RENDER]       2026-04-19 19:28:48   Rendering world bg...
[EVENT]        2026-04-19 19:28:49   LayerInstanceSelected 266
[RENDER]       2026-04-19 19:28:49   Rendered level UI
[EVENT]        2026-04-19 19:28:50   LayerInstanceSelected 178
[RENDER]       2026-04-19 19:28:50   Rendered level UI
[EVENT]        2026-04-19 19:28:51   LayerInstanceSelected 113
[RENDER]       2026-04-19 19:28:51   Rendered level UI
[EVENT]        2026-04-19 19:28:51   LayerInstanceSelected 23
[RENDER]       2026-04-19 19:28:51   Rendered level UI
[EVENT]        2026-04-19 19:28:51   LayerInstanceSelected 266
[RENDER]       2026-04-19 19:28:51   Rendered level UI
[FILE]         2026-04-19 19:28:53   Reading HTML template entityInstanceEditor from cache
[RENDER]       2026-04-19 19:28:53   Rendering world bg...
[EVENT]        2026-04-19 19:28:53   EntityInstanceChanged 292
[EVENT]        2026-04-19 19:28:53   LayerInstanceChangedGlobally 266
[EVENT]        2026-04-19 19:28:53   LayerInstanceEditedByTool
[USERACTION]   2026-04-19 19:28:53   SelectionTool: mode=Add, in LayerInst#266 "Entities" [Entities]
[RENDER]       2026-04-19 19:28:53   Rendering world bg...
[RENDER]       2026-04-19 19:28:54   Rendering world bg...
[EVENT]        2026-04-19 19:28:54   LayerInstanceSelected 23
[RENDER]       2026-04-19 19:28:54   Rendered level UI
[RENDER]       2026-04-19 19:28:54   Rendering world bg...
[RENDER]       2026-04-19 19:28:55   Rendering world bg...
[RENDER]       2026-04-19 19:28:55   Rendering world bg...
[EVENT]        2026-04-19 19:28:56   LayerInstanceSelected 28
[RENDER]       2026-04-19 19:28:56   Rendered level UI
[USERACTION]   2026-04-19 19:28:58   IntGridTool: Rectangle, mode=Add, in LayerInst#28 "Playerspace" [IntGrid]
[EVENT]        2026-04-19 19:28:58   LayerInstanceEditedByTool
[USERACTION]   2026-04-19 19:28:58   IntGridTool: mode=Add, in LayerInst#28 "Playerspace" [IntGrid]
[USERACTION]   2026-04-19 19:29:00   IntGridTool: Rectangle, mode=Add, in LayerInst#28 "Playerspace" [IntGrid]
[EVENT]        2026-04-19 19:29:00   LayerInstanceEditedByTool
[USERACTION]   2026-04-19 19:29:00   IntGridTool: mode=Add, in LayerInst#28 "Playerspace" [IntGrid]
[USERACTION]   2026-04-19 19:29:02   IntGridTool: Rectangle, mode=Remove, in LayerInst#28 "Playerspace" [IntGrid]
[EVENT]        2026-04-19 19:29:02   LayerInstanceEditedByTool
[USERACTION]   2026-04-19 19:29:02   IntGridTool: mode=Remove, in LayerInst#28 "Playerspace" [IntGrid]
[USERACTION]   2026-04-19 19:29:02   Undo
[EVENT]        2026-04-19 19:29:02   LayerInstancesRestoredFromHistory Entities,Foreground,PlayerspaceAlt,Playerspace,Props,MidgroundSprites,BackgroundTiles
[RENDER]       2026-04-19 19:29:02   Rendering world bg...
[USERACTION]   2026-04-19 19:29:06   IntGridTool: Rectangle, mode=Remove, in LayerInst#28 "Playerspace" [IntGrid]
[EVENT]        2026-04-19 19:29:06   LayerInstanceEditedByTool
[USERACTION]   2026-04-19 19:29:06   IntGridTool: mode=Remove, in LayerInst#28 "Playerspace" [IntGrid]
[USERACTION]   2026-04-19 19:29:07   IntGridTool: Rectangle, mode=Remove, in LayerInst#28 "Playerspace" [IntGrid]
[EVENT]        2026-04-19 19:29:07   LayerInstanceEditedByTool
[USERACTION]   2026-04-19 19:29:07   IntGridTool: mode=Remove, in LayerInst#28 "Playerspace" [IntGrid]
[EVENT]        2026-04-19 19:29:08   LayerInstanceSelected 266
[RENDER]       2026-04-19 19:29:08   Rendered level UI
[FILE]         2026-04-19 19:29:09   Reading HTML template entityInstanceEditor from cache
[RENDER]       2026-04-19 19:29:09   Rendering world bg...
[EVENT]        2026-04-19 19:29:10   EntityInstanceChanged 292
[EVENT]        2026-04-19 19:29:10   LayerInstanceChangedGlobally 266
[EVENT]        2026-04-19 19:29:10   LayerInstanceEditedByTool
[USERACTION]   2026-04-19 19:29:10   SelectionTool: mode=Add, in LayerInst#266 "Entities" [Entities]
[RENDER]       2026-04-19 19:29:10   Rendering world bg...
[RENDER]       2026-04-19 19:29:12   Rendering world bg...
[EVENT]        2026-04-19 19:29:13   LayerInstanceSelected 113
[RENDER]       2026-04-19 19:29:13   Rendered level UI
[EVENT]        2026-04-19 19:29:14   LayerInstanceSelected 28
[RENDER]       2026-04-19 19:29:14   Rendered level UI
[RENDER]       2026-04-19 19:29:14   Rendering world bg...
[USERACTION]   2026-04-19 19:29:16   IntGridTool: Rectangle, mode=Remove, in LayerInst#28 "Playerspace" [IntGrid]
[EVENT]        2026-04-19 19:29:17   LayerInstanceSelected 178
[RENDER]       2026-04-19 19:29:17   Rendered level UI
[RENDER]       2026-04-19 19:29:17   Rendering world bg...
[USERACTION]   2026-04-19 19:29:18   TileTool: Rectangle, mode=Remove, in LayerInst#178 "MidgroundSprites" [Tiles]
[EVENT]        2026-04-19 19:29:18   LayerInstanceEditedByTool
[USERACTION]   2026-04-19 19:29:18   TileTool: mode=Remove, in LayerInst#178 "MidgroundSprites" [Tiles]
[RENDER]       2026-04-19 19:29:19   Rendering world bg...
[EVENT]        2026-04-19 19:29:19   LayerInstanceSelected 266
[RENDER]       2026-04-19 19:29:19   Rendered level UI
[FILE]         2026-04-19 19:29:20   Reading HTML template entityInstanceEditor from cache
[RENDER]       2026-04-19 19:29:20   Rendering world bg...
[EVENT]        2026-04-19 19:29:21   EntityInstanceChanged 83
[EVENT]        2026-04-19 19:29:21   LayerInstanceChangedGlobally 266
[EVENT]        2026-04-19 19:29:21   LayerInstanceEditedByTool
[USERACTION]   2026-04-19 19:29:21   SelectionTool: mode=Add, in LayerInst#266 "Entities" [Entities]
[RENDER]       2026-04-19 19:29:21   Rendering world bg...
[EVENT]        2026-04-19 19:29:24   LayerInstanceSelected 23
[RENDER]       2026-04-19 19:29:24   Rendered level UI
[EVENT]        2026-04-19 19:29:24   LayerInstanceSelected 113
[RENDER]       2026-04-19 19:29:24   Rendered level UI
[RENDER]       2026-04-19 19:29:25   Rendering world bg...
[EVENT]        2026-04-19 19:29:26   LayerInstanceSelected 28
[RENDER]       2026-04-19 19:29:26   Rendered level UI
[RENDER]       2026-04-19 19:29:26   Rendering world bg...
[USERACTION]   2026-04-19 19:29:27   IntGridTool: Rectangle, mode=Add, in LayerInst#28 "Playerspace" [IntGrid]
[EVENT]        2026-04-19 19:29:27   LayerInstanceEditedByTool
[USERACTION]   2026-04-19 19:29:27   IntGridTool: mode=Add, in LayerInst#28 "Playerspace" [IntGrid]
[USERACTION]   2026-04-19 19:29:29   IntGridTool: Rectangle, mode=Add, in LayerInst#28 "Playerspace" [IntGrid]
[EVENT]        2026-04-19 19:29:29   LayerInstanceEditedByTool
[USERACTION]   2026-04-19 19:29:29   IntGridTool: mode=Add, in LayerInst#28 "Playerspace" [IntGrid]
[USERACTION]   2026-04-19 19:29:30   IntGridTool: Rectangle, mode=Add, in LayerInst#28 "Playerspace" [IntGrid]
[EVENT]        2026-04-19 19:29:30   LayerInstanceEditedByTool
[USERACTION]   2026-04-19 19:29:30   IntGridTool: mode=Add, in LayerInst#28 "Playerspace" [IntGrid]
[USERACTION]   2026-04-19 19:29:31   Opened panel #2768 ui.modal.panel.WorldPanel
[FILE]         2026-04-19 19:29:31   Reading HTML template worldPanel from cache
[FILE]         2026-04-19 19:29:31   Reading HTML template levelInstanceForm from cache
[RENDER]       2026-04-19 19:29:31   Rendering world bg...
[EVENT]        2026-04-19 19:29:32   LevelSelected 296
[USERACTION]   2026-04-19 19:29:32   Opened level data.Level#e52cfcd0-1030-11f0-b12c-fb81b8dc6f61 "Level_8"
[USERACTION]   2026-04-19 19:29:32   Closed panel #2768 ui.modal.panel.WorldPanel
[RENDER]       2026-04-19 19:29:32   Rendering world level data.Level#1e4af520-1030-11f0-af50-ff93dd65ce54 "Level_4"...
[RENDER]       2026-04-19 19:29:32   Rendering world level fields data.Level#e52cfcd0-1030-11f0-b12c-fb81b8dc6f61 "Level_8"...
[WARNING]      2026-04-19 19:29:32   Full level render requested
[RENDER]       2026-04-19 19:29:32   Rendering world bg...
[RENDER]       2026-04-19 19:29:32   Rendering world level data.Level#e52cfcd0-1030-11f0-b12c-fb81b8dc6f61 "Level_8"...
[RENDER]       2026-04-19 19:29:32   Rendering world level data.Level#e358dc00-fa90-11f0-9536-757f38ccabb1 "Level_13"...
[RENDER]       2026-04-19 19:29:33   Rendering world level data.Level#d5ae6780-1030-11f0-996f-efbed2df7e2d "Level_9"...
[RENDER]       2026-04-19 19:29:34   Rendering world bg...
[RENDER]       2026-04-19 19:29:35   Rendering world bg...
[USERACTION]   2026-04-19 19:29:39   IntGridTool: Rectangle, mode=Add, in LayerInst#28 "Playerspace" [IntGrid]
[EVENT]        2026-04-19 19:29:39   LayerInstanceEditedByTool
[USERACTION]   2026-04-19 19:29:39   IntGridTool: mode=Add, in LayerInst#28 "Playerspace" [IntGrid]
[RENDER]       2026-04-19 19:29:44   Rendering world bg...
[USERACTION]   2026-04-19 19:30:06   IntGridTool: Rectangle, mode=Remove, in LayerInst#28 "Playerspace" [IntGrid]
[EVENT]        2026-04-19 19:30:06   LayerInstanceEditedByTool
[USERACTION]   2026-04-19 19:30:06   IntGridTool: mode=Remove, in LayerInst#28 "Playerspace" [IntGrid]
[USERACTION]   2026-04-19 19:30:07   IntGridTool: Rectangle, mode=Remove, in LayerInst#28 "Playerspace" [IntGrid]
[EVENT]        2026-04-19 19:30:07   LayerInstanceEditedByTool
[USERACTION]   2026-04-19 19:30:07   IntGridTool: mode=Remove, in LayerInst#28 "Playerspace" [IntGrid]
[USERACTION]   2026-04-19 19:30:22   IntGridTool: Rectangle, mode=Remove, in LayerInst#28 "Playerspace" [IntGrid]
[EVENT]        2026-04-19 19:30:22   LayerInstanceEditedByTool
[USERACTION]   2026-04-19 19:30:22   IntGridTool: mode=Remove, in LayerInst#28 "Playerspace" [IntGrid]
[USERACTION]   2026-04-19 19:30:24   IntGridTool: Rectangle, mode=Remove, in LayerInst#28 "Playerspace" [IntGrid]
[EVENT]        2026-04-19 19:30:24   LayerInstanceEditedByTool
[USERACTION]   2026-04-19 19:30:24   IntGridTool: mode=Remove, in LayerInst#28 "Playerspace" [IntGrid]
[USERACTION]   2026-04-19 19:30:26   IntGridTool: Rectangle, mode=Remove, in LayerInst#28 "Playerspace" [IntGrid]
[EVENT]        2026-04-19 19:30:26   LayerInstanceEditedByTool
[USERACTION]   2026-04-19 19:30:26   IntGridTool: mode=Remove, in LayerInst#28 "Playerspace" [IntGrid]
[USERACTION]   2026-04-19 19:30:35   IntGridTool: Rectangle, mode=Add, in LayerInst#28 "Playerspace" [IntGrid]
[EVENT]        2026-04-19 19:30:35   LayerInstanceEditedByTool
[USERACTION]   2026-04-19 19:30:35   IntGridTool: mode=Add, in LayerInst#28 "Playerspace" [IntGrid]
[USERACTION]   2026-04-19 19:30:37   IntGridTool: Rectangle, mode=Remove, in LayerInst#28 "Playerspace" [IntGrid]
[EVENT]        2026-04-19 19:30:37   LayerInstanceEditedByTool
[USERACTION]   2026-04-19 19:30:37   IntGridTool: mode=Remove, in LayerInst#28 "Playerspace" [IntGrid]
[USERACTION]   2026-04-19 19:30:38   IntGridTool: Rectangle, mode=Remove, in LayerInst#28 "Playerspace" [IntGrid]
[EVENT]        2026-04-19 19:30:38   LayerInstanceEditedByTool
[USERACTION]   2026-04-19 19:30:38   IntGridTool: mode=Remove, in LayerInst#28 "Playerspace" [IntGrid]
[USERACTION]   2026-04-19 19:30:40   IntGridTool: Rectangle, mode=Add, in LayerInst#28 "Playerspace" [IntGrid]
[EVENT]        2026-04-19 19:30:40   LayerInstanceEditedByTool
[USERACTION]   2026-04-19 19:30:40   IntGridTool: mode=Add, in LayerInst#28 "Playerspace" [IntGrid]
[USERACTION]   2026-04-19 19:30:42   IntGridTool: Rectangle, mode=Add, in LayerInst#28 "Playerspace" [IntGrid]
[EVENT]        2026-04-19 19:30:42   LayerInstanceEditedByTool
[USERACTION]   2026-04-19 19:30:42   IntGridTool: mode=Add, in LayerInst#28 "Playerspace" [IntGrid]
[USERACTION]   2026-04-19 19:30:43   IntGridTool: Rectangle, mode=Add, in LayerInst#28 "Playerspace" [IntGrid]
[EVENT]        2026-04-19 19:30:43   LayerInstanceEditedByTool
[USERACTION]   2026-04-19 19:30:43   IntGridTool: mode=Add, in LayerInst#28 "Playerspace" [IntGrid]
[RENDER]       2026-04-19 19:30:44   Rendering world bg...
[USERACTION]   2026-04-19 19:30:46   IntGridTool: Rectangle, mode=Remove, in LayerInst#28 "Playerspace" [IntGrid]
[EVENT]        2026-04-19 19:30:46   LayerInstanceEditedByTool
[USERACTION]   2026-04-19 19:30:46   IntGridTool: mode=Remove, in LayerInst#28 "Playerspace" [IntGrid]
[USERACTION]   2026-04-19 19:30:47   IntGridTool: Rectangle, mode=Remove, in LayerInst#28 "Playerspace" [IntGrid]
[EVENT]        2026-04-19 19:30:47   LayerInstanceEditedByTool
[USERACTION]   2026-04-19 19:30:47   IntGridTool: mode=Remove, in LayerInst#28 "Playerspace" [IntGrid]
[EVENT]        2026-04-19 19:30:48   LayerInstanceSelected 266
[RENDER]       2026-04-19 19:30:48   Rendered level UI
[FILE]         2026-04-19 19:30:49   Reading HTML template entityInstanceEditor from cache
[RENDER]       2026-04-19 19:30:49   Rendering world bg...
[EVENT]        2026-04-19 19:30:49   EntityInstanceChanged 292
[EVENT]        2026-04-19 19:30:49   LayerInstanceChangedGlobally 266
[EVENT]        2026-04-19 19:30:49   LayerInstanceEditedByTool
[USERACTION]   2026-04-19 19:30:49   SelectionTool: mode=Add, in LayerInst#266 "Entities" [Entities]
[RENDER]       2026-04-19 19:30:49   Rendering world bg...
[FILE]         2026-04-19 19:30:50   Reading HTML template entityInstanceEditor from cache
[RENDER]       2026-04-19 19:30:50   Rendering world bg...
[EVENT]        2026-04-19 19:30:52   EntityInstanceChanged 292
[EVENT]        2026-04-19 19:30:52   LayerInstanceChangedGlobally 266
[EVENT]        2026-04-19 19:30:52   LayerInstanceEditedByTool
[USERACTION]   2026-04-19 19:30:52   SelectionTool: mode=Add, in LayerInst#266 "Entities" [Entities]
[RENDER]       2026-04-19 19:30:52   Rendering world bg...
[FILE]         2026-04-19 19:30:54   Reading HTML template entityInstanceEditor from cache
[RENDER]       2026-04-19 19:30:54   Rendering world bg...
[EVENT]        2026-04-19 19:30:55   EntityInstanceChanged 83
[EVENT]        2026-04-19 19:30:55   LayerInstanceChangedGlobally 266
[EVENT]        2026-04-19 19:30:55   LayerInstanceEditedByTool
[USERACTION]   2026-04-19 19:30:55   SelectionTool: mode=Add, in LayerInst#266 "Entities" [Entities]
[RENDER]       2026-04-19 19:30:55   Rendering world bg...
[RENDER]       2026-04-19 19:30:56   Rendering world bg...
[EVENT]        2026-04-19 19:30:57   LayerInstanceSelected 113
[RENDER]       2026-04-19 19:30:58   Rendered level UI
[RENDER]       2026-04-19 19:30:58   Rendering world bg...
[RENDER]       2026-04-19 19:30:59   Rendering world bg...
[EVENT]        2026-04-19 19:31:00   LayerInstanceSelected 28
[RENDER]       2026-04-19 19:31:00   Rendered level UI
[USERACTION]   2026-04-19 19:31:22   IntGridTool: Rectangle, mode=Add, in LayerInst#28 "Playerspace" [IntGrid]
[EVENT]        2026-04-19 19:31:22   LayerInstanceEditedByTool
[USERACTION]   2026-04-19 19:31:22   IntGridTool: mode=Add, in LayerInst#28 "Playerspace" [IntGrid]
[USERACTION]   2026-04-19 19:31:27   IntGridTool: Rectangle, mode=Add, in LayerInst#28 "Playerspace" [IntGrid]
[EVENT]        2026-04-19 19:31:27   LayerInstanceEditedByTool
[USERACTION]   2026-04-19 19:31:27   IntGridTool: mode=Add, in LayerInst#28 "Playerspace" [IntGrid]
[USERACTION]   2026-04-19 19:31:29   IntGridTool: Rectangle, mode=Add, in LayerInst#28 "Playerspace" [IntGrid]
[EVENT]        2026-04-19 19:31:29   LayerInstanceEditedByTool
[USERACTION]   2026-04-19 19:31:29   IntGridTool: mode=Add, in LayerInst#28 "Playerspace" [IntGrid]
[RENDER]       2026-04-19 19:31:59   Rendering world bg...
[EVENT]        2026-04-19 19:31:59   LayerInstanceSelected 266
[RENDER]       2026-04-19 19:32:00   Rendered level UI
[RENDER]       2026-04-19 19:32:00   Rendering world bg...
[FILE]         2026-04-19 19:32:01   Reading HTML template entityInstanceEditor from cache
[RENDER]       2026-04-19 19:32:01   Rendering world bg...
[EVENT]        2026-04-19 19:32:02   EntityInstanceChanged 83
[EVENT]        2026-04-19 19:32:02   LayerInstanceChangedGlobally 266
[EVENT]        2026-04-19 19:32:02   LayerInstanceEditedByTool
[USERACTION]   2026-04-19 19:32:02   SelectionTool: mode=Add, in LayerInst#266 "Entities" [Entities]
[RENDER]       2026-04-19 19:32:02   Rendering world bg...
[RENDER]       2026-04-19 19:32:04   Rendering world bg...
[EVENT]        2026-04-19 19:32:05   LayerInstanceSelected 28
[RENDER]       2026-04-19 19:32:05   Rendered level UI
[USERACTION]   2026-04-19 19:32:08   IntGridTool: Rectangle, mode=Remove, in LayerInst#28 "Playerspace" [IntGrid]
[EVENT]        2026-04-19 19:32:08   LayerInstanceEditedByTool
[USERACTION]   2026-04-19 19:32:08   IntGridTool: mode=Remove, in LayerInst#28 "Playerspace" [IntGrid]
[SAVE]         2026-04-19 19:32:09   Preparing project saving: /home/angrycompany16/gamedev/go/mask_of_the_tomb/assets/LDTK/world.ldtk...
[CACHE]        2026-04-19 19:32:09   Garbaging unused image LdtkIcons_336_208_16_16...
[CACHE]        2026-04-19 19:32:09   Disposing cached image LdtkIcons_336_208_16_16...
[CACHE]        2026-04-19 19:32:09   Garbaging unused image LdtkIcons_336_176_16_16...
[CACHE]        2026-04-19 19:32:09   Disposing cached image LdtkIcons_336_176_16_16...
[CACHE]        2026-04-19 19:32:09   Garbaging unused image LdtkIcons_176_16_16_16...
[CACHE]        2026-04-19 19:32:09   Disposing cached image LdtkIcons_176_16_16_16...
[SAVE]         2026-04-19 19:32:09   => PreChecks...
[SAVE]         2026-04-19 19:32:09   => BeforeSavingActions...
[EVENT]        2026-04-19 19:32:09   BeforeProjectSaving
[SAVE]         2026-04-19 19:32:09   => AutoLayers...
[SAVE]         2026-04-19 19:32:09   => Backup...
[SAVE]         2026-04-19 19:32:09   Backing up /home/angrycompany16/gamedev/go/mask_of_the_tomb/assets/LDTK to /home/angrycompany16/gamedev/go/mask_of_the_tomb/assets/LDTK/world/backups/94589810-c210-11ef-b2e6-99619d5a4f10_2026-04-19_19-32-09...
[SAVE]         2026-04-19 19:32:09     Found 1 files.
[GENERAL]      2026-04-19 19:32:09   Progress created.
[RENDER]       2026-04-19 19:32:09   Rendering world bg...
[GENERAL]      2026-04-19 19:32:09   Progress started: : "Backup", 2 operation(s)
[SAVE]         2026-04-19 19:32:09   Removing older backup: 94589810-c210-11ef-b2e6-99619d5a4f10_2026-04-19_19-15-12
[GENERAL]      2026-04-19 19:32:09   Progress completed: "Backup" (0s)
[SAVE]         2026-04-19 19:32:09     Done!
[GENERAL]      2026-04-19 19:32:09   Progress created.
[RENDER]       2026-04-19 19:32:09   Rendering world bg...
[GENERAL]      2026-04-19 19:32:09   Progress started: : "Preparing levels...", 15 operation(s)
[GENERAL]      2026-04-19 19:32:09   Progress completed: "Preparing levels..." (0s)
[SAVE]         2026-04-19 19:32:09   => SavingMainFile...
[GENERAL]      2026-04-19 19:32:09   Progress created.
[RENDER]       2026-04-19 19:32:09   Rendering world bg...
[GENERAL]      2026-04-19 19:32:09   Progress started: : "Saving main file...", 2 operation(s)
[SAVE]         2026-04-19 19:32:09     Preparing SavingData...
[SAVE]         2026-04-19 19:32:09     Writing /home/angrycompany16/gamedev/go/mask_of_the_tomb/assets/LDTK/world.ldtk...
[GENERAL]      2026-04-19 19:32:09   Progress completed: "Saving main file..." (0.4s)
[FILE]         2026-04-19 19:32:09   Emptying dir /home/angrycompany16/gamedev/go/mask_of_the_tomb/assets/LDTK/world (onlyExts=[ldtkl])...
[SAVE]         2026-04-19 19:32:09   => Done...
[SAVE]         2026-04-19 19:32:09   Saving complete (world.ldtk)
[FILE]         2026-04-19 19:32:09   Saved "world.ldtk".
[EVENT]        2026-04-19 19:32:09   ProjectSaved
[RENDER]       2026-04-19 19:32:09   Rendering world bg...
[RENDER]       2026-04-19 19:32:09   Rendering world level fields data.Level#e52cfcd0-1030-11f0-b12c-fb81b8dc6f61 "Level_8"...
[USERACTION]   2026-04-19 19:32:11   IntGridTool: Rectangle, mode=Add, in LayerInst#28 "Playerspace" [IntGrid]
[EVENT]        2026-04-19 19:32:11   LayerInstanceEditedByTool
[EVENT]        2026-04-19 19:32:11   LevelJsonCacheInvalidated
[USERACTION]   2026-04-19 19:32:11   IntGridTool: mode=Add, in LayerInst#28 "Playerspace" [IntGrid]
[RENDER]       2026-04-19 19:32:11   Rendering world level fields data.Level#e52cfcd0-1030-11f0-b12c-fb81b8dc6f61 "Level_8"...
[USERACTION]   2026-04-19 19:32:14   IntGridTool: Rectangle, mode=Remove, in LayerInst#28 "Playerspace" [IntGrid]
[EVENT]        2026-04-19 19:32:14   LayerInstanceEditedByTool
[USERACTION]   2026-04-19 19:32:14   IntGridTool: mode=Remove, in LayerInst#28 "Playerspace" [IntGrid]
[USERACTION]   2026-04-19 19:32:15   IntGridTool: Rectangle, mode=Add, in LayerInst#28 "Playerspace" [IntGrid]
[EVENT]        2026-04-19 19:32:15   LayerInstanceEditedByTool
[USERACTION]   2026-04-19 19:32:15   IntGridTool: mode=Add, in LayerInst#28 "Playerspace" [IntGrid]
[SAVE]         2026-04-19 19:32:16   Preparing project saving: /home/angrycompany16/gamedev/go/mask_of_the_tomb/assets/LDTK/world.ldtk...
[SAVE]         2026-04-19 19:32:16   => PreChecks...
[SAVE]         2026-04-19 19:32:16   => BeforeSavingActions...
[EVENT]        2026-04-19 19:32:16   BeforeProjectSaving
[SAVE]         2026-04-19 19:32:16   => AutoLayers...
[SAVE]         2026-04-19 19:32:16   => Backup...
[SAVE]         2026-04-19 19:32:16   Backing up /home/angrycompany16/gamedev/go/mask_of_the_tomb/assets/LDTK to /home/angrycompany16/gamedev/go/mask_of_the_tomb/assets/LDTK/world/backups/94589810-c210-11ef-b2e6-99619d5a4f10_2026-04-19_19-32-16...
[SAVE]         2026-04-19 19:32:16     Found 1 files.
[GENERAL]      2026-04-19 19:32:16   Progress created.
[RENDER]       2026-04-19 19:32:16   Rendering world bg...
[GENERAL]      2026-04-19 19:32:16   Progress started: : "Backup", 2 operation(s)
[SAVE]         2026-04-19 19:32:16   Removing older backup: 94589810-c210-11ef-b2e6-99619d5a4f10_2026-04-19_19-15-15
[GENERAL]      2026-04-19 19:32:16   Progress completed: "Backup" (0s)
[SAVE]         2026-04-19 19:32:16     Done!
[GENERAL]      2026-04-19 19:32:16   Progress created.
[RENDER]       2026-04-19 19:32:16   Rendering world bg...
[GENERAL]      2026-04-19 19:32:16   Progress started: : "Preparing levels...", 15 operation(s)
[GENERAL]      2026-04-19 19:32:16   Progress completed: "Preparing levels..." (0s)
[SAVE]         2026-04-19 19:32:16   => SavingMainFile...
[GENERAL]      2026-04-19 19:32:16   Progress created.
[RENDER]       2026-04-19 19:32:16   Rendering world bg...
[GENERAL]      2026-04-19 19:32:16   Progress started: : "Saving main file...", 2 operation(s)
[SAVE]         2026-04-19 19:32:16     Preparing SavingData...
[SAVE]         2026-04-19 19:32:16     Writing /home/angrycompany16/gamedev/go/mask_of_the_tomb/assets/LDTK/world.ldtk...
[GENERAL]      2026-04-19 19:32:16   Progress completed: "Saving main file..." (0.4s)
[FILE]         2026-04-19 19:32:16   Emptying dir /home/angrycompany16/gamedev/go/mask_of_the_tomb/assets/LDTK/world (onlyExts=[ldtkl])...
[SAVE]         2026-04-19 19:32:16   => Done...
[SAVE]         2026-04-19 19:32:16   Saving complete (world.ldtk)
[FILE]         2026-04-19 19:32:16   Saved "world.ldtk".
[EVENT]        2026-04-19 19:32:16   ProjectSaved
[RENDER]       2026-04-19 19:32:16   Rendering world bg...
[RENDER]       2026-04-19 19:32:17   Rendering world level fields data.Level#e52cfcd0-1030-11f0-b12c-fb81b8dc6f61 "Level_8"...
[USERACTION]   2026-04-19 19:32:43   IntGridTool: Rectangle, mode=Remove, in LayerInst#28 "Playerspace" [IntGrid]
[EVENT]        2026-04-19 19:32:43   LayerInstanceEditedByTool
[EVENT]        2026-04-19 19:32:43   LevelJsonCacheInvalidated
[USERACTION]   2026-04-19 19:32:43   IntGridTool: mode=Remove, in LayerInst#28 "Playerspace" [IntGrid]
[RENDER]       2026-04-19 19:32:43   Rendering world level fields data.Level#e52cfcd0-1030-11f0-b12c-fb81b8dc6f61 "Level_8"...
[USERACTION]   2026-04-19 19:32:45   IntGridTool: Rectangle, mode=Remove, in LayerInst#28 "Playerspace" [IntGrid]
[EVENT]        2026-04-19 19:32:45   LayerInstanceEditedByTool
[USERACTION]   2026-04-19 19:32:45   IntGridTool: mode=Remove, in LayerInst#28 "Playerspace" [IntGrid]
[USERACTION]   2026-04-19 19:32:49   IntGridTool: Rectangle, mode=Remove, in LayerInst#28 "Playerspace" [IntGrid]
[EVENT]        2026-04-19 19:32:49   LayerInstanceEditedByTool
[USERACTION]   2026-04-19 19:32:49   IntGridTool: mode=Remove, in LayerInst#28 "Playerspace" [IntGrid]
[USERACTION]   2026-04-19 19:32:50   IntGridTool: Rectangle, mode=Add, in LayerInst#28 "Playerspace" [IntGrid]
[EVENT]        2026-04-19 19:32:50   LayerInstanceEditedByTool
[USERACTION]   2026-04-19 19:32:50   IntGridTool: mode=Add, in LayerInst#28 "Playerspace" [IntGrid]
[USERACTION]   2026-04-19 19:32:52   IntGridTool: Rectangle, mode=Add, in LayerInst#28 "Playerspace" [IntGrid]
[EVENT]        2026-04-19 19:32:52   LayerInstanceEditedByTool
[USERACTION]   2026-04-19 19:32:52   IntGridTool: mode=Add, in LayerInst#28 "Playerspace" [IntGrid]
[USERACTION]   2026-04-19 19:32:54   IntGridTool: Rectangle, mode=Add, in LayerInst#28 "Playerspace" [IntGrid]
[EVENT]        2026-04-19 19:32:54   LayerInstanceEditedByTool
[USERACTION]   2026-04-19 19:32:54   IntGridTool: mode=Add, in LayerInst#28 "Playerspace" [IntGrid]
[USERACTION]   2026-04-19 19:32:58   IntGridTool: Rectangle, mode=Add, in LayerInst#28 "Playerspace" [IntGrid]
[EVENT]        2026-04-19 19:32:58   LayerInstanceEditedByTool
[USERACTION]   2026-04-19 19:32:58   IntGridTool: mode=Add, in LayerInst#28 "Playerspace" [IntGrid]
[USERACTION]   2026-04-19 19:32:59   Undo
[EVENT]        2026-04-19 19:32:59   LayerInstancesRestoredFromHistory Entities,Foreground,PlayerspaceAlt,Playerspace,Props,MidgroundSprites,BackgroundTiles
[RENDER]       2026-04-19 19:32:59   Rendering world bg...
[USERACTION]   2026-04-19 19:33:01   IntGridTool: Rectangle, mode=Add, in LayerInst#28 "Playerspace" [IntGrid]
[EVENT]        2026-04-19 19:33:01   LayerInstanceEditedByTool
[USERACTION]   2026-04-19 19:33:01   IntGridTool: mode=Add, in LayerInst#28 "Playerspace" [IntGrid]
[SAVE]         2026-04-19 19:33:01   Preparing project saving: /home/angrycompany16/gamedev/go/mask_of_the_tomb/assets/LDTK/world.ldtk...
[SAVE]         2026-04-19 19:33:01   => PreChecks...
[SAVE]         2026-04-19 19:33:01   => BeforeSavingActions...
[EVENT]        2026-04-19 19:33:01   BeforeProjectSaving
[SAVE]         2026-04-19 19:33:01   => AutoLayers...
[SAVE]         2026-04-19 19:33:01   => Backup...
[SAVE]         2026-04-19 19:33:01   Backing up /home/angrycompany16/gamedev/go/mask_of_the_tomb/assets/LDTK to /home/angrycompany16/gamedev/go/mask_of_the_tomb/assets/LDTK/world/backups/94589810-c210-11ef-b2e6-99619d5a4f10_2026-04-19_19-33-01...
[SAVE]         2026-04-19 19:33:01     Found 1 files.
[GENERAL]      2026-04-19 19:33:01   Progress created.
[RENDER]       2026-04-19 19:33:01   Rendering world bg...
[GENERAL]      2026-04-19 19:33:01   Progress started: : "Backup", 2 operation(s)
[SAVE]         2026-04-19 19:33:01   Removing older backup: 94589810-c210-11ef-b2e6-99619d5a4f10_2026-04-19_19-17-08
[GENERAL]      2026-04-19 19:33:01   Progress completed: "Backup" (0s)
[SAVE]         2026-04-19 19:33:01     Done!
[GENERAL]      2026-04-19 19:33:01   Progress created.
[RENDER]       2026-04-19 19:33:01   Rendering world bg...
[GENERAL]      2026-04-19 19:33:01   Progress started: : "Preparing levels...", 15 operation(s)
[GENERAL]      2026-04-19 19:33:01   Progress completed: "Preparing levels..." (0s)
[SAVE]         2026-04-19 19:33:01   => SavingMainFile...
[GENERAL]      2026-04-19 19:33:01   Progress created.
[RENDER]       2026-04-19 19:33:01   Rendering world bg...
[GENERAL]      2026-04-19 19:33:01   Progress started: : "Saving main file...", 2 operation(s)
[SAVE]         2026-04-19 19:33:01     Preparing SavingData...
[SAVE]         2026-04-19 19:33:02     Writing /home/angrycompany16/gamedev/go/mask_of_the_tomb/assets/LDTK/world.ldtk...
[GENERAL]      2026-04-19 19:33:02   Progress completed: "Saving main file..." (0.4s)
[FILE]         2026-04-19 19:33:02   Emptying dir /home/angrycompany16/gamedev/go/mask_of_the_tomb/assets/LDTK/world (onlyExts=[ldtkl])...
[SAVE]         2026-04-19 19:33:02   => Done...
[SAVE]         2026-04-19 19:33:02   Saving complete (world.ldtk)
[FILE]         2026-04-19 19:33:02   Saved "world.ldtk".
[EVENT]        2026-04-19 19:33:02   ProjectSaved
[RENDER]       2026-04-19 19:33:02   Rendering world bg...
[RENDER]       2026-04-19 19:33:02   Rendering world level fields data.Level#e52cfcd0-1030-11f0-b12c-fb81b8dc6f61 "Level_8"...
[SAVE]         2026-04-19 19:33:05   Preparing project saving: /home/angrycompany16/gamedev/go/mask_of_the_tomb/assets/LDTK/world.ldtk...
[SAVE]         2026-04-19 19:33:05   => PreChecks...
[SAVE]         2026-04-19 19:33:05   => BeforeSavingActions...
[EVENT]        2026-04-19 19:33:05   BeforeProjectSaving
[SAVE]         2026-04-19 19:33:05   => AutoLayers...
[SAVE]         2026-04-19 19:33:05   => Backup...
[SAVE]         2026-04-19 19:33:05   Backing up /home/angrycompany16/gamedev/go/mask_of_the_tomb/assets/LDTK to /home/angrycompany16/gamedev/go/mask_of_the_tomb/assets/LDTK/world/backups/94589810-c210-11ef-b2e6-99619d5a4f10_2026-04-19_19-33-05...
[SAVE]         2026-04-19 19:33:05     Found 1 files.
[GENERAL]      2026-04-19 19:33:05   Progress created.
[RENDER]       2026-04-19 19:33:05   Rendering world bg...
[GENERAL]      2026-04-19 19:33:05   Progress started: : "Backup", 2 operation(s)
[SAVE]         2026-04-19 19:33:05   Removing older backup: 94589810-c210-11ef-b2e6-99619d5a4f10_2026-04-19_19-18-25
[GENERAL]      2026-04-19 19:33:05   Progress completed: "Backup" (0s)
[SAVE]         2026-04-19 19:33:05     Done!
[GENERAL]      2026-04-19 19:33:05   Progress created.
[RENDER]       2026-04-19 19:33:05   Rendering world bg...
[GENERAL]      2026-04-19 19:33:05   Progress started: : "Preparing levels...", 15 operation(s)
[GENERAL]      2026-04-19 19:33:05   Progress completed: "Preparing levels..." (0s)
[SAVE]         2026-04-19 19:33:05   => SavingMainFile...
[GENERAL]      2026-04-19 19:33:05   Progress created.
[RENDER]       2026-04-19 19:33:05   Rendering world bg...
[GENERAL]      2026-04-19 19:33:05   Progress started: : "Saving main file...", 2 operation(s)
[SAVE]         2026-04-19 19:33:05     Preparing SavingData...
[SAVE]         2026-04-19 19:33:06     Writing /home/angrycompany16/gamedev/go/mask_of_the_tomb/assets/LDTK/world.ldtk...
[GENERAL]      2026-04-19 19:33:06   Progress completed: "Saving main file..." (0.3s)
[FILE]         2026-04-19 19:33:06   Emptying dir /home/angrycompany16/gamedev/go/mask_of_the_tomb/assets/LDTK/world (onlyExts=[ldtkl])...
[SAVE]         2026-04-19 19:33:06   => Done...
[SAVE]         2026-04-19 19:33:06   Saving complete (world.ldtk)
[FILE]         2026-04-19 19:33:06   Saved "world.ldtk".
[EVENT]        2026-04-19 19:33:06   ProjectSaved
[RENDER]       2026-04-19 19:33:06   Rendering world bg...
[RENDER]       2026-04-19 19:33:06   Rendering world level fields data.Level#e52cfcd0-1030-11f0-b12c-fb81b8dc6f61 "Level_8"...
[EVENT]        2026-04-19 19:34:14   LayerInstanceSelected 266
[RENDER]       2026-04-19 19:34:14   Rendered level UI
[RENDER]       2026-04-19 19:34:14   Rendering world bg...
[RENDER]       2026-04-19 19:34:15   Rendering world bg...
[EVENT]        2026-04-19 19:34:16   LayerInstanceEditedByTool
[EVENT]        2026-04-19 19:34:16   LevelJsonCacheInvalidated
[USERACTION]   2026-04-19 19:34:16   EntityTool: mode=Add, in LayerInst#266 "Entities" [Entities]
[FILE]         2026-04-19 19:34:16   Reading HTML template entityInstanceEditor from cache
[USERACTION]   2026-04-19 19:34:16   Added entity EntityInst "Platform" @32,144
[EVENT]        2026-04-19 19:34:16   EntityInstanceAdded 292
[RENDER]       2026-04-19 19:34:16   Rendering world bg...
[RENDER]       2026-04-19 19:34:16   Rendering world level fields data.Level#e52cfcd0-1030-11f0-b12c-fb81b8dc6f61 "Level_8"...
[EVENT]        2026-04-19 19:34:17   EntityInstanceChanged 292
[RENDER]       2026-04-19 19:34:17   Rendering world bg...
[EVENT]        2026-04-19 19:34:17   EntityInstanceChanged 292
[RENDER]       2026-04-19 19:34:17   Rendering world bg...
[EVENT]        2026-04-19 19:34:17   EntityInstanceChanged 292
[RENDER]       2026-04-19 19:34:17   Rendering world bg...
[EVENT]        2026-04-19 19:34:17   EntityInstanceChanged 292
[RENDER]       2026-04-19 19:34:17   Rendering world bg...
[EVENT]        2026-04-19 19:34:17   EntityInstanceChanged 292
[RENDER]       2026-04-19 19:34:17   Rendering world bg...
[EVENT]        2026-04-19 19:34:17   EntityInstanceChanged 292
[RENDER]       2026-04-19 19:34:17   Rendering world bg...
[EVENT]        2026-04-19 19:34:17   EntityInstanceChanged 292
[RENDER]       2026-04-19 19:34:17   Rendering world bg...
[EVENT]        2026-04-19 19:34:17   EntityInstanceChanged 292
[RENDER]       2026-04-19 19:34:17   Rendering world bg...
[EVENT]        2026-04-19 19:34:17   EntityInstanceChanged 292
[RENDER]       2026-04-19 19:34:17   Rendering world bg...
[EVENT]        2026-04-19 19:34:17   EntityInstanceChanged 292
[RENDER]       2026-04-19 19:34:17   Rendering world bg...
[EVENT]        2026-04-19 19:34:17   EntityInstanceChanged 292
[RENDER]       2026-04-19 19:34:17   Rendering world bg...
[EVENT]        2026-04-19 19:34:17   EntityInstanceChanged 292
[RENDER]       2026-04-19 19:34:17   Rendering world bg...
[EVENT]        2026-04-19 19:34:17   EntityInstanceChanged 292
[RENDER]       2026-04-19 19:34:17   Rendering world bg...
[EVENT]        2026-04-19 19:34:17   EntityInstanceChanged 292
[RENDER]       2026-04-19 19:34:17   Rendering world bg...
[EVENT]        2026-04-19 19:34:17   EntityInstanceChanged 292
[RENDER]       2026-04-19 19:34:17   Rendering world bg...
[EVENT]        2026-04-19 19:34:17   EntityInstanceChanged 292
[RENDER]       2026-04-19 19:34:17   Rendering world bg...
[EVENT]        2026-04-19 19:34:17   EntityInstanceChanged 292
[RENDER]       2026-04-19 19:34:17   Rendering world bg...
[EVENT]        2026-04-19 19:34:17   EntityInstanceChanged 292
[RENDER]       2026-04-19 19:34:17   Rendering world bg...
[RENDER]       2026-04-19 19:34:19   Rendering world bg...
[RENDER]       2026-04-19 19:34:19   Rendering world bg...
[EVENT]        2026-04-19 19:34:21   EntityFieldInstanceChanged 473
[USERACTION]   2026-04-19 19:34:21   Changed field: FieldInst "Direction" = Up [ [V_String(Up)] ]
[RENDER]       2026-04-19 19:34:21   Rendering world bg...
[EVENT]        2026-04-19 19:34:22   LayerInstanceSelected 28
[RENDER]       2026-04-19 19:34:22   Rendered level UI
[RENDER]       2026-04-19 19:34:23   Rendering world bg...
[SAVE]         2026-04-19 19:34:54   Preparing project saving: /home/angrycompany16/gamedev/go/mask_of_the_tomb/assets/LDTK/world.ldtk...
[CACHE]        2026-04-19 19:34:54   Garbaging unused image LdtkIcons_336_208_16_16...
[CACHE]        2026-04-19 19:34:54   Disposing cached image LdtkIcons_336_208_16_16...
[CACHE]        2026-04-19 19:34:54   Garbaging unused image LdtkIcons_336_176_16_16...
[CACHE]        2026-04-19 19:34:54   Disposing cached image LdtkIcons_336_176_16_16...
[CACHE]        2026-04-19 19:34:54   Garbaging unused image LdtkIcons_176_16_16_16...
[CACHE]        2026-04-19 19:34:54   Disposing cached image LdtkIcons_176_16_16_16...
[SAVE]         2026-04-19 19:34:54   => PreChecks...
[SAVE]         2026-04-19 19:34:54   => BeforeSavingActions...
[EVENT]        2026-04-19 19:34:54   BeforeProjectSaving
[SAVE]         2026-04-19 19:34:54   => AutoLayers...
[SAVE]         2026-04-19 19:34:54   => Backup...
[SAVE]         2026-04-19 19:34:54   Backing up /home/angrycompany16/gamedev/go/mask_of_the_tomb/assets/LDTK to /home/angrycompany16/gamedev/go/mask_of_the_tomb/assets/LDTK/world/backups/94589810-c210-11ef-b2e6-99619d5a4f10_2026-04-19_19-34-54...
[SAVE]         2026-04-19 19:34:54     Found 1 files.
[GENERAL]      2026-04-19 19:34:54   Progress created.
[RENDER]       2026-04-19 19:34:54   Rendering world bg...
[GENERAL]      2026-04-19 19:34:54   Progress started: : "Backup", 2 operation(s)
[SAVE]         2026-04-19 19:34:54   Removing older backup: 94589810-c210-11ef-b2e6-99619d5a4f10_2026-04-19_19-19-06
[GENERAL]      2026-04-19 19:34:54   Progress completed: "Backup" (0s)
[SAVE]         2026-04-19 19:34:54     Done!
[GENERAL]      2026-04-19 19:34:54   Progress created.
[RENDER]       2026-04-19 19:34:54   Rendering world bg...
[GENERAL]      2026-04-19 19:34:54   Progress started: : "Preparing levels...", 15 operation(s)
[GENERAL]      2026-04-19 19:34:54   Progress completed: "Preparing levels..." (0s)
[SAVE]         2026-04-19 19:34:54   => SavingMainFile...
[GENERAL]      2026-04-19 19:34:54   Progress created.
[RENDER]       2026-04-19 19:34:54   Rendering world bg...
[GENERAL]      2026-04-19 19:34:54   Progress started: : "Saving main file...", 2 operation(s)
[SAVE]         2026-04-19 19:34:54     Preparing SavingData...
[SAVE]         2026-04-19 19:34:55     Writing /home/angrycompany16/gamedev/go/mask_of_the_tomb/assets/LDTK/world.ldtk...
[GENERAL]      2026-04-19 19:34:55   Progress completed: "Saving main file..." (0.4s)
[FILE]         2026-04-19 19:34:55   Emptying dir /home/angrycompany16/gamedev/go/mask_of_the_tomb/assets/LDTK/world (onlyExts=[ldtkl])...
[SAVE]         2026-04-19 19:34:55   => Done...
[SAVE]         2026-04-19 19:34:55   Saving complete (world.ldtk)
[FILE]         2026-04-19 19:34:55   Saved "world.ldtk".
[EVENT]        2026-04-19 19:34:55   ProjectSaved
[RENDER]       2026-04-19 19:34:55   Rendering world bg...
[RENDER]       2026-04-19 19:34:55   Rendering world level fields data.Level#e52cfcd0-1030-11f0-b12c-fb81b8dc6f61 "Level_8"...
[RENDER]       2026-04-19 19:35:02   Rendering world bg...
[SAVE]         2026-04-19 19:35:03   Preparing project saving: /home/angrycompany16/gamedev/go/mask_of_the_tomb/assets/LDTK/world.ldtk...
[SAVE]         2026-04-19 19:35:03   => PreChecks...
[SAVE]         2026-04-19 19:35:03   => BeforeSavingActions...
[EVENT]        2026-04-19 19:35:03   BeforeProjectSaving
[SAVE]         2026-04-19 19:35:03   => AutoLayers...
[SAVE]         2026-04-19 19:35:03   => Backup...
[SAVE]         2026-04-19 19:35:03   Backing up /home/angrycompany16/gamedev/go/mask_of_the_tomb/assets/LDTK to /home/angrycompany16/gamedev/go/mask_of_the_tomb/assets/LDTK/world/backups/94589810-c210-11ef-b2e6-99619d5a4f10_2026-04-19_19-35-03...
[SAVE]         2026-04-19 19:35:03     Found 1 files.
[GENERAL]      2026-04-19 19:35:03   Progress created.
[RENDER]       2026-04-19 19:35:03   Rendering world bg...
[GENERAL]      2026-04-19 19:35:03   Progress started: : "Backup", 2 operation(s)
[SAVE]         2026-04-19 19:35:03   Removing older backup: 94589810-c210-11ef-b2e6-99619d5a4f10_2026-04-19_19-19-16
[GENERAL]      2026-04-19 19:35:03   Progress completed: "Backup" (0s)
[SAVE]         2026-04-19 19:35:03     Done!
[GENERAL]      2026-04-19 19:35:03   Progress created.
[RENDER]       2026-04-19 19:35:03   Rendering world bg...
[GENERAL]      2026-04-19 19:35:03   Progress started: : "Preparing levels...", 15 operation(s)
[GENERAL]      2026-04-19 19:35:03   Progress completed: "Preparing levels..." (0s)
[SAVE]         2026-04-19 19:35:03   => SavingMainFile...
[GENERAL]      2026-04-19 19:35:03   Progress created.
[RENDER]       2026-04-19 19:35:03   Rendering world bg...
[GENERAL]      2026-04-19 19:35:03   Progress started: : "Saving main file...", 2 operation(s)
[SAVE]         2026-04-19 19:35:03     Preparing SavingData...
[SAVE]         2026-04-19 19:35:03     Writing /home/angrycompany16/gamedev/go/mask_of_the_tomb/assets/LDTK/world.ldtk...
[GENERAL]      2026-04-19 19:35:03   Progress completed: "Saving main file..." (0.4s)
[FILE]         2026-04-19 19:35:03   Emptying dir /home/angrycompany16/gamedev/go/mask_of_the_tomb/assets/LDTK/world (onlyExts=[ldtkl])...
[SAVE]         2026-04-19 19:35:03   => Done...
[SAVE]         2026-04-19 19:35:03   Saving complete (world.ldtk)
[FILE]         2026-04-19 19:35:03   Saved "world.ldtk".
[EVENT]        2026-04-19 19:35:03   ProjectSaved
[RENDER]       2026-04-19 19:35:03   Rendering world bg...
[RENDER]       2026-04-19 19:35:03   Rendering world level fields data.Level#e52cfcd0-1030-11f0-b12c-fb81b8dc6f61 "Level_8"...
[RENDER]       2026-04-19 19:35:06   Rendering world bg...
[RENDER]       2026-04-19 19:35:08   Rendering world bg...
[EVENT]        2026-04-19 19:35:09   LayerInstanceSelected 178
[RENDER]       2026-04-19 19:35:10   Rendered level UI
[RENDER]       2026-04-19 19:35:10   Rendering world bg...
[EVENT]        2026-04-19 19:35:11   ToolValueSelected
[EVENT]        2026-04-19 19:35:12   LayerInstanceEditedByTool
[EVENT]        2026-04-19 19:35:12   LevelJsonCacheInvalidated
[RENDER]       2026-04-19 19:35:12   Rendering world level fields data.Level#e52cfcd0-1030-11f0-b12c-fb81b8dc6f61 "Level_8"...
[EVENT]        2026-04-19 19:35:12   LayerInstanceEditedByTool
[USERACTION]   2026-04-19 19:35:12   TileTool: mode=Add, in LayerInst#178 "MidgroundSprites" [Tiles]
[EVENT]        2026-04-19 19:35:14   LayerInstanceEditedByTool
[EVENT]        2026-04-19 19:35:14   LayerInstanceEditedByTool
[USERACTION]   2026-04-19 19:35:14   TileTool: mode=Add, in LayerInst#178 "MidgroundSprites" [Tiles]
[RENDER]       2026-04-19 19:35:14   Rendering world bg...
[EVENT]        2026-04-19 19:35:15   ToolValueSelected
[EVENT]        2026-04-19 19:35:16   LayerInstanceEditedByTool
[EVENT]        2026-04-19 19:35:16   LayerInstanceEditedByTool
[EVENT]        2026-04-19 19:35:16   LayerInstanceEditedByTool
[EVENT]        2026-04-19 19:35:16   LayerInstanceEditedByTool
[EVENT]        2026-04-19 19:35:16   LayerInstanceEditedByTool
[EVENT]        2026-04-19 19:35:16   LayerInstanceEditedByTool
[EVENT]        2026-04-19 19:35:16   LayerInstanceEditedByTool
[EVENT]        2026-04-19 19:35:16   LayerInstanceEditedByTool
[EVENT]        2026-04-19 19:35:16   LayerInstanceEditedByTool
[EVENT]        2026-04-19 19:35:16   LayerInstanceEditedByTool
[EVENT]        2026-04-19 19:35:16   LayerInstanceEditedByTool
[EVENT]        2026-04-19 19:35:16   LayerInstanceEditedByTool
[EVENT]        2026-04-19 19:35:16   LayerInstanceEditedByTool
[EVENT]        2026-04-19 19:35:16   LayerInstanceEditedByTool
[EVENT]        2026-04-19 19:35:16   LayerInstanceEditedByTool
[EVENT]        2026-04-19 19:35:16   LayerInstanceEditedByTool
[EVENT]        2026-04-19 19:35:16   LayerInstanceEditedByTool
[EVENT]        2026-04-19 19:35:16   LayerInstanceEditedByTool
[EVENT]        2026-04-19 19:35:16   LayerInstanceEditedByTool
[EVENT]        2026-04-19 19:35:16   LayerInstanceEditedByTool
[EVENT]        2026-04-19 19:35:16   LayerInstanceEditedByTool
[EVENT]        2026-04-19 19:35:16   LayerInstanceEditedByTool
[EVENT]        2026-04-19 19:35:16   LayerInstanceEditedByTool
[EVENT]        2026-04-19 19:35:16   LayerInstanceEditedByTool
[EVENT]        2026-04-19 19:35:16   LayerInstanceEditedByTool
[EVENT]        2026-04-19 19:35:16   LayerInstanceEditedByTool
[EVENT]        2026-04-19 19:35:16   LayerInstanceEditedByTool
[EVENT]        2026-04-19 19:35:16   LayerInstanceEditedByTool
[EVENT]        2026-04-19 19:35:16   LayerInstanceEditedByTool
[EVENT]        2026-04-19 19:35:16   LayerInstanceEditedByTool
[EVENT]        2026-04-19 19:35:16   LayerInstanceEditedByTool
[EVENT]        2026-04-19 19:35:16   LayerInstanceEditedByTool
[EVENT]        2026-04-19 19:35:16   LayerInstanceEditedByTool
[EVENT]        2026-04-19 19:35:16   LayerInstanceEditedByTool
[EVENT]        2026-04-19 19:35:16   LayerInstanceEditedByTool
[EVENT]        2026-04-19 19:35:16   LayerInstanceEditedByTool
[EVENT]        2026-04-19 19:35:17   LayerInstanceEditedByTool
[USERACTION]   2026-04-19 19:35:17   TileTool: mode=Add, in LayerInst#178 "MidgroundSprites" [Tiles]
[RENDER]       2026-04-19 19:35:17   Rendering world bg...
[EVENT]        2026-04-19 19:35:18   ToolValueSelected
[EVENT]        2026-04-19 19:35:20   LayerInstanceEditedByTool
[EVENT]        2026-04-19 19:35:20   LayerInstanceEditedByTool
[USERACTION]   2026-04-19 19:35:20   TileTool: mode=Add, in LayerInst#178 "MidgroundSprites" [Tiles]
[EVENT]        2026-04-19 19:35:22   LayerInstanceEditedByTool
[EVENT]        2026-04-19 19:35:22   LayerInstanceEditedByTool
[USERACTION]   2026-04-19 19:35:22   TileTool: mode=Add, in LayerInst#178 "MidgroundSprites" [Tiles]
[RENDER]       2026-04-19 19:35:22   Rendering world bg...
[EVENT]        2026-04-19 19:35:23   ToolValueSelected
[EVENT]        2026-04-19 19:35:24   LayerInstanceEditedByTool
[EVENT]        2026-04-19 19:35:24   LayerInstanceEditedByTool
[EVENT]        2026-04-19 19:35:24   LayerInstanceEditedByTool
[EVENT]        2026-04-19 19:35:24   LayerInstanceEditedByTool
[EVENT]        2026-04-19 19:35:24   LayerInstanceEditedByTool
[EVENT]        2026-04-19 19:35:24   LayerInstanceEditedByTool
[EVENT]        2026-04-19 19:35:24   LayerInstanceEditedByTool
[EVENT]        2026-04-19 19:35:24   LayerInstanceEditedByTool
[EVENT]        2026-04-19 19:35:24   LayerInstanceEditedByTool
[EVENT]        2026-04-19 19:35:24   LayerInstanceEditedByTool
[EVENT]        2026-04-19 19:35:24   LayerInstanceEditedByTool
[EVENT]        2026-04-19 19:35:24   LayerInstanceEditedByTool
[EVENT]        2026-04-19 19:35:24   LayerInstanceEditedByTool
[EVENT]        2026-04-19 19:35:24   LayerInstanceEditedByTool
[EVENT]        2026-04-19 19:35:25   LayerInstanceEditedByTool
[EVENT]        2026-04-19 19:35:25   LayerInstanceEditedByTool
[EVENT]        2026-04-19 19:35:25   LayerInstanceEditedByTool
[EVENT]        2026-04-19 19:35:25   LayerInstanceEditedByTool
[USERACTION]   2026-04-19 19:35:25   TileTool: mode=Add, in LayerInst#178 "MidgroundSprites" [Tiles]
[EVENT]        2026-04-19 19:35:26   LayerInstanceEditedByTool
[EVENT]        2026-04-19 19:35:26   LayerInstanceEditedByTool
[USERACTION]   2026-04-19 19:35:26   TileTool: mode=Add, in LayerInst#178 "MidgroundSprites" [Tiles]
[RENDER]       2026-04-19 19:35:27   Rendering world bg...
[EVENT]        2026-04-19 19:35:27   ToolValueSelected
[EVENT]        2026-04-19 19:35:28   LayerInstanceEditedByTool
[EVENT]        2026-04-19 19:35:28   LayerInstanceEditedByTool
[USERACTION]   2026-04-19 19:35:28   TileTool: mode=Add, in LayerInst#178 "MidgroundSprites" [Tiles]
[EVENT]        2026-04-19 19:35:29   LayerInstanceEditedByTool
[EVENT]        2026-04-19 19:35:29   LayerInstanceEditedByTool
[USERACTION]   2026-04-19 19:35:29   TileTool: mode=Add, in LayerInst#178 "MidgroundSprites" [Tiles]
[SAVE]         2026-04-19 19:35:29   Preparing project saving: /home/angrycompany16/gamedev/go/mask_of_the_tomb/assets/LDTK/world.ldtk...
[SAVE]         2026-04-19 19:35:29   => PreChecks...
[SAVE]         2026-04-19 19:35:29   => BeforeSavingActions...
[EVENT]        2026-04-19 19:35:29   BeforeProjectSaving
[SAVE]         2026-04-19 19:35:29   => AutoLayers...
[SAVE]         2026-04-19 19:35:29   => Backup...
[SAVE]         2026-04-19 19:35:29   Backing up /home/angrycompany16/gamedev/go/mask_of_the_tomb/assets/LDTK to /home/angrycompany16/gamedev/go/mask_of_the_tomb/assets/LDTK/world/backups/94589810-c210-11ef-b2e6-99619d5a4f10_2026-04-19_19-35-29...
[SAVE]         2026-04-19 19:35:29     Found 1 files.
[GENERAL]      2026-04-19 19:35:29   Progress created.
[RENDER]       2026-04-19 19:35:29   Rendering world bg...
[GENERAL]      2026-04-19 19:35:29   Progress started: : "Backup", 2 operation(s)
[SAVE]         2026-04-19 19:35:29   Removing older backup: 94589810-c210-11ef-b2e6-99619d5a4f10_2026-04-19_19-19-22
[GENERAL]      2026-04-19 19:35:29   Progress completed: "Backup" (0s)
[SAVE]         2026-04-19 19:35:29     Done!
[GENERAL]      2026-04-19 19:35:29   Progress created.
[RENDER]       2026-04-19 19:35:29   Rendering world bg...
[GENERAL]      2026-04-19 19:35:29   Progress started: : "Preparing levels...", 15 operation(s)
[GENERAL]      2026-04-19 19:35:29   Progress completed: "Preparing levels..." (0s)
[SAVE]         2026-04-19 19:35:29   => SavingMainFile...
[GENERAL]      2026-04-19 19:35:29   Progress created.
[RENDER]       2026-04-19 19:35:29   Rendering world bg...
[GENERAL]      2026-04-19 19:35:30   Progress started: : "Saving main file...", 2 operation(s)
[SAVE]         2026-04-19 19:35:30     Preparing SavingData...
[SAVE]         2026-04-19 19:35:30     Writing /home/angrycompany16/gamedev/go/mask_of_the_tomb/assets/LDTK/world.ldtk...
[GENERAL]      2026-04-19 19:35:30   Progress completed: "Saving main file..." (0.4s)
[FILE]         2026-04-19 19:35:30   Emptying dir /home/angrycompany16/gamedev/go/mask_of_the_tomb/assets/LDTK/world (onlyExts=[ldtkl])...
[SAVE]         2026-04-19 19:35:30   => Done...
[SAVE]         2026-04-19 19:35:30   Saving complete (world.ldtk)
[FILE]         2026-04-19 19:35:30   Saved "world.ldtk".
[EVENT]        2026-04-19 19:35:30   ProjectSaved
[RENDER]       2026-04-19 19:35:30   Rendering world bg...
[RENDER]       2026-04-19 19:35:30   Rendering world level fields data.Level#e52cfcd0-1030-11f0-b12c-fb81b8dc6f61 "Level_8"...
[RENDER]       2026-04-19 19:36:15   Rendering world bg...
[RENDER]       2026-04-19 19:36:15   Rendering world bg...
[EVENT]        2026-04-19 19:36:18   LayerInstanceSelected 28
[RENDER]       2026-04-19 19:36:18   Rendered level UI
[RENDER]       2026-04-19 19:36:18   Rendering world bg...
[EVENT]        2026-04-19 19:36:37   LayerInstanceEditedByTool
[EVENT]        2026-04-19 19:36:37   LevelJsonCacheInvalidated
[RENDER]       2026-04-19 19:36:37   Rendering world level fields data.Level#e52cfcd0-1030-11f0-b12c-fb81b8dc6f61 "Level_8"...
[EVENT]        2026-04-19 19:36:37   LayerInstanceEditedByTool
[EVENT]        2026-04-19 19:36:37   LayerInstanceEditedByTool
[EVENT]        2026-04-19 19:36:37   LayerInstanceEditedByTool
[EVENT]        2026-04-19 19:36:37   LayerInstanceEditedByTool
[EVENT]        2026-04-19 19:36:38   LayerInstanceEditedByTool
[EVENT]        2026-04-19 19:36:38   LayerInstanceEditedByTool
[USERACTION]   2026-04-19 19:36:38   IntGridTool: mode=Add, in LayerInst#28 "Playerspace" [IntGrid]
[EVENT]        2026-04-19 19:36:39   LayerInstanceEditedByTool
[USERACTION]   2026-04-19 19:36:39   IntGridTool: mode=Add, in LayerInst#28 "Playerspace" [IntGrid]
[EVENT]        2026-04-19 19:36:41   LayerInstanceEditedByTool
[EVENT]        2026-04-19 19:36:41   LayerInstanceEditedByTool
[EVENT]        2026-04-19 19:36:41   LayerInstanceEditedByTool
[EVENT]        2026-04-19 19:36:41   LayerInstanceEditedByTool
[EVENT]        2026-04-19 19:36:41   LayerInstanceEditedByTool
[EVENT]        2026-04-19 19:36:42   LayerInstanceEditedByTool
[EVENT]        2026-04-19 19:36:42   LayerInstanceEditedByTool
[EVENT]        2026-04-19 19:36:42   LayerInstanceEditedByTool
[USERACTION]   2026-04-19 19:36:43   IntGridTool: mode=Remove, in LayerInst#28 "Playerspace" [IntGrid]
[USERACTION]   2026-04-19 19:36:51   IntGridTool: Rectangle, mode=Add, in LayerInst#28 "Playerspace" [IntGrid]
[EVENT]        2026-04-19 19:36:51   LayerInstanceEditedByTool
[USERACTION]   2026-04-19 19:36:51   IntGridTool: mode=Add, in LayerInst#28 "Playerspace" [IntGrid]
[USERACTION]   2026-04-19 19:36:52   Undo
[EVENT]        2026-04-19 19:36:52   LayerInstancesRestoredFromHistory Entities,Foreground,PlayerspaceAlt,Playerspace,Props,MidgroundSprites,BackgroundTiles
[RENDER]       2026-04-19 19:36:52   Rendering world bg...
[USERACTION]   2026-04-19 19:36:53   IntGridTool: Rectangle, mode=Add, in LayerInst#28 "Playerspace" [IntGrid]
[EVENT]        2026-04-19 19:36:53   LayerInstanceEditedByTool
[USERACTION]   2026-04-19 19:36:53   IntGridTool: mode=Add, in LayerInst#28 "Playerspace" [IntGrid]
[SAVE]         2026-04-19 19:36:54   Preparing project saving: /home/angrycompany16/gamedev/go/mask_of_the_tomb/assets/LDTK/world.ldtk...
[SAVE]         2026-04-19 19:36:54   => PreChecks...
[SAVE]         2026-04-19 19:36:54   => BeforeSavingActions...
[EVENT]        2026-04-19 19:36:54   BeforeProjectSaving
[SAVE]         2026-04-19 19:36:54   => AutoLayers...
[SAVE]         2026-04-19 19:36:54   => Backup...
[SAVE]         2026-04-19 19:36:54   Backing up /home/angrycompany16/gamedev/go/mask_of_the_tomb/assets/LDTK to /home/angrycompany16/gamedev/go/mask_of_the_tomb/assets/LDTK/world/backups/94589810-c210-11ef-b2e6-99619d5a4f10_2026-04-19_19-36-54...
[SAVE]         2026-04-19 19:36:54     Found 1 files.
[GENERAL]      2026-04-19 19:36:54   Progress created.
[RENDER]       2026-04-19 19:36:54   Rendering world bg...
[GENERAL]      2026-04-19 19:36:54   Progress started: : "Backup", 2 operation(s)
[SAVE]         2026-04-19 19:36:54   Removing older backup: 94589810-c210-11ef-b2e6-99619d5a4f10_2026-04-19_19-19-41
[GENERAL]      2026-04-19 19:36:54   Progress completed: "Backup" (0s)
[SAVE]         2026-04-19 19:36:54     Done!
[GENERAL]      2026-04-19 19:36:54   Progress created.
[RENDER]       2026-04-19 19:36:54   Rendering world bg...
[GENERAL]      2026-04-19 19:36:54   Progress started: : "Preparing levels...", 15 operation(s)
[GENERAL]      2026-04-19 19:36:54   Progress completed: "Preparing levels..." (0s)
[SAVE]         2026-04-19 19:36:54   => SavingMainFile...
[GENERAL]      2026-04-19 19:36:54   Progress created.
[RENDER]       2026-04-19 19:36:54   Rendering world bg...
[GENERAL]      2026-04-19 19:36:54   Progress started: : "Saving main file...", 2 operation(s)
[SAVE]         2026-04-19 19:36:54     Preparing SavingData...
[SAVE]         2026-04-19 19:36:54     Writing /home/angrycompany16/gamedev/go/mask_of_the_tomb/assets/LDTK/world.ldtk...
[GENERAL]      2026-04-19 19:36:54   Progress completed: "Saving main file..." (0.4s)
[FILE]         2026-04-19 19:36:54   Emptying dir /home/angrycompany16/gamedev/go/mask_of_the_tomb/assets/LDTK/world (onlyExts=[ldtkl])...
[SAVE]         2026-04-19 19:36:54   => Done...
[SAVE]         2026-04-19 19:36:54   Saving complete (world.ldtk)
[FILE]         2026-04-19 19:36:54   Saved "world.ldtk".
[EVENT]        2026-04-19 19:36:54   ProjectSaved
[RENDER]       2026-04-19 19:36:54   Rendering world bg...
[RENDER]       2026-04-19 19:36:54   Rendering world level fields data.Level#e52cfcd0-1030-11f0-b12c-fb81b8dc6f61 "Level_8"...
[USERACTION]   2026-04-19 19:36:55   IntGridTool: Rectangle, mode=Add, in LayerInst#28 "Playerspace" [IntGrid]
[EVENT]        2026-04-19 19:36:55   LayerInstanceEditedByTool
[EVENT]        2026-04-19 19:36:55   LevelJsonCacheInvalidated
[USERACTION]   2026-04-19 19:36:55   IntGridTool: mode=Add, in LayerInst#28 "Playerspace" [IntGrid]
[RENDER]       2026-04-19 19:36:56   Rendering world level fields data.Level#e52cfcd0-1030-11f0-b12c-fb81b8dc6f61 "Level_8"...
[RENDER]       2026-04-19 19:36:57   Rendering world bg...
[EVENT]        2026-04-19 19:36:58   LayerInstanceSelected 266
[RENDER]       2026-04-19 19:36:58   Rendered level UI
[FILE]         2026-04-19 19:36:59   Reading HTML template entityInstanceEditor from cache
[RENDER]       2026-04-19 19:36:59   Rendering world bg...
[EVENT]        2026-04-19 19:37:01   EntityInstanceChanged 292
[EVENT]        2026-04-19 19:37:01   LayerInstanceChangedGlobally 266
[EVENT]        2026-04-19 19:37:01   LayerInstanceEditedByTool
[USERACTION]   2026-04-19 19:37:01   SelectionTool: mode=Add, in LayerInst#266 "Entities" [Entities]
[RENDER]       2026-04-19 19:37:01   Rendering world bg...
[RENDER]       2026-04-19 19:37:02   Rendering world bg...
[EVENT]        2026-04-19 19:37:03   LayerInstanceSelected 28
[RENDER]       2026-04-19 19:37:03   Rendered level UI
[EVENT]        2026-04-19 19:37:05   LayerInstanceSelected 85
[RENDER]       2026-04-19 19:37:05   Rendered level UI
[EVENT]        2026-04-19 19:37:06   LayerInstanceSelected 178
[RENDER]       2026-04-19 19:37:06   Rendered level UI
[RENDER]       2026-04-19 19:37:06   Rendering world bg...
[EVENT]        2026-04-19 19:37:09   LayerInstanceEditedByTool
[EVENT]        2026-04-19 19:37:09   LayerInstanceEditedByTool
[EVENT]        2026-04-19 19:37:09   LayerInstanceEditedByTool
[EVENT]        2026-04-19 19:37:09   LayerInstanceEditedByTool
[EVENT]        2026-04-19 19:37:09   LayerInstanceEditedByTool
[EVENT]        2026-04-19 19:37:09   LayerInstanceEditedByTool
[USERACTION]   2026-04-19 19:37:10   TileTool: mode=Remove, in LayerInst#178 "MidgroundSprites" [Tiles]
[EVENT]        2026-04-19 19:37:10   LayerInstanceEditedByTool
[EVENT]        2026-04-19 19:37:10   LayerInstanceEditedByTool
[USERACTION]   2026-04-19 19:37:10   TileTool: mode=Add, in LayerInst#178 "MidgroundSprites" [Tiles]
[EVENT]        2026-04-19 19:37:12   LayerInstanceEditedByTool
[EVENT]        2026-04-19 19:37:12   LayerInstanceEditedByTool
[USERACTION]   2026-04-19 19:37:12   TileTool: mode=Add, in LayerInst#178 "MidgroundSprites" [Tiles]
[RENDER]       2026-04-19 19:37:12   Rendering world bg...
[EVENT]        2026-04-19 19:37:13   ToolValueSelected
[EVENT]        2026-04-19 19:37:14   LayerInstanceEditedByTool
[EVENT]        2026-04-19 19:37:14   LayerInstanceEditedByTool
[EVENT]        2026-04-19 19:37:14   LayerInstanceEditedByTool
[EVENT]        2026-04-19 19:37:14   LayerInstanceEditedByTool
[EVENT]        2026-04-19 19:37:14   LayerInstanceEditedByTool
[EVENT]        2026-04-19 19:37:14   LayerInstanceEditedByTool
[EVENT]        2026-04-19 19:37:14   LayerInstanceEditedByTool
[EVENT]        2026-04-19 19:37:14   LayerInstanceEditedByTool
[EVENT]        2026-04-19 19:37:14   LayerInstanceEditedByTool
[EVENT]        2026-04-19 19:37:14   LayerInstanceEditedByTool
[EVENT]        2026-04-19 19:37:14   LayerInstanceEditedByTool
[EVENT]        2026-04-19 19:37:14   LayerInstanceEditedByTool
[USERACTION]   2026-04-19 19:37:14   TileTool: mode=Add, in LayerInst#178 "MidgroundSprites" [Tiles]
[SAVE]         2026-04-19 19:37:15   Preparing project saving: /home/angrycompany16/gamedev/go/mask_of_the_tomb/assets/LDTK/world.ldtk...
[CACHE]        2026-04-19 19:37:15   Garbaging unused image LdtkIcons_336_208_16_16...
[CACHE]        2026-04-19 19:37:15   Disposing cached image LdtkIcons_336_208_16_16...
[CACHE]        2026-04-19 19:37:15   Garbaging unused image LdtkIcons_336_176_16_16...
[CACHE]        2026-04-19 19:37:15   Disposing cached image LdtkIcons_336_176_16_16...
[CACHE]        2026-04-19 19:37:15   Garbaging unused image LdtkIcons_176_16_16_16...
[CACHE]        2026-04-19 19:37:15   Disposing cached image LdtkIcons_176_16_16_16...
[SAVE]         2026-04-19 19:37:15   => PreChecks...
[SAVE]         2026-04-19 19:37:15   => BeforeSavingActions...
[EVENT]        2026-04-19 19:37:15   BeforeProjectSaving
[SAVE]         2026-04-19 19:37:15   => AutoLayers...
[SAVE]         2026-04-19 19:37:15   => Backup...
[SAVE]         2026-04-19 19:37:15   Backing up /home/angrycompany16/gamedev/go/mask_of_the_tomb/assets/LDTK to /home/angrycompany16/gamedev/go/mask_of_the_tomb/assets/LDTK/world/backups/94589810-c210-11ef-b2e6-99619d5a4f10_2026-04-19_19-37-15...
[SAVE]         2026-04-19 19:37:15     Found 1 files.
[GENERAL]      2026-04-19 19:37:15   Progress created.
[RENDER]       2026-04-19 19:37:15   Rendering world bg...
[GENERAL]      2026-04-19 19:37:15   Progress started: : "Backup", 2 operation(s)
[SAVE]         2026-04-19 19:37:15   Removing older backup: 94589810-c210-11ef-b2e6-99619d5a4f10_2026-04-19_19-19-47
[GENERAL]      2026-04-19 19:37:15   Progress completed: "Backup" (0s)
[SAVE]         2026-04-19 19:37:15     Done!
[GENERAL]      2026-04-19 19:37:15   Progress created.
[RENDER]       2026-04-19 19:37:15   Rendering world bg...
[GENERAL]      2026-04-19 19:37:15   Progress started: : "Preparing levels...", 15 operation(s)
[GENERAL]      2026-04-19 19:37:15   Progress completed: "Preparing levels..." (0s)
[SAVE]         2026-04-19 19:37:15   => SavingMainFile...
[GENERAL]      2026-04-19 19:37:15   Progress created.
[RENDER]       2026-04-19 19:37:15   Rendering world bg...
[GENERAL]      2026-04-19 19:37:15   Progress started: : "Saving main file...", 2 operation(s)
[SAVE]         2026-04-19 19:37:15     Preparing SavingData...
[SAVE]         2026-04-19 19:37:15     Writing /home/angrycompany16/gamedev/go/mask_of_the_tomb/assets/LDTK/world.ldtk...
[GENERAL]      2026-04-19 19:37:15   Progress completed: "Saving main file..." (0.4s)
[FILE]         2026-04-19 19:37:15   Emptying dir /home/angrycompany16/gamedev/go/mask_of_the_tomb/assets/LDTK/world (onlyExts=[ldtkl])...
[SAVE]         2026-04-19 19:37:15   => Done...
[SAVE]         2026-04-19 19:37:15   Saving complete (world.ldtk)
[FILE]         2026-04-19 19:37:15   Saved "world.ldtk".
[EVENT]        2026-04-19 19:37:15   ProjectSaved
[RENDER]       2026-04-19 19:37:15   Rendering world bg...
[RENDER]       2026-04-19 19:37:15   Rendering world level fields data.Level#e52cfcd0-1030-11f0-b12c-fb81b8dc6f61 "Level_8"...
[SAVE]         2026-04-19 19:37:17   Preparing project saving: /home/angrycompany16/gamedev/go/mask_of_the_tomb/assets/LDTK/world.ldtk...
[SAVE]         2026-04-19 19:37:17   => PreChecks...
[SAVE]         2026-04-19 19:37:17   => BeforeSavingActions...
[EVENT]        2026-04-19 19:37:17   BeforeProjectSaving
[SAVE]         2026-04-19 19:37:17   => AutoLayers...
[SAVE]         2026-04-19 19:37:17   => Backup...
[SAVE]         2026-04-19 19:37:17   Backing up /home/angrycompany16/gamedev/go/mask_of_the_tomb/assets/LDTK to /home/angrycompany16/gamedev/go/mask_of_the_tomb/assets/LDTK/world/backups/94589810-c210-11ef-b2e6-99619d5a4f10_2026-04-19_19-37-17...
[SAVE]         2026-04-19 19:37:17     Found 1 files.
[GENERAL]      2026-04-19 19:37:17   Progress created.
[RENDER]       2026-04-19 19:37:17   Rendering world bg...
[GENERAL]      2026-04-19 19:37:17   Progress started: : "Backup", 2 operation(s)
[SAVE]         2026-04-19 19:37:17   Removing older backup: 94589810-c210-11ef-b2e6-99619d5a4f10_2026-04-19_19-20-27
[GENERAL]      2026-04-19 19:37:17   Progress completed: "Backup" (0s)
[SAVE]         2026-04-19 19:37:17     Done!
[GENERAL]      2026-04-19 19:37:17   Progress created.
[RENDER]       2026-04-19 19:37:17   Rendering world bg...
[GENERAL]      2026-04-19 19:37:17   Progress started: : "Preparing levels...", 15 operation(s)
[GENERAL]      2026-04-19 19:37:17   Progress completed: "Preparing levels..." (0s)
[SAVE]         2026-04-19 19:37:17   => SavingMainFile...
[GENERAL]      2026-04-19 19:37:17   Progress created.
[RENDER]       2026-04-19 19:37:17   Rendering world bg...
[GENERAL]      2026-04-19 19:37:17   Progress started: : "Saving main file...", 2 operation(s)
[SAVE]         2026-04-19 19:37:17     Preparing SavingData...
[SAVE]         2026-04-19 19:37:17     Writing /home/angrycompany16/gamedev/go/mask_of_the_tomb/assets/LDTK/world.ldtk...
[GENERAL]      2026-04-19 19:37:17   Progress completed: "Saving main file..." (0.4s)
[FILE]         2026-04-19 19:37:17   Emptying dir /home/angrycompany16/gamedev/go/mask_of_the_tomb/assets/LDTK/world (onlyExts=[ldtkl])...
[SAVE]         2026-04-19 19:37:17   => Done...
[SAVE]         2026-04-19 19:37:17   Saving complete (world.ldtk)
[FILE]         2026-04-19 19:37:17   Saved "world.ldtk".
[EVENT]        2026-04-19 19:37:17   ProjectSaved
[RENDER]       2026-04-19 19:37:17   Rendering world bg...
[RENDER]       2026-04-19 19:37:17   Rendering world level fields data.Level#e52cfcd0-1030-11f0-b12c-fb81b8dc6f61 "Level_8"...
[RENDER]       2026-04-19 19:38:03   Rendering world bg...
[RENDER]       2026-04-19 19:38:03   Rendering world bg...
[EVENT]        2026-04-19 19:38:03   LayerInstanceSelected 266
[RENDER]       2026-04-19 19:38:03   Rendered level UI
[RENDER]       2026-04-19 19:38:04   Rendering world bg...
[EVENT]        2026-04-19 19:38:05   LayerInstanceEditedByTool
[EVENT]        2026-04-19 19:38:05   LevelJsonCacheInvalidated
[USERACTION]   2026-04-19 19:38:05   EntityTool: mode=Add, in LayerInst#266 "Entities" [Entities]
[FILE]         2026-04-19 19:38:05   Reading HTML template entityInstanceEditor from cache
[USERACTION]   2026-04-19 19:38:05   Added entity EntityInst "Platform" @160,224
[EVENT]        2026-04-19 19:38:05   EntityInstanceAdded 292
[RENDER]       2026-04-19 19:38:05   Rendering world bg...
[EVENT]        2026-04-19 19:38:05   EntityInstanceChanged 292
[RENDER]       2026-04-19 19:38:05   Rendering world level fields data.Level#e52cfcd0-1030-11f0-b12c-fb81b8dc6f61 "Level_8"...
[RENDER]       2026-04-19 19:38:05   Rendering world bg...
[EVENT]        2026-04-19 19:38:05   EntityInstanceChanged 292
[RENDER]       2026-04-19 19:38:05   Rendering world bg...
[EVENT]        2026-04-19 19:38:05   EntityInstanceChanged 292
[RENDER]       2026-04-19 19:38:05   Rendering world bg...
[EVENT]        2026-04-19 19:38:05   EntityInstanceChanged 292
[RENDER]       2026-04-19 19:38:05   Rendering world bg...
[EVENT]        2026-04-19 19:38:05   EntityInstanceChanged 292
[RENDER]       2026-04-19 19:38:05   Rendering world bg...
[EVENT]        2026-04-19 19:38:05   EntityInstanceChanged 292
[RENDER]       2026-04-19 19:38:05   Rendering world bg...
[EVENT]        2026-04-19 19:38:05   EntityInstanceChanged 292
[RENDER]       2026-04-19 19:38:05   Rendering world bg...
[EVENT]        2026-04-19 19:38:05   EntityInstanceChanged 292
[RENDER]       2026-04-19 19:38:05   Rendering world bg...
[EVENT]        2026-04-19 19:38:05   EntityInstanceChanged 292
[RENDER]       2026-04-19 19:38:05   Rendering world bg...
[EVENT]        2026-04-19 19:38:05   EntityInstanceChanged 292
[RENDER]       2026-04-19 19:38:05   Rendering world bg...
[EVENT]        2026-04-19 19:38:05   EntityInstanceChanged 292
[RENDER]       2026-04-19 19:38:05   Rendering world bg...
[EVENT]        2026-04-19 19:38:05   EntityInstanceChanged 292
[RENDER]       2026-04-19 19:38:05   Rendering world bg...
[EVENT]        2026-04-19 19:38:05   EntityInstanceChanged 292
[RENDER]       2026-04-19 19:38:05   Rendering world bg...
[EVENT]        2026-04-19 19:38:06   EntityInstanceChanged 292
[RENDER]       2026-04-19 19:38:06   Rendering world bg...
[EVENT]        2026-04-19 19:38:06   EntityInstanceChanged 292
[RENDER]       2026-04-19 19:38:06   Rendering world bg...
[EVENT]        2026-04-19 19:38:06   EntityInstanceChanged 292
[RENDER]       2026-04-19 19:38:06   Rendering world bg...
[EVENT]        2026-04-19 19:38:06   EntityInstanceChanged 292
[RENDER]       2026-04-19 19:38:06   Rendering world bg...
[EVENT]        2026-04-19 19:38:06   EntityInstanceChanged 292
[RENDER]       2026-04-19 19:38:06   Rendering world bg...
[EVENT]        2026-04-19 19:38:06   EntityInstanceChanged 292
[RENDER]       2026-04-19 19:38:06   Rendering world bg...
[EVENT]        2026-04-19 19:38:06   EntityInstanceChanged 292
[RENDER]       2026-04-19 19:38:06   Rendering world bg...
[EVENT]        2026-04-19 19:38:06   EntityInstanceChanged 292
[RENDER]       2026-04-19 19:38:06   Rendering world bg...
[EVENT]        2026-04-19 19:38:06   EntityInstanceChanged 292
[RENDER]       2026-04-19 19:38:06   Rendering world bg...
[EVENT]        2026-04-19 19:38:06   EntityInstanceChanged 292
[RENDER]       2026-04-19 19:38:06   Rendering world bg...
[EVENT]        2026-04-19 19:38:06   EntityInstanceChanged 292
[RENDER]       2026-04-19 19:38:06   Rendering world bg...
[EVENT]        2026-04-19 19:38:06   EntityInstanceChanged 292
[RENDER]       2026-04-19 19:38:06   Rendering world bg...
[EVENT]        2026-04-19 19:38:06   EntityInstanceChanged 292
[RENDER]       2026-04-19 19:38:06   Rendering world bg...
[EVENT]        2026-04-19 19:38:06   EntityInstanceChanged 292
[RENDER]       2026-04-19 19:38:06   Rendering world bg...
[RENDER]       2026-04-19 19:38:07   Rendering world bg...
[RENDER]       2026-04-19 19:38:07   Rendering world bg...
[EVENT]        2026-04-19 19:38:09   EntityFieldInstanceChanged 473
[USERACTION]   2026-04-19 19:38:09   Changed field: FieldInst "Direction" = Left [ [V_String(Left)] ]
[RENDER]       2026-04-19 19:38:09   Rendering world bg...
[RENDER]       2026-04-19 19:38:11   Rendering world bg...
[EVENT]        2026-04-19 19:38:12   LayerInstanceSelected 178
[RENDER]       2026-04-19 19:38:12   Rendered level UI
[RENDER]       2026-04-19 19:38:12   Rendering world bg...
[EVENT]        2026-04-19 19:38:13   ToolValueSelected
[EVENT]        2026-04-19 19:38:14   LayerInstanceEditedByTool
[EVENT]        2026-04-19 19:38:14   LayerInstanceEditedByTool
[USERACTION]   2026-04-19 19:38:14   TileTool: mode=Add, in LayerInst#178 "MidgroundSprites" [Tiles]
[EVENT]        2026-04-19 19:38:15   LayerInstanceEditedByTool
[EVENT]        2026-04-19 19:38:15   LayerInstanceEditedByTool
[USERACTION]   2026-04-19 19:38:15   TileTool: mode=Add, in LayerInst#178 "MidgroundSprites" [Tiles]
[RENDER]       2026-04-19 19:38:16   Rendering world bg...
[EVENT]        2026-04-19 19:38:16   ToolValueSelected
[EVENT]        2026-04-19 19:38:17   LayerInstanceEditedByTool
[EVENT]        2026-04-19 19:38:17   LayerInstanceEditedByTool
[EVENT]        2026-04-19 19:38:17   LayerInstanceEditedByTool
[EVENT]        2026-04-19 19:38:17   LayerInstanceEditedByTool
[EVENT]        2026-04-19 19:38:17   LayerInstanceEditedByTool
[EVENT]        2026-04-19 19:38:17   LayerInstanceEditedByTool
[EVENT]        2026-04-19 19:38:17   LayerInstanceEditedByTool
[EVENT]        2026-04-19 19:38:17   LayerInstanceEditedByTool
[EVENT]        2026-04-19 19:38:17   LayerInstanceEditedByTool
[EVENT]        2026-04-19 19:38:17   LayerInstanceEditedByTool
[USERACTION]   2026-04-19 19:38:17   TileTool: mode=Add, in LayerInst#178 "MidgroundSprites" [Tiles]
[SAVE]         2026-04-19 19:38:18   Preparing project saving: /home/angrycompany16/gamedev/go/mask_of_the_tomb/assets/LDTK/world.ldtk...
[CACHE]        2026-04-19 19:38:18   Garbaging unused image LdtkIcons_336_208_16_16...
[CACHE]        2026-04-19 19:38:18   Disposing cached image LdtkIcons_336_208_16_16...
[CACHE]        2026-04-19 19:38:18   Garbaging unused image LdtkIcons_336_176_16_16...
[CACHE]        2026-04-19 19:38:18   Disposing cached image LdtkIcons_336_176_16_16...
[CACHE]        2026-04-19 19:38:18   Garbaging unused image LdtkIcons_176_16_16_16...
[CACHE]        2026-04-19 19:38:18   Disposing cached image LdtkIcons_176_16_16_16...
[SAVE]         2026-04-19 19:38:18   => PreChecks...
[SAVE]         2026-04-19 19:38:18   => BeforeSavingActions...
[EVENT]        2026-04-19 19:38:18   BeforeProjectSaving
[SAVE]         2026-04-19 19:38:18   => AutoLayers...
[SAVE]         2026-04-19 19:38:18   => Backup...
[SAVE]         2026-04-19 19:38:18   Backing up /home/angrycompany16/gamedev/go/mask_of_the_tomb/assets/LDTK to /home/angrycompany16/gamedev/go/mask_of_the_tomb/assets/LDTK/world/backups/94589810-c210-11ef-b2e6-99619d5a4f10_2026-04-19_19-38-18...
[SAVE]         2026-04-19 19:38:18     Found 1 files.
[GENERAL]      2026-04-19 19:38:18   Progress created.
[RENDER]       2026-04-19 19:38:18   Rendering world bg...
[GENERAL]      2026-04-19 19:38:18   Progress started: : "Backup", 2 operation(s)
[SAVE]         2026-04-19 19:38:18   Removing older backup: 94589810-c210-11ef-b2e6-99619d5a4f10_2026-04-19_19-32-09
[GENERAL]      2026-04-19 19:38:18   Progress completed: "Backup" (0s)
[SAVE]         2026-04-19 19:38:18     Done!
[GENERAL]      2026-04-19 19:38:18   Progress created.
[RENDER]       2026-04-19 19:38:18   Rendering world bg...
[GENERAL]      2026-04-19 19:38:18   Progress started: : "Preparing levels...", 15 operation(s)
[GENERAL]      2026-04-19 19:38:18   Progress completed: "Preparing levels..." (0s)
[SAVE]         2026-04-19 19:38:18   => SavingMainFile...
[GENERAL]      2026-04-19 19:38:18   Progress created.
[RENDER]       2026-04-19 19:38:18   Rendering world bg...
[GENERAL]      2026-04-19 19:38:18   Progress started: : "Saving main file...", 2 operation(s)
[SAVE]         2026-04-19 19:38:18     Preparing SavingData...
[SAVE]         2026-04-19 19:38:19     Writing /home/angrycompany16/gamedev/go/mask_of_the_tomb/assets/LDTK/world.ldtk...
[GENERAL]      2026-04-19 19:38:19   Progress completed: "Saving main file..." (0.4s)
[FILE]         2026-04-19 19:38:19   Emptying dir /home/angrycompany16/gamedev/go/mask_of_the_tomb/assets/LDTK/world (onlyExts=[ldtkl])...
[SAVE]         2026-04-19 19:38:19   => Done...
[SAVE]         2026-04-19 19:38:19   Saving complete (world.ldtk)
[FILE]         2026-04-19 19:38:19   Saved "world.ldtk".
[EVENT]        2026-04-19 19:38:19   ProjectSaved
[RENDER]       2026-04-19 19:38:19   Rendering world bg...
[RENDER]       2026-04-19 19:38:19   Rendering world level fields data.Level#e52cfcd0-1030-11f0-b12c-fb81b8dc6f61 "Level_8"...
[SAVE]         2026-04-19 19:44:29   Preparing project saving: /home/angrycompany16/gamedev/go/mask_of_the_tomb/assets/LDTK/world.ldtk...
[SAVE]         2026-04-19 19:44:29   => PreChecks...
[SAVE]         2026-04-19 19:44:29   => BeforeSavingActions...
[EVENT]        2026-04-19 19:44:29   BeforeProjectSaving
[SAVE]         2026-04-19 19:44:29   => AutoLayers...
[SAVE]         2026-04-19 19:44:29   => Backup...
[SAVE]         2026-04-19 19:44:29   Backing up /home/angrycompany16/gamedev/go/mask_of_the_tomb/assets/LDTK to /home/angrycompany16/gamedev/go/mask_of_the_tomb/assets/LDTK/world/backups/94589810-c210-11ef-b2e6-99619d5a4f10_2026-04-19_19-44-29...
[SAVE]         2026-04-19 19:44:29     Found 1 files.
[GENERAL]      2026-04-19 19:44:29   Progress created.
[RENDER]       2026-04-19 19:44:29   Rendering world bg...
[GENERAL]      2026-04-19 19:44:29   Progress started: : "Backup", 2 operation(s)
[SAVE]         2026-04-19 19:44:29   Removing older backup: 94589810-c210-11ef-b2e6-99619d5a4f10_2026-04-19_19-32-16
[GENERAL]      2026-04-19 19:44:30   Progress completed: "Backup" (0s)
[SAVE]         2026-04-19 19:44:30     Done!
[GENERAL]      2026-04-19 19:44:30   Progress created.
[RENDER]       2026-04-19 19:44:30   Rendering world bg...
[GENERAL]      2026-04-19 19:44:30   Progress started: : "Preparing levels...", 15 operation(s)
[GENERAL]      2026-04-19 19:44:30   Progress completed: "Preparing levels..." (0s)
[SAVE]         2026-04-19 19:44:30   => SavingMainFile...
[GENERAL]      2026-04-19 19:44:30   Progress created.
[RENDER]       2026-04-19 19:44:30   Rendering world bg...
[GENERAL]      2026-04-19 19:44:30   Progress started: : "Saving main file...", 2 operation(s)
[SAVE]         2026-04-19 19:44:30     Preparing SavingData...
[SAVE]         2026-04-19 19:44:30     Writing /home/angrycompany16/gamedev/go/mask_of_the_tomb/assets/LDTK/world.ldtk...
[GENERAL]      2026-04-19 19:44:30   Progress completed: "Saving main file..." (0.4s)
[FILE]         2026-04-19 19:44:30   Emptying dir /home/angrycompany16/gamedev/go/mask_of_the_tomb/assets/LDTK/world (onlyExts=[ldtkl])...
[SAVE]         2026-04-19 19:44:30   => Done...
[SAVE]         2026-04-19 19:44:30   Saving complete (world.ldtk)
[FILE]         2026-04-19 19:44:30   Saved "world.ldtk".
[EVENT]        2026-04-19 19:44:30   ProjectSaved
[RENDER]       2026-04-19 19:44:30   Rendering world bg...
[RENDER]       2026-04-19 19:44:30   Rendering world level fields data.Level#e52cfcd0-1030-11f0-b12c-fb81b8dc6f61 "Level_8"...
[GENERAL]      2026-04-19 19:44:31   Exiting.


[BOOT]         2026-04-26 14:43:33   App started
[BOOT]         2026-04-26 14:43:33   Version: 1.5.3-64bits (build 484725)
[BOOT]         2026-04-26 14:43:33   ExePath: /usr/share/ldtk
[BOOT]         2026-04-26 14:43:33   Assets: /usr/share/ldtk/resources/app.asar/assets
[BOOT]         2026-04-26 14:43:33   ExtraFiles: /usr/share/ldtk/extraFiles
[BOOT]         2026-04-26 14:43:33   CWD: /home/angrycompany16/
[BOOT]         2026-04-26 14:43:33   Display: 1920x1080
[BOOT]         2026-04-26 14:43:33   Args: soloValues=[], args=[]
[FILE]         2026-04-26 14:43:33   Loading settings from /home/angrycompany16/.config/LDtk/settings...
[BOOT]         2026-04-26 14:43:33   AppZoomFactor: 1
[UPDATE]       2026-04-26 14:43:33   Fetching latest version from GitHub...
[BOOT]         2026-04-26 14:43:33   Calling appReady...
[BOOT]         2026-04-26 14:43:33   Start args: path=null levelIndex=null
[BOOT]         2026-04-26 14:43:33   Loading Home...
[GENERAL]      2026-04-26 14:43:33   Page started: page.Home()
[FILE]         2026-04-26 14:43:33   Loading page template: home from /usr/share/ldtk/resources/app.asar/assets/tpl/pages/home.html
[DEBUG]        2026-04-26 14:43:33   samplesDir=/usr/share/ldtk/extraFiles/samples
[UPDATE]       2026-04-26 14:43:34   Found 1.5.3
[UPDATE]       2026-04-26 14:43:34   No new update.
[GENERAL]      2026-04-26 14:43:35   Progress created.
[GENERAL]      2026-04-26 14:43:35   Progress started: : "world.ldtk: Project...", 5 operation(s)
[LOAD]         2026-04-26 14:43:35   Loading project world.ldtk...
[LOAD]         2026-04-26 14:43:35     Project appBuildId=484725 appJsonVersion=1.5.3 jsonVersion=1.5.3
[LOAD]         2026-04-26 14:43:36   Loading complete.
[GENERAL]      2026-04-26 14:43:36   Page started: page.Editor()
[FILE]         2026-04-26 14:43:36   Loading page template: editor from /usr/share/ldtk/resources/app.asar/assets/tpl/pages/editor.html
[FILE]         2026-04-26 14:43:36   Cleared all file watches
[EVENT]        2026-04-26 14:43:36   LayerInstanceSelected 266
[FILE]         2026-04-26 14:43:36   Reloading tileset: Playerspace_tilemap2 path=../sprites/environment/playerspace_tilemap.png
[FILE]         2026-04-26 14:43:36   Loading atlas image: ../sprites/environment/playerspace_tilemap.png...
[CACHE]        2026-04-26 14:43:36   Caching image ../sprites/environment/playerspace_tilemap.png...
[CACHE]        2026-04-26 14:43:36    -> identified as Png
[CACHE]        2026-04-26 14:43:36    -> base64 17436
[CACHE]        2026-04-26 14:43:36    -> pixels 128x528
[FILE]         2026-04-26 14:43:36    -> Loaded 13077 bytes.
[FILE]         2026-04-26 14:43:36    -> Decoded 128x528 pixels.
[FILE]         2026-04-26 14:43:36    -> Old size: 128x528 -> 128x528
[WARNING]      2026-04-26 14:43:36   Tileset Playerspace_tilemap2 remapping (image size changed)...
[FILE]         2026-04-26 14:43:36    -> Reload result: Ok
[FILE]         2026-04-26 14:43:36    -> pixelData: Ok
[EVENT]        2026-04-26 14:43:36   TilesetImageLoaded
[FILE]         2026-04-26 14:43:36   Reloading tileset: Background_tilemap path=../sprites/environment/background_tilemap.png
[FILE]         2026-04-26 14:43:36   Loading atlas image: ../sprites/environment/background_tilemap.png...
[CACHE]        2026-04-26 14:43:36   Caching image ../sprites/environment/background_tilemap.png...
[CACHE]        2026-04-26 14:43:36    -> identified as Png
[CACHE]        2026-04-26 14:43:36    -> base64 2876
[CACHE]        2026-04-26 14:43:36    -> pixels 128x440
[FILE]         2026-04-26 14:43:36    -> Loaded 2155 bytes.
[FILE]         2026-04-26 14:43:36    -> Decoded 128x440 pixels.
[FILE]         2026-04-26 14:43:36    -> Old size: 128x440 -> 128x440
[WARNING]      2026-04-26 14:43:36   Tileset Background_tilemap remapping (image size changed)...
[FILE]         2026-04-26 14:43:36    -> Reload result: Ok
[FILE]         2026-04-26 14:43:36    -> pixelData: Ok
[EVENT]        2026-04-26 14:43:36   TilesetImageLoaded
[FILE]         2026-04-26 14:43:36   Reloading tileset: Midground_tilemap path=../sprites/environment/midground_tilemap.png
[FILE]         2026-04-26 14:43:36   Loading atlas image: ../sprites/environment/midground_tilemap.png...
[CACHE]        2026-04-26 14:43:36   Caching image ../sprites/environment/midground_tilemap.png...
[CACHE]        2026-04-26 14:43:36    -> identified as Png
[CACHE]        2026-04-26 14:43:36    -> base64 1720
[CACHE]        2026-04-26 14:43:36    -> pixels 128x440
[FILE]         2026-04-26 14:43:36    -> Loaded 1290 bytes.
[FILE]         2026-04-26 14:43:36    -> Decoded 128x440 pixels.
[FILE]         2026-04-26 14:43:36    -> Old size: 128x440 -> 128x440
[WARNING]      2026-04-26 14:43:36   Tileset Midground_tilemap remapping (image size changed)...
[FILE]         2026-04-26 14:43:36    -> Reload result: Ok
[FILE]         2026-04-26 14:43:36    -> pixelData: Ok
[EVENT]        2026-04-26 14:43:36   TilesetImageLoaded
[FILE]         2026-04-26 14:43:36   Reloading tileset: Props_tilemap_DEPRECATED path=../sprites/environment/props_tilemap.png
[FILE]         2026-04-26 14:43:36   Loading atlas image: ../sprites/environment/props_tilemap.png...
[CACHE]        2026-04-26 14:43:36   Caching image ../sprites/environment/props_tilemap.png...
[CACHE]        2026-04-26 14:43:36    -> identified as Png
[CACHE]        2026-04-26 14:43:36    -> base64 256
[CACHE]        2026-04-26 14:43:36    -> pixels 32x32
[FILE]         2026-04-26 14:43:36    -> Loaded 191 bytes.
[FILE]         2026-04-26 14:43:36    -> Decoded 32x32 pixels.
[FILE]         2026-04-26 14:43:36    -> Old size: 32x32 -> 32x32
[WARNING]      2026-04-26 14:43:36   Tileset Props_tilemap_DEPRECATED remapping (image size changed)...
[FILE]         2026-04-26 14:43:36    -> Reload result: Ok
[FILE]         2026-04-26 14:43:36    -> pixelData: Ok
[EVENT]        2026-04-26 14:43:36   TilesetImageLoaded
[FILE]         2026-04-26 14:43:36   Reloading tileset: Foreground_tilemap_DEPRECATED path=../sprites/environment/foreground_tilemap.png
[FILE]         2026-04-26 14:43:36   Loading atlas image: ../sprites/environment/foreground_tilemap.png...
[CACHE]        2026-04-26 14:43:36   Caching image ../sprites/environment/foreground_tilemap.png...
[CACHE]        2026-04-26 14:43:36    -> identified as Png
[CACHE]        2026-04-26 14:43:36    -> base64 1168
[CACHE]        2026-04-26 14:43:36    -> pixels 128x256
[FILE]         2026-04-26 14:43:36    -> Loaded 876 bytes.
[FILE]         2026-04-26 14:43:36    -> Decoded 128x256 pixels.
[FILE]         2026-04-26 14:43:36    -> Old size: 128x256 -> 128x256
[WARNING]      2026-04-26 14:43:36   Tileset Foreground_tilemap_DEPRECATED remapping (image size changed)...
[FILE]         2026-04-26 14:43:36    -> Reload result: Ok
[FILE]         2026-04-26 14:43:36    -> pixelData: Ok
[EVENT]        2026-04-26 14:43:36   TilesetImageLoaded
[FILE]         2026-04-26 14:43:36   Reloading tileset: Internal_Icons path=null
[FILE]         2026-04-26 14:43:36   Loading atlas image: LdtkIcons...
[FILE]         2026-04-26 14:43:36   Loading embed atlas LdtkIcons: /usr/share/ldtk/resources/app.asar/assets/embedAtlas/finalbossblues-icons_full_16.png ...
[FILE]         2026-04-26 14:43:36    -> Loaded 195310 bytes.
[FILE]         2026-04-26 14:43:36    -> Decoded 512x1024 pixels.
[FILE]         2026-04-26 14:43:36    -> Old size: 512x1024 -> 512x1024
[WARNING]      2026-04-26 14:43:36   Tileset Internal_Icons remapping (image size changed)...
[FILE]         2026-04-26 14:43:36    -> Reload result: Ok
[FILE]         2026-04-26 14:43:36    -> pixelData: Ok
[EVENT]        2026-04-26 14:43:36   TilesetImageLoaded
[EVENT]        2026-04-26 14:43:36   ProjectSelected
[WARNING]      2026-04-26 14:43:36   Full level render requested
[RENDER]       2026-04-26 14:43:36   Rendering all world...
[RENDER]       2026-04-26 14:43:36   Rendering world bg...
[RENDER]       2026-04-26 14:43:36   Rendering world bounds...
[FILE]         2026-04-26 14:43:36   Watching file: /home/angrycompany16/gamedev/go/mask_of_the_tomb/assets/sprites/environment/playerspace_tilemap.png
[FILE]         2026-04-26 14:43:36   Watching file: /home/angrycompany16/gamedev/go/mask_of_the_tomb/assets/sprites/environment/background_tilemap.png
[FILE]         2026-04-26 14:43:36   Watching file: /home/angrycompany16/gamedev/go/mask_of_the_tomb/assets/sprites/environment/midground_tilemap.png
[FILE]         2026-04-26 14:43:36   Watching file: /home/angrycompany16/gamedev/go/mask_of_the_tomb/assets/sprites/environment/props_tilemap.png
[FILE]         2026-04-26 14:43:36   Watching file: /home/angrycompany16/gamedev/go/mask_of_the_tomb/assets/sprites/environment/foreground_tilemap.png
[RENDER]       2026-04-26 14:43:36   Rendering world level data.Level#9458e630-c210-11ef-b2e6-e91d01cdbe5e "Level_0"...
[RENDER]       2026-04-26 14:43:36   Rendering world level fields data.Level#9458e630-c210-11ef-b2e6-e91d01cdbe5e "Level_0"...
[RENDER]       2026-04-26 14:43:36   Rendered level UI
[RENDER]       2026-04-26 14:43:36   Rendering world bg...
[GENERAL]      2026-04-26 14:43:37   Progress completed: "world.ldtk: Project..." (1.4s)
[USERACTION]   2026-04-26 14:43:38   Opened panel #22 ui.modal.panel.WorldPanel
[FILE]         2026-04-26 14:43:38   Loading HTML template worldPanel
[FILE]         2026-04-26 14:43:38   Loading HTML template levelInstanceForm
[RENDER]       2026-04-26 14:43:38   Rendering world bg...
[RENDER]       2026-04-26 14:43:38   Rendering world level data.Level#9458e630-c210-11ef-b2e6-e91d01cdbe5e "Level_0"...
[RENDER]       2026-04-26 14:43:38   Rendering world level fields data.Level#9458e630-c210-11ef-b2e6-e91d01cdbe5e "Level_0"...
[RENDER]       2026-04-26 14:43:38   Rendering world level fields data.Level#e1b36f30-1030-11f0-9400-498f42719145 "Level_1"...
[RENDER]       2026-04-26 14:43:38   Rendering world level data.Level#e1b36f30-1030-11f0-9400-498f42719145 "Level_1"...
[RENDER]       2026-04-26 14:43:38   Rendering world level fields data.Level#3069e2d0-1030-11f0-9400-2955d25c8088 "Level_2"...
[RENDER]       2026-04-26 14:43:38   Rendering world level fields data.Level#3d974c90-1030-11f0-9400-e92418126557 "Level_3"...
[RENDER]       2026-04-26 14:43:38   Rendering world level data.Level#3069e2d0-1030-11f0-9400-2955d25c8088 "Level_2"...
[RENDER]       2026-04-26 14:43:38   Rendering world level fields data.Level#1e4af520-1030-11f0-af50-ff93dd65ce54 "Level_4"...
[RENDER]       2026-04-26 14:43:38   Rendering world level fields data.Level#e041e9d0-1030-11f0-b12c-59992e246da5 "Level_5"...
[RENDER]       2026-04-26 14:43:38   Rendering world level data.Level#3d974c90-1030-11f0-9400-e92418126557 "Level_3"...
[RENDER]       2026-04-26 14:43:38   Rendering world level fields data.Level#72fdb1f0-1030-11f0-b12c-0d473d78f427 "Level_6"...
[RENDER]       2026-04-26 14:43:38   Rendering world level fields data.Level#d19c6990-1030-11f0-b12c-9f5692af9d93 "Level_7"...
[RENDER]       2026-04-26 14:43:38   Rendering world level data.Level#1e4af520-1030-11f0-af50-ff93dd65ce54 "Level_4"...
[RENDER]       2026-04-26 14:43:38   Rendering world level fields data.Level#e52cfcd0-1030-11f0-b12c-fb81b8dc6f61 "Level_8"...
[RENDER]       2026-04-26 14:43:38   Rendering world level fields data.Level#d5ae6780-1030-11f0-996f-efbed2df7e2d "Level_9"...
[RENDER]       2026-04-26 14:43:38   Rendering world level data.Level#e041e9d0-1030-11f0-b12c-59992e246da5 "Level_5"...
[RENDER]       2026-04-26 14:43:38   Rendering world level fields data.Level#17922260-fa90-11f0-b873-2b970f47baa3 "Level_12"...
[RENDER]       2026-04-26 14:43:38   Rendering world level fields data.Level#86386280-1030-11f0-996f-3d5dc6593739 "Level_10"...
[RENDER]       2026-04-26 14:43:38   Rendering world level data.Level#72fdb1f0-1030-11f0-b12c-0d473d78f427 "Level_6"...
[RENDER]       2026-04-26 14:43:38   Rendering world level fields data.Level#e358dc00-fa90-11f0-9536-757f38ccabb1 "Level_13"...
[RENDER]       2026-04-26 14:43:38   Rendering world level fields data.Level#cb3cd020-1030-11f0-996f-c1d1f3076de4 "Level_11"...
[RENDER]       2026-04-26 14:43:38   Rendering world level data.Level#d19c6990-1030-11f0-b12c-9f5692af9d93 "Level_7"...
[RENDER]       2026-04-26 14:43:38   Rendering world level fields data.Level#f2c71810-21a0-11f1-b962-971e9169e768 "Level_14"...
[RENDER]       2026-04-26 14:43:38   Rendering world level data.Level#e52cfcd0-1030-11f0-b12c-fb81b8dc6f61 "Level_8"...
[RENDER]       2026-04-26 14:43:39   Rendering world level data.Level#d5ae6780-1030-11f0-996f-efbed2df7e2d "Level_9"...
[RENDER]       2026-04-26 14:43:39   Rendering world level data.Level#17922260-fa90-11f0-b873-2b970f47baa3 "Level_12"...
[RENDER]       2026-04-26 14:43:39   Rendering world level data.Level#86386280-1030-11f0-996f-3d5dc6593739 "Level_10"...
[RENDER]       2026-04-26 14:43:39   Rendering world level data.Level#e358dc00-fa90-11f0-9536-757f38ccabb1 "Level_13"...
[RENDER]       2026-04-26 14:43:39   Rendering world level data.Level#cb3cd020-1030-11f0-996f-c1d1f3076de4 "Level_11"...
[RENDER]       2026-04-26 14:43:39   Rendering world level data.Level#f2c71810-21a0-11f1-b962-971e9169e768 "Level_14"...
[EVENT]        2026-04-26 14:43:41   LevelSelected 291
[USERACTION]   2026-04-26 14:43:41   Opened level data.Level#d19c6990-1030-11f0-b12c-9f5692af9d93 "Level_7"
[TIMELINE]     2026-04-26 14:43:41   Garbage collected level: #0
[RENDER]       2026-04-26 14:43:41   Rendering world level data.Level#3069e2d0-1030-11f0-9400-2955d25c8088 "Level_2"...
[RENDER]       2026-04-26 14:43:41   Rendering world level fields data.Level#d19c6990-1030-11f0-b12c-9f5692af9d93 "Level_7"...
[RENDER]       2026-04-26 14:43:41   Rendering world level data.Level#3d974c90-1030-11f0-9400-e92418126557 "Level_3"...
[RENDER]       2026-04-26 14:43:41   Rendering world level data.Level#d19c6990-1030-11f0-b12c-9f5692af9d93 "Level_7"...
[EVENT]        2026-04-26 14:43:41   LevelSelected 291
[USERACTION]   2026-04-26 14:43:41   Opened level data.Level#d19c6990-1030-11f0-b12c-9f5692af9d93 "Level_7"
[RENDER]       2026-04-26 14:43:41   Rendering world level data.Level#3069e2d0-1030-11f0-9400-2955d25c8088 "Level_2"...
[RENDER]       2026-04-26 14:43:41   Rendering world level fields data.Level#d19c6990-1030-11f0-b12c-9f5692af9d93 "Level_7"...
[RENDER]       2026-04-26 14:43:42   Rendering world level data.Level#3d974c90-1030-11f0-9400-e92418126557 "Level_3"...
[USERACTION]   2026-04-26 14:43:42   Closed panel #22 ui.modal.panel.WorldPanel
[WARNING]      2026-04-26 14:43:42   Full level render requested
[RENDER]       2026-04-26 14:43:42   Rendering world bg...
[RENDER]       2026-04-26 14:43:42   Rendering world level data.Level#3069e2d0-1030-11f0-9400-2955d25c8088 "Level_2"...
[RENDER]       2026-04-26 14:43:42   Rendering world level fields data.Level#d19c6990-1030-11f0-b12c-9f5692af9d93 "Level_7"...
[RENDER]       2026-04-26 14:43:42   Rendering world level data.Level#d19c6990-1030-11f0-b12c-9f5692af9d93 "Level_7"...
[RENDER]       2026-04-26 14:43:42   Rendering world level data.Level#3d974c90-1030-11f0-9400-e92418126557 "Level_3"...
[USERACTION]   2026-04-26 14:43:43   Opened panel #31 ui.modal.panel.WorldPanel
[FILE]         2026-04-26 14:43:43   Reading HTML template worldPanel from cache
[FILE]         2026-04-26 14:43:43   Reading HTML template levelInstanceForm from cache
[RENDER]       2026-04-26 14:43:43   Rendering world level data.Level#3069e2d0-1030-11f0-9400-2955d25c8088 "Level_2"...
[RENDER]       2026-04-26 14:43:43   Rendering world level fields data.Level#d19c6990-1030-11f0-b12c-9f5692af9d93 "Level_7"...
[RENDER]       2026-04-26 14:43:43   Rendering world bg...
[RENDER]       2026-04-26 14:43:43   Rendering world level data.Level#3d974c90-1030-11f0-9400-e92418126557 "Level_3"...
[RENDER]       2026-04-26 14:43:43   Rendering world level data.Level#d19c6990-1030-11f0-b12c-9f5692af9d93 "Level_7"...
[EVENT]        2026-04-26 14:43:44   LevelSelected 287
[USERACTION]   2026-04-26 14:43:44   Opened level data.Level#1e4af520-1030-11f0-af50-ff93dd65ce54 "Level_4"
[TIMELINE]     2026-04-26 14:43:44   Garbage collected level: #291
[RENDER]       2026-04-26 14:43:44   Rendering world level data.Level#3d974c90-1030-11f0-9400-e92418126557 "Level_3"...
[RENDER]       2026-04-26 14:43:44   Rendering world level fields data.Level#1e4af520-1030-11f0-af50-ff93dd65ce54 "Level_4"...
[RENDER]       2026-04-26 14:43:44   Rendering world level data.Level#1e4af520-1030-11f0-af50-ff93dd65ce54 "Level_4"...
[RENDER]       2026-04-26 14:43:44   Rendering world level data.Level#e041e9d0-1030-11f0-b12c-59992e246da5 "Level_5"...
[RENDER]       2026-04-26 14:43:44   Rendering world level data.Level#d19c6990-1030-11f0-b12c-9f5692af9d93 "Level_7"...
[EVENT]        2026-04-26 14:43:45   LevelSelected 287
[USERACTION]   2026-04-26 14:43:45   Opened level data.Level#1e4af520-1030-11f0-af50-ff93dd65ce54 "Level_4"
[USERACTION]   2026-04-26 14:43:45   Closed panel #31 ui.modal.panel.WorldPanel
[WARNING]      2026-04-26 14:43:45   Full level render requested
[RENDER]       2026-04-26 14:43:45   Rendering world bg...
[RENDER]       2026-04-26 14:43:45   Rendering world level data.Level#3d974c90-1030-11f0-9400-e92418126557 "Level_3"...
[RENDER]       2026-04-26 14:43:45   Rendering world level fields data.Level#1e4af520-1030-11f0-af50-ff93dd65ce54 "Level_4"...
[RENDER]       2026-04-26 14:43:45   Rendering world level data.Level#1e4af520-1030-11f0-af50-ff93dd65ce54 "Level_4"...
[RENDER]       2026-04-26 14:43:45   Rendering world level data.Level#e041e9d0-1030-11f0-b12c-59992e246da5 "Level_5"...
[RENDER]       2026-04-26 14:43:46   Rendering world level data.Level#e52cfcd0-1030-11f0-b12c-fb81b8dc6f61 "Level_8"...
[USERACTION]   2026-04-26 14:43:47   Opened panel #42 ui.modal.panel.WorldPanel
[FILE]         2026-04-26 14:43:47   Reading HTML template worldPanel from cache
[FILE]         2026-04-26 14:43:47   Reading HTML template levelInstanceForm from cache
[RENDER]       2026-04-26 14:43:47   Rendering world bg...
[RENDER]       2026-04-26 14:43:47   Rendering world level data.Level#3d974c90-1030-11f0-9400-e92418126557 "Level_3"...
[RENDER]       2026-04-26 14:43:47   Rendering world level fields data.Level#1e4af520-1030-11f0-af50-ff93dd65ce54 "Level_4"...
[RENDER]       2026-04-26 14:43:47   Rendering world level data.Level#1e4af520-1030-11f0-af50-ff93dd65ce54 "Level_4"...
[RENDER]       2026-04-26 14:43:47   Rendering world level data.Level#e041e9d0-1030-11f0-b12c-59992e246da5 "Level_5"...
[RENDER]       2026-04-26 14:43:47   Rendering world level data.Level#e52cfcd0-1030-11f0-b12c-fb81b8dc6f61 "Level_8"...
[EVENT]        2026-04-26 14:43:48   LevelSelected 296
[USERACTION]   2026-04-26 14:43:48   Opened level data.Level#e52cfcd0-1030-11f0-b12c-fb81b8dc6f61 "Level_8"
[TIMELINE]     2026-04-26 14:43:48   Garbage collected level: #287
[RENDER]       2026-04-26 14:43:48   Rendering world level data.Level#1e4af520-1030-11f0-af50-ff93dd65ce54 "Level_4"...
[RENDER]       2026-04-26 14:43:48   Rendering world level fields data.Level#e52cfcd0-1030-11f0-b12c-fb81b8dc6f61 "Level_8"...
[RENDER]       2026-04-26 14:43:48   Rendering world level data.Level#e52cfcd0-1030-11f0-b12c-fb81b8dc6f61 "Level_8"...
[RENDER]       2026-04-26 14:43:48   Rendering world level data.Level#d5ae6780-1030-11f0-996f-efbed2df7e2d "Level_9"...
[RENDER]       2026-04-26 14:43:48   Rendering world level data.Level#e358dc00-fa90-11f0-9536-757f38ccabb1 "Level_13"...
[EVENT]        2026-04-26 14:43:48   LevelSelected 296
[USERACTION]   2026-04-26 14:43:48   Opened level data.Level#e52cfcd0-1030-11f0-b12c-fb81b8dc6f61 "Level_8"
[RENDER]       2026-04-26 14:43:48   Rendering world level data.Level#1e4af520-1030-11f0-af50-ff93dd65ce54 "Level_4"...
[RENDER]       2026-04-26 14:43:48   Rendering world level fields data.Level#e52cfcd0-1030-11f0-b12c-fb81b8dc6f61 "Level_8"...
[RENDER]       2026-04-26 14:43:48   Rendering world level data.Level#e52cfcd0-1030-11f0-b12c-fb81b8dc6f61 "Level_8"...
[USERACTION]   2026-04-26 14:43:48   Closed panel #42 ui.modal.panel.WorldPanel
[WARNING]      2026-04-26 14:43:48   Full level render requested
[RENDER]       2026-04-26 14:43:48   Rendering world bg...
[RENDER]       2026-04-26 14:43:48   Rendering world level data.Level#1e4af520-1030-11f0-af50-ff93dd65ce54 "Level_4"...
[RENDER]       2026-04-26 14:43:48   Rendering world level fields data.Level#e52cfcd0-1030-11f0-b12c-fb81b8dc6f61 "Level_8"...
[RENDER]       2026-04-26 14:43:48   Rendering world level data.Level#d5ae6780-1030-11f0-996f-efbed2df7e2d "Level_9"...
[RENDER]       2026-04-26 14:43:48   Rendering world level data.Level#e358dc00-fa90-11f0-9536-757f38ccabb1 "Level_13"...
[USERACTION]   2026-04-26 14:43:50   Opened panel #53 ui.modal.panel.WorldPanel
[FILE]         2026-04-26 14:43:50   Reading HTML template worldPanel from cache
[FILE]         2026-04-26 14:43:50   Reading HTML template levelInstanceForm from cache
[RENDER]       2026-04-26 14:43:50   Rendering world bg...
[RENDER]       2026-04-26 14:43:50   Rendering world level data.Level#1e4af520-1030-11f0-af50-ff93dd65ce54 "Level_4"...
[RENDER]       2026-04-26 14:43:50   Rendering world level fields data.Level#e52cfcd0-1030-11f0-b12c-fb81b8dc6f61 "Level_8"...
[RENDER]       2026-04-26 14:43:50   Rendering world level data.Level#e52cfcd0-1030-11f0-b12c-fb81b8dc6f61 "Level_8"...
[RENDER]       2026-04-26 14:43:50   Rendering world level data.Level#d5ae6780-1030-11f0-996f-efbed2df7e2d "Level_9"...
[EVENT]        2026-04-26 14:43:50   LevelSelected 296
[USERACTION]   2026-04-26 14:43:50   Opened level data.Level#e52cfcd0-1030-11f0-b12c-fb81b8dc6f61 "Level_8"
[USERACTION]   2026-04-26 14:43:50   Closed panel #53 ui.modal.panel.WorldPanel
[WARNING]      2026-04-26 14:43:50   Full level render requested
[RENDER]       2026-04-26 14:43:50   Rendering world bg...
[RENDER]       2026-04-26 14:43:50   Rendering world level data.Level#1e4af520-1030-11f0-af50-ff93dd65ce54 "Level_4"...
[RENDER]       2026-04-26 14:43:50   Rendering world level fields data.Level#e52cfcd0-1030-11f0-b12c-fb81b8dc6f61 "Level_8"...
[RENDER]       2026-04-26 14:43:50   Rendering world level data.Level#e52cfcd0-1030-11f0-b12c-fb81b8dc6f61 "Level_8"...
[RENDER]       2026-04-26 14:43:50   Rendering world level data.Level#d5ae6780-1030-11f0-996f-efbed2df7e2d "Level_9"...
[RENDER]       2026-04-26 14:43:50   Rendering world level data.Level#e358dc00-fa90-11f0-9536-757f38ccabb1 "Level_13"...
[RENDER]       2026-04-26 14:43:52   Rendering world bg...
[RENDER]       2026-04-26 14:43:53   Rendering world bg...
[RENDER]       2026-04-26 14:43:53   Rendering world bg...
[RENDER]       2026-04-26 14:43:53   Rendering world bg...
[RENDER]       2026-04-26 14:43:56   Rendering world bg...
[RENDER]       2026-04-26 14:43:56   Rendering world bg...
[USERACTION]   2026-04-26 14:43:57   Opened panel #70 ui.modal.panel.EditLayerDefs
[FILE]         2026-04-26 14:43:57   Loading HTML template editLayerDefs
[RENDER]       2026-04-26 14:43:57   Rendering world bg...
[RENDER]       2026-04-26 14:43:57   Rendering world bg...
[RENDER]       2026-04-26 14:43:58   Rendering world bg...
[RENDER]       2026-04-26 14:43:58   Rendering world bg...
[USERACTION]   2026-04-26 14:43:59   Closed panel #70 ui.modal.panel.EditLayerDefs
[RENDER]       2026-04-26 14:43:59   Rendering world bg...
[RENDER]       2026-04-26 14:43:59   Rendering world bg...
[RENDER]       2026-04-26 14:43:59   Rendering world bg...
[RENDER]       2026-04-26 14:44:00   Rendering world bg...
[USERACTION]   2026-04-26 14:44:01   Opened panel #78 ui.modal.panel.EditProject
[FILE]         2026-04-26 14:44:01   Loading HTML template editProject
[FILE]         2026-04-26 14:44:01   Loading HTML template pivotEditor
[RENDER]       2026-04-26 14:44:01   Rendering world bg...
[RENDER]       2026-04-26 14:44:01   Rendering world bg...
[RENDER]       2026-04-26 14:44:01   Rendering world bg...
[USERACTION]   2026-04-26 14:44:02   Closed panel #78 ui.modal.panel.EditProject
[USERACTION]   2026-04-26 14:44:02   Opened panel #81 ui.modal.panel.WorldPanel
[FILE]         2026-04-26 14:44:02   Reading HTML template worldPanel from cache
[FILE]         2026-04-26 14:44:02   Reading HTML template levelInstanceForm from cache
[RENDER]       2026-04-26 14:44:02   Rendering world level data.Level#1e4af520-1030-11f0-af50-ff93dd65ce54 "Level_4"...
[RENDER]       2026-04-26 14:44:02   Rendering world level fields data.Level#e52cfcd0-1030-11f0-b12c-fb81b8dc6f61 "Level_8"...
[RENDER]       2026-04-26 14:44:02   Rendering world bg...
[RENDER]       2026-04-26 14:44:02   Rendering world bg...
[RENDER]       2026-04-26 14:44:02   Rendering world level data.Level#e52cfcd0-1030-11f0-b12c-fb81b8dc6f61 "Level_8"...
[RENDER]       2026-04-26 14:44:02   Rendering world level data.Level#d5ae6780-1030-11f0-996f-efbed2df7e2d "Level_9"...
[RENDER]       2026-04-26 14:44:02   Rendering world bg...
[RENDER]       2026-04-26 14:44:02   Rendering world level data.Level#e358dc00-fa90-11f0-9536-757f38ccabb1 "Level_13"...
[USERACTION]   2026-04-26 14:44:02   Opened panel #84 ui.modal.panel.LevelInstancePanel
[USERACTION]   2026-04-26 14:44:03   Closed panel #81 ui.modal.panel.WorldPanel
[FILE]         2026-04-26 14:44:03   Loading HTML template levelInstancePanel
[FILE]         2026-04-26 14:44:03   Reading HTML template levelInstanceForm from cache
[RENDER]       2026-04-26 14:44:03   Rendering world level data.Level#1e4af520-1030-11f0-af50-ff93dd65ce54 "Level_4"...
[RENDER]       2026-04-26 14:44:03   Rendering world level fields data.Level#e52cfcd0-1030-11f0-b12c-fb81b8dc6f61 "Level_8"...
[WARNING]      2026-04-26 14:44:03   Full level render requested
[RENDER]       2026-04-26 14:44:03   Rendering world bg...
[RENDER]       2026-04-26 14:44:03   Rendering world bg...
[RENDER]       2026-04-26 14:44:03   Rendering world level data.Level#d5ae6780-1030-11f0-996f-efbed2df7e2d "Level_9"...
[RENDER]       2026-04-26 14:44:03   Rendering world level data.Level#e358dc00-fa90-11f0-9536-757f38ccabb1 "Level_13"...
[RENDER]       2026-04-26 14:44:06   Rendering world bg...
[SAVE]         2026-04-26 18:46:11   Preparing project saving: /home/angrycompany16/gamedev/go/mask_of_the_tomb/assets/LDTK/world.ldtk...
[CACHE]        2026-04-26 18:46:11   Garbaging unused image LdtkIcons_336_208_16_16...
[CACHE]        2026-04-26 18:46:11   Disposing cached image LdtkIcons_336_208_16_16...
[CACHE]        2026-04-26 18:46:11   Garbaging unused image LdtkIcons_336_176_16_16...
[CACHE]        2026-04-26 18:46:11   Disposing cached image LdtkIcons_336_176_16_16...
[CACHE]        2026-04-26 18:46:11   Garbaging unused image LdtkIcons_176_16_16_16...
[CACHE]        2026-04-26 18:46:11   Disposing cached image LdtkIcons_176_16_16_16...
[SAVE]         2026-04-26 18:46:11   => PreChecks...
[SAVE]         2026-04-26 18:46:11   => BeforeSavingActions...
[EVENT]        2026-04-26 18:46:11   BeforeProjectSaving
[SAVE]         2026-04-26 18:46:11   => AutoLayers...
[SAVE]         2026-04-26 18:46:11   => Backup...
[SAVE]         2026-04-26 18:46:11   Backing up /home/angrycompany16/gamedev/go/mask_of_the_tomb/assets/LDTK to /home/angrycompany16/gamedev/go/mask_of_the_tomb/assets/LDTK/world/backups/94589810-c210-11ef-b2e6-99619d5a4f10_2026-04-26_18-46-11...
[SAVE]         2026-04-26 18:46:11     Found 1 files.
[GENERAL]      2026-04-26 18:46:11   Progress created.
[RENDER]       2026-04-26 18:46:11   Rendering world bg...
[GENERAL]      2026-04-26 18:46:11   Progress started: : "Backup", 2 operation(s)
[SAVE]         2026-04-26 18:46:11   Removing older backup: 94589810-c210-11ef-b2e6-99619d5a4f10_2026-04-19_19-33-01
[GENERAL]      2026-04-26 18:46:11   Progress completed: "Backup" (0s)
[SAVE]         2026-04-26 18:46:12     Done!
[GENERAL]      2026-04-26 18:46:12   Progress created.
[RENDER]       2026-04-26 18:46:12   Rendering world bg...
[GENERAL]      2026-04-26 18:46:12   Progress started: : "Preparing levels...", 15 operation(s)
[GENERAL]      2026-04-26 18:46:12   Progress completed: "Preparing levels..." (0s)
[SAVE]         2026-04-26 18:46:12   => SavingMainFile...
[GENERAL]      2026-04-26 18:46:12   Progress created.
[RENDER]       2026-04-26 18:46:12   Rendering world bg...
[GENERAL]      2026-04-26 18:46:12   Progress started: : "Saving main file...", 2 operation(s)
[SAVE]         2026-04-26 18:46:12     Preparing SavingData...
[SAVE]         2026-04-26 18:46:12     Writing /home/angrycompany16/gamedev/go/mask_of_the_tomb/assets/LDTK/world.ldtk...
[GENERAL]      2026-04-26 18:46:12   Progress completed: "Saving main file..." (0.4s)
[FILE]         2026-04-26 18:46:12   Emptying dir /home/angrycompany16/gamedev/go/mask_of_the_tomb/assets/LDTK/world (onlyExts=[ldtkl])...
[SAVE]         2026-04-26 18:46:12   => Done...
[SAVE]         2026-04-26 18:46:12   Saving complete (world.ldtk)
[FILE]         2026-04-26 18:46:12   Saved "world.ldtk".
[EVENT]        2026-04-26 18:46:12   ProjectSaved
[RENDER]       2026-04-26 18:46:12   Rendering world bg...
[RENDER]       2026-04-26 18:46:12   Rendering world level fields data.Level#e52cfcd0-1030-11f0-b12c-fb81b8dc6f61 "Level_8"...
[USERACTION]   2026-04-26 18:46:13   Closed panel #84 ui.modal.panel.LevelInstancePanel
[USERACTION]   2026-04-26 18:46:14   Opened panel #103 ui.modal.panel.WorldPanel
[FILE]         2026-04-26 18:46:14   Reading HTML template worldPanel from cache
[FILE]         2026-04-26 18:46:14   Reading HTML template levelInstanceForm from cache
[RENDER]       2026-04-26 18:46:14   Rendering world bg...
[RENDER]       2026-04-26 18:46:14   Rendering world level fields data.Level#3d974c90-1030-11f0-9400-e92418126557 "Level_3"...
[RENDER]       2026-04-26 18:46:14   Rendering world level data.Level#1e4af520-1030-11f0-af50-ff93dd65ce54 "Level_4"...
[RENDER]       2026-04-26 18:46:14   Rendering world level fields data.Level#1e4af520-1030-11f0-af50-ff93dd65ce54 "Level_4"...
[RENDER]       2026-04-26 18:46:14   Rendering world level fields data.Level#e041e9d0-1030-11f0-b12c-59992e246da5 "Level_5"...
[RENDER]       2026-04-26 18:46:14   Rendering world level fields data.Level#d19c6990-1030-11f0-b12c-9f5692af9d93 "Level_7"...
[RENDER]       2026-04-26 18:46:14   Rendering world level data.Level#e52cfcd0-1030-11f0-b12c-fb81b8dc6f61 "Level_8"...
[RENDER]       2026-04-26 18:46:14   Rendering world level fields data.Level#e52cfcd0-1030-11f0-b12c-fb81b8dc6f61 "Level_8"...
[RENDER]       2026-04-26 18:46:14   Rendering world level data.Level#d5ae6780-1030-11f0-996f-efbed2df7e2d "Level_9"...
[RENDER]       2026-04-26 18:46:14   Rendering world level fields data.Level#d5ae6780-1030-11f0-996f-efbed2df7e2d "Level_9"...
[RENDER]       2026-04-26 18:46:14   Rendering world level fields data.Level#17922260-fa90-11f0-b873-2b970f47baa3 "Level_12"...
[RENDER]       2026-04-26 18:46:14   Rendering world level fields data.Level#86386280-1030-11f0-996f-3d5dc6593739 "Level_10"...
[RENDER]       2026-04-26 18:46:14   Rendering world level data.Level#e358dc00-fa90-11f0-9536-757f38ccabb1 "Level_13"...
[RENDER]       2026-04-26 18:46:14   Rendering world level fields data.Level#e358dc00-fa90-11f0-9536-757f38ccabb1 "Level_13"...
[RENDER]       2026-04-26 18:46:14   Rendering world level fields data.Level#cb3cd020-1030-11f0-996f-c1d1f3076de4 "Level_11"...
[EVENT]        2026-04-26 18:46:15   LevelSelected 364
[USERACTION]   2026-04-26 18:46:15   Opened level data.Level#e358dc00-fa90-11f0-9536-757f38ccabb1 "Level_13"
[TIMELINE]     2026-04-26 18:46:15   Garbage collected level: #296
[RENDER]       2026-04-26 18:46:15   Rendering world level data.Level#e52cfcd0-1030-11f0-b12c-fb81b8dc6f61 "Level_8"...
[RENDER]       2026-04-26 18:46:15   Rendering world level fields data.Level#e358dc00-fa90-11f0-9536-757f38ccabb1 "Level_13"...
[RENDER]       2026-04-26 18:46:15   Rendering world level data.Level#d5ae6780-1030-11f0-996f-efbed2df7e2d "Level_9"...
[RENDER]       2026-04-26 18:46:15   Rendering world level data.Level#e358dc00-fa90-11f0-9536-757f38ccabb1 "Level_13"...
[EVENT]        2026-04-26 18:46:16   LevelSelected 364
[USERACTION]   2026-04-26 18:46:16   Opened level data.Level#e358dc00-fa90-11f0-9536-757f38ccabb1 "Level_13"
[RENDER]       2026-04-26 18:46:16   Rendering world level data.Level#e52cfcd0-1030-11f0-b12c-fb81b8dc6f61 "Level_8"...
[RENDER]       2026-04-26 18:46:16   Rendering world level fields data.Level#e358dc00-fa90-11f0-9536-757f38ccabb1 "Level_13"...
[RENDER]       2026-04-26 18:46:16   Rendering world level data.Level#d5ae6780-1030-11f0-996f-efbed2df7e2d "Level_9"...
[USERACTION]   2026-04-26 18:46:16   Closed panel #103 ui.modal.panel.WorldPanel
[WARNING]      2026-04-26 18:46:16   Full level render requested
[RENDER]       2026-04-26 18:46:16   Rendering world bg...
[RENDER]       2026-04-26 18:46:16   Rendering world level data.Level#e52cfcd0-1030-11f0-b12c-fb81b8dc6f61 "Level_8"...
[RENDER]       2026-04-26 18:46:16   Rendering world level fields data.Level#e358dc00-fa90-11f0-9536-757f38ccabb1 "Level_13"...
[RENDER]       2026-04-26 18:46:16   Rendering world level data.Level#d5ae6780-1030-11f0-996f-efbed2df7e2d "Level_9"...
[RENDER]       2026-04-26 18:46:16   Rendering world level data.Level#e358dc00-fa90-11f0-9536-757f38ccabb1 "Level_13"...
[SAVE]         2026-04-26 18:46:17   Preparing project saving: /home/angrycompany16/gamedev/go/mask_of_the_tomb/assets/LDTK/world.ldtk...
[CACHE]        2026-04-26 18:46:17   Garbaging unused image LdtkIcons_336_208_16_16...
[CACHE]        2026-04-26 18:46:17   Disposing cached image LdtkIcons_336_208_16_16...
[CACHE]        2026-04-26 18:46:17   Garbaging unused image LdtkIcons_336_176_16_16...
[CACHE]        2026-04-26 18:46:17   Disposing cached image LdtkIcons_336_176_16_16...
[CACHE]        2026-04-26 18:46:17   Garbaging unused image LdtkIcons_176_16_16_16...
[CACHE]        2026-04-26 18:46:17   Disposing cached image LdtkIcons_176_16_16_16...
[SAVE]         2026-04-26 18:46:17   => PreChecks...
[SAVE]         2026-04-26 18:46:17   => BeforeSavingActions...
[EVENT]        2026-04-26 18:46:17   BeforeProjectSaving
[SAVE]         2026-04-26 18:46:17   => AutoLayers...
[SAVE]         2026-04-26 18:46:17   => Backup...
[SAVE]         2026-04-26 18:46:17   Backing up /home/angrycompany16/gamedev/go/mask_of_the_tomb/assets/LDTK to /home/angrycompany16/gamedev/go/mask_of_the_tomb/assets/LDTK/world/backups/94589810-c210-11ef-b2e6-99619d5a4f10_2026-04-26_18-46-17...
[SAVE]         2026-04-26 18:46:17     Found 1 files.
[GENERAL]      2026-04-26 18:46:17   Progress created.
[RENDER]       2026-04-26 18:46:17   Rendering world bg...
[GENERAL]      2026-04-26 18:46:17   Progress started: : "Backup", 2 operation(s)
[SAVE]         2026-04-26 18:46:17   Removing older backup: 94589810-c210-11ef-b2e6-99619d5a4f10_2026-04-19_19-33-05
[GENERAL]      2026-04-26 18:46:17   Progress completed: "Backup" (0s)
[SAVE]         2026-04-26 18:46:17     Done!
[GENERAL]      2026-04-26 18:46:17   Progress created.
[RENDER]       2026-04-26 18:46:17   Rendering world bg...
[GENERAL]      2026-04-26 18:46:17   Progress started: : "Preparing levels...", 15 operation(s)
[GENERAL]      2026-04-26 18:46:17   Progress completed: "Preparing levels..." (0s)
[SAVE]         2026-04-26 18:46:17   => SavingMainFile...
[GENERAL]      2026-04-26 18:46:17   Progress created.
[RENDER]       2026-04-26 18:46:17   Rendering world bg...
[GENERAL]      2026-04-26 18:46:17   Progress started: : "Saving main file...", 2 operation(s)
[SAVE]         2026-04-26 18:46:17     Preparing SavingData...
[SAVE]         2026-04-26 18:46:17     Writing /home/angrycompany16/gamedev/go/mask_of_the_tomb/assets/LDTK/world.ldtk...
[GENERAL]      2026-04-26 18:46:17   Progress completed: "Saving main file..." (0.3s)
[FILE]         2026-04-26 18:46:17   Emptying dir /home/angrycompany16/gamedev/go/mask_of_the_tomb/assets/LDTK/world (onlyExts=[ldtkl])...
[SAVE]         2026-04-26 18:46:17   => Done...
[SAVE]         2026-04-26 18:46:17   Saving complete (world.ldtk)
[FILE]         2026-04-26 18:46:17   Saved "world.ldtk".
[EVENT]        2026-04-26 18:46:17   ProjectSaved
[RENDER]       2026-04-26 18:46:17   Rendering world bg...
[RENDER]       2026-04-26 18:46:17   Rendering world level fields data.Level#e358dc00-fa90-11f0-9536-757f38ccabb1 "Level_13"...
[USERACTION]   2026-04-26 18:46:18   Opened panel #127 ui.modal.panel.WorldPanel
[FILE]         2026-04-26 18:46:18   Reading HTML template worldPanel from cache
[FILE]         2026-04-26 18:46:18   Reading HTML template levelInstanceForm from cache
[RENDER]       2026-04-26 18:46:18   Rendering world bg...
[RENDER]       2026-04-26 18:46:18   Rendering world level fields data.Level#1e4af520-1030-11f0-af50-ff93dd65ce54 "Level_4"...
[RENDER]       2026-04-26 18:46:18   Rendering world level fields data.Level#e041e9d0-1030-11f0-b12c-59992e246da5 "Level_5"...
[RENDER]       2026-04-26 18:46:18   Rendering world level data.Level#e52cfcd0-1030-11f0-b12c-fb81b8dc6f61 "Level_8"...
[RENDER]       2026-04-26 18:46:18   Rendering world level fields data.Level#e52cfcd0-1030-11f0-b12c-fb81b8dc6f61 "Level_8"...
[RENDER]       2026-04-26 18:46:18   Rendering world level fields data.Level#3d974c90-1030-11f0-9400-e92418126557 "Level_3"...
[RENDER]       2026-04-26 18:46:18   Rendering world level data.Level#d5ae6780-1030-11f0-996f-efbed2df7e2d "Level_9"...
[RENDER]       2026-04-26 18:46:18   Rendering world level fields data.Level#d5ae6780-1030-11f0-996f-efbed2df7e2d "Level_9"...
[RENDER]       2026-04-26 18:46:18   Rendering world level fields data.Level#17922260-fa90-11f0-b873-2b970f47baa3 "Level_12"...
[RENDER]       2026-04-26 18:46:18   Rendering world level fields data.Level#86386280-1030-11f0-996f-3d5dc6593739 "Level_10"...
[RENDER]       2026-04-26 18:46:18   Rendering world level data.Level#e358dc00-fa90-11f0-9536-757f38ccabb1 "Level_13"...
[RENDER]       2026-04-26 18:46:18   Rendering world level fields data.Level#e358dc00-fa90-11f0-9536-757f38ccabb1 "Level_13"...
[RENDER]       2026-04-26 18:46:18   Rendering world level fields data.Level#d19c6990-1030-11f0-b12c-9f5692af9d93 "Level_7"...
[RENDER]       2026-04-26 18:46:18   Rendering world level fields data.Level#cb3cd020-1030-11f0-996f-c1d1f3076de4 "Level_11"...
[RENDER]       2026-04-26 18:46:18   Rendering world level fields data.Level#f2c71810-21a0-11f1-b962-971e9169e768 "Level_14"...
[EVENT]        2026-04-26 18:46:19   LevelSelected 287
[USERACTION]   2026-04-26 18:46:19   Opened level data.Level#1e4af520-1030-11f0-af50-ff93dd65ce54 "Level_4"
[TIMELINE]     2026-04-26 18:46:19   Garbage collected level: #364
[RENDER]       2026-04-26 18:46:19   Rendering world level data.Level#3d974c90-1030-11f0-9400-e92418126557 "Level_3"...
[RENDER]       2026-04-26 18:46:19   Rendering world level fields data.Level#1e4af520-1030-11f0-af50-ff93dd65ce54 "Level_4"...
[RENDER]       2026-04-26 18:46:20   Rendering world level data.Level#1e4af520-1030-11f0-af50-ff93dd65ce54 "Level_4"...
[RENDER]       2026-04-26 18:46:20   Rendering world level data.Level#e041e9d0-1030-11f0-b12c-59992e246da5 "Level_5"...
[RENDER]       2026-04-26 18:46:20   Rendering world level data.Level#e52cfcd0-1030-11f0-b12c-fb81b8dc6f61 "Level_8"...
[EVENT]        2026-04-26 18:46:20   LevelSelected 287
[USERACTION]   2026-04-26 18:46:20   Opened level data.Level#1e4af520-1030-11f0-af50-ff93dd65ce54 "Level_4"
[RENDER]       2026-04-26 18:46:20   Rendering world level data.Level#3d974c90-1030-11f0-9400-e92418126557 "Level_3"...
[RENDER]       2026-04-26 18:46:20   Rendering world level fields data.Level#1e4af520-1030-11f0-af50-ff93dd65ce54 "Level_4"...
[RENDER]       2026-04-26 18:46:20   Rendering world level data.Level#1e4af520-1030-11f0-af50-ff93dd65ce54 "Level_4"...
[USERACTION]   2026-04-26 18:46:20   Closed panel #127 ui.modal.panel.WorldPanel
[WARNING]      2026-04-26 18:46:20   Full level render requested
[RENDER]       2026-04-26 18:46:20   Rendering world bg...
[RENDER]       2026-04-26 18:46:20   Rendering world level data.Level#3d974c90-1030-11f0-9400-e92418126557 "Level_3"...
[RENDER]       2026-04-26 18:46:20   Rendering world level fields data.Level#1e4af520-1030-11f0-af50-ff93dd65ce54 "Level_4"...
[RENDER]       2026-04-26 18:46:20   Rendering world level data.Level#e041e9d0-1030-11f0-b12c-59992e246da5 "Level_5"...
[RENDER]       2026-04-26 18:46:20   Rendering world level data.Level#e52cfcd0-1030-11f0-b12c-fb81b8dc6f61 "Level_8"...
[USERACTION]   2026-04-26 18:46:21   Opened panel #138 ui.modal.panel.WorldPanel
[FILE]         2026-04-26 18:46:21   Reading HTML template worldPanel from cache
[FILE]         2026-04-26 18:46:21   Reading HTML template levelInstanceForm from cache
[RENDER]       2026-04-26 18:46:21   Rendering world bg...
[RENDER]       2026-04-26 18:46:21   Rendering world level data.Level#3d974c90-1030-11f0-9400-e92418126557 "Level_3"...
[RENDER]       2026-04-26 18:46:21   Rendering world level fields data.Level#1e4af520-1030-11f0-af50-ff93dd65ce54 "Level_4"...
[RENDER]       2026-04-26 18:46:21   Rendering world level fields data.Level#3069e2d0-1030-11f0-9400-2955d25c8088 "Level_2"...
[RENDER]       2026-04-26 18:46:21   Rendering world level data.Level#1e4af520-1030-11f0-af50-ff93dd65ce54 "Level_4"...
[RENDER]       2026-04-26 18:46:21   Rendering world level data.Level#e041e9d0-1030-11f0-b12c-59992e246da5 "Level_5"...
[RENDER]       2026-04-26 18:46:21   Rendering world level data.Level#e52cfcd0-1030-11f0-b12c-fb81b8dc6f61 "Level_8"...
[RENDER]       2026-04-26 18:46:21   Rendering world level data.Level#e358dc00-fa90-11f0-9536-757f38ccabb1 "Level_13"...
[EVENT]        2026-04-26 18:46:22   LevelSelected 274
[USERACTION]   2026-04-26 18:46:22   Opened level data.Level#3d974c90-1030-11f0-9400-e92418126557 "Level_3"
[TIMELINE]     2026-04-26 18:46:22   Garbage collected level: #287
[RENDER]       2026-04-26 18:46:22   Rendering world level data.Level#3d974c90-1030-11f0-9400-e92418126557 "Level_3"...
[RENDER]       2026-04-26 18:46:22   Rendering world level fields data.Level#3d974c90-1030-11f0-9400-e92418126557 "Level_3"...
[RENDER]       2026-04-26 18:46:22   Rendering world level data.Level#1e4af520-1030-11f0-af50-ff93dd65ce54 "Level_4"...
[RENDER]       2026-04-26 18:46:22   Rendering world level data.Level#e041e9d0-1030-11f0-b12c-59992e246da5 "Level_5"...
[RENDER]       2026-04-26 18:46:22   Rendering world level data.Level#d19c6990-1030-11f0-b12c-9f5692af9d93 "Level_7"...
[EVENT]        2026-04-26 18:46:22   LevelSelected 274
[USERACTION]   2026-04-26 18:46:22   Opened level data.Level#3d974c90-1030-11f0-9400-e92418126557 "Level_3"
[RENDER]       2026-04-26 18:46:22   Rendering world level data.Level#3d974c90-1030-11f0-9400-e92418126557 "Level_3"...
[RENDER]       2026-04-26 18:46:22   Rendering world level fields data.Level#3d974c90-1030-11f0-9400-e92418126557 "Level_3"...
[RENDER]       2026-04-26 18:46:22   Rendering world level data.Level#1e4af520-1030-11f0-af50-ff93dd65ce54 "Level_4"...
[USERACTION]   2026-04-26 18:46:22   Closed panel #138 ui.modal.panel.WorldPanel
[WARNING]      2026-04-26 18:46:22   Full level render requested
[RENDER]       2026-04-26 18:46:22   Rendering world bg...
[RENDER]       2026-04-26 18:46:22   Rendering world level fields data.Level#3d974c90-1030-11f0-9400-e92418126557 "Level_3"...
[RENDER]       2026-04-26 18:46:22   Rendering world level data.Level#1e4af520-1030-11f0-af50-ff93dd65ce54 "Level_4"...
[RENDER]       2026-04-26 18:46:22   Rendering world level data.Level#e041e9d0-1030-11f0-b12c-59992e246da5 "Level_5"...
[RENDER]       2026-04-26 18:46:23   Rendering world level data.Level#d19c6990-1030-11f0-b12c-9f5692af9d93 "Level_7"...
[RENDER]       2026-04-26 18:46:23   Rendering world level data.Level#cb3cd020-1030-11f0-996f-c1d1f3076de4 "Level_11"...
[USERACTION]   2026-04-26 18:46:23   Opened panel #150 ui.modal.panel.WorldPanel
[FILE]         2026-04-26 18:46:23   Reading HTML template worldPanel from cache
[FILE]         2026-04-26 18:46:23   Reading HTML template levelInstanceForm from cache
[RENDER]       2026-04-26 18:46:23   Rendering world level data.Level#3d974c90-1030-11f0-9400-e92418126557 "Level_3"...
[RENDER]       2026-04-26 18:46:23   Rendering world level fields data.Level#3d974c90-1030-11f0-9400-e92418126557 "Level_3"...
[RENDER]       2026-04-26 18:46:23   Rendering world bg...
[RENDER]       2026-04-26 18:46:23   Rendering world level data.Level#1e4af520-1030-11f0-af50-ff93dd65ce54 "Level_4"...
[RENDER]       2026-04-26 18:46:23   Rendering world level data.Level#e041e9d0-1030-11f0-b12c-59992e246da5 "Level_5"...
[RENDER]       2026-04-26 18:46:23   Rendering world level data.Level#d19c6990-1030-11f0-b12c-9f5692af9d93 "Level_7"...
[RENDER]       2026-04-26 18:46:23   Rendering world level data.Level#cb3cd020-1030-11f0-996f-c1d1f3076de4 "Level_11"...
[EVENT]        2026-04-26 18:46:24   LevelSelected 288
[USERACTION]   2026-04-26 18:46:24   Opened level data.Level#e041e9d0-1030-11f0-b12c-59992e246da5 "Level_5"
[TIMELINE]     2026-04-26 18:46:24   Garbage collected level: #274
[RENDER]       2026-04-26 18:46:24   Rendering world level data.Level#3d974c90-1030-11f0-9400-e92418126557 "Level_3"...
[RENDER]       2026-04-26 18:46:24   Rendering world level fields data.Level#e041e9d0-1030-11f0-b12c-59992e246da5 "Level_5"...
[RENDER]       2026-04-26 18:46:24   Rendering world level data.Level#1e4af520-1030-11f0-af50-ff93dd65ce54 "Level_4"...
[RENDER]       2026-04-26 18:46:24   Rendering world level data.Level#e041e9d0-1030-11f0-b12c-59992e246da5 "Level_5"...
[EVENT]        2026-04-26 18:46:24   LevelSelected 288
[USERACTION]   2026-04-26 18:46:24   Opened level data.Level#e041e9d0-1030-11f0-b12c-59992e246da5 "Level_5"
[RENDER]       2026-04-26 18:46:24   Rendering world level data.Level#3d974c90-1030-11f0-9400-e92418126557 "Level_3"...
[RENDER]       2026-04-26 18:46:24   Rendering world level fields data.Level#e041e9d0-1030-11f0-b12c-59992e246da5 "Level_5"...
[RENDER]       2026-04-26 18:46:24   Rendering world level data.Level#1e4af520-1030-11f0-af50-ff93dd65ce54 "Level_4"...
[RENDER]       2026-04-26 18:46:24   Rendering world level data.Level#e041e9d0-1030-11f0-b12c-59992e246da5 "Level_5"...
[USERACTION]   2026-04-26 18:46:24   Closed panel #150 ui.modal.panel.WorldPanel
[WARNING]      2026-04-26 18:46:24   Full level render requested
[RENDER]       2026-04-26 18:46:24   Rendering world bg...
[RENDER]       2026-04-26 18:46:24   Rendering world level data.Level#3d974c90-1030-11f0-9400-e92418126557 "Level_3"...
[RENDER]       2026-04-26 18:46:24   Rendering world level fields data.Level#e041e9d0-1030-11f0-b12c-59992e246da5 "Level_5"...
[RENDER]       2026-04-26 18:46:24   Rendering world level data.Level#1e4af520-1030-11f0-af50-ff93dd65ce54 "Level_4"...
[RENDER]       2026-04-26 18:46:25   Rendering world level data.Level#d5ae6780-1030-11f0-996f-efbed2df7e2d "Level_9"...
[RENDER]       2026-04-26 18:46:25   Rendering world level data.Level#86386280-1030-11f0-996f-3d5dc6593739 "Level_10"...
[RENDER]       2026-04-26 18:46:25   Rendering world level data.Level#cb3cd020-1030-11f0-996f-c1d1f3076de4 "Level_11"...
[USERACTION]   2026-04-26 18:46:25   Opened panel #157 ui.modal.panel.WorldPanel
[FILE]         2026-04-26 18:46:25   Reading HTML template worldPanel from cache
[FILE]         2026-04-26 18:46:25   Reading HTML template levelInstanceForm from cache
[RENDER]       2026-04-26 18:46:25   Rendering world bg...
[RENDER]       2026-04-26 18:46:25   Rendering world level data.Level#3d974c90-1030-11f0-9400-e92418126557 "Level_3"...
[RENDER]       2026-04-26 18:46:25   Rendering world level fields data.Level#e041e9d0-1030-11f0-b12c-59992e246da5 "Level_5"...
[RENDER]       2026-04-26 18:46:26   Rendering world level data.Level#1e4af520-1030-11f0-af50-ff93dd65ce54 "Level_4"...
[RENDER]       2026-04-26 18:46:26   Rendering world level data.Level#e041e9d0-1030-11f0-b12c-59992e246da5 "Level_5"...
[RENDER]       2026-04-26 18:46:26   Rendering world level data.Level#d5ae6780-1030-11f0-996f-efbed2df7e2d "Level_9"...
[RENDER]       2026-04-26 18:46:26   Rendering world level data.Level#86386280-1030-11f0-996f-3d5dc6593739 "Level_10"...
[RENDER]       2026-04-26 18:46:26   Rendering world level data.Level#cb3cd020-1030-11f0-996f-c1d1f3076de4 "Level_11"...
[EVENT]        2026-04-26 18:46:26   LevelSelected 366
[USERACTION]   2026-04-26 18:46:26   Opened level data.Level#cb3cd020-1030-11f0-996f-c1d1f3076de4 "Level_11"
[TIMELINE]     2026-04-26 18:46:26   Garbage collected level: #288
[RENDER]       2026-04-26 18:46:26   Rendering world level data.Level#3d974c90-1030-11f0-9400-e92418126557 "Level_3"...
[RENDER]       2026-04-26 18:46:26   Rendering world level fields data.Level#cb3cd020-1030-11f0-996f-c1d1f3076de4 "Level_11"...
[RENDER]       2026-04-26 18:46:26   Rendering world level data.Level#e041e9d0-1030-11f0-b12c-59992e246da5 "Level_5"...
[RENDER]       2026-04-26 18:46:26   Rendering world level data.Level#d5ae6780-1030-11f0-996f-efbed2df7e2d "Level_9"...
[EVENT]        2026-04-26 18:46:26   LevelSelected 366
[USERACTION]   2026-04-26 18:46:26   Opened level data.Level#cb3cd020-1030-11f0-996f-c1d1f3076de4 "Level_11"
[RENDER]       2026-04-26 18:46:26   Rendering world level data.Level#3d974c90-1030-11f0-9400-e92418126557 "Level_3"...
[RENDER]       2026-04-26 18:46:26   Rendering world level fields data.Level#cb3cd020-1030-11f0-996f-c1d1f3076de4 "Level_11"...
[RENDER]       2026-04-26 18:46:26   Rendering world level data.Level#e041e9d0-1030-11f0-b12c-59992e246da5 "Level_5"...
[USERACTION]   2026-04-26 18:46:27   Closed panel #157 ui.modal.panel.WorldPanel
[WARNING]      2026-04-26 18:46:27   Full level render requested
[RENDER]       2026-04-26 18:46:27   Rendering world bg...
[RENDER]       2026-04-26 18:46:27   Rendering world level data.Level#3d974c90-1030-11f0-9400-e92418126557 "Level_3"...
[RENDER]       2026-04-26 18:46:27   Rendering world level fields data.Level#cb3cd020-1030-11f0-996f-c1d1f3076de4 "Level_11"...
[RENDER]       2026-04-26 18:46:27   Rendering world level data.Level#e041e9d0-1030-11f0-b12c-59992e246da5 "Level_5"...
[RENDER]       2026-04-26 18:46:27   Rendering world level data.Level#d5ae6780-1030-11f0-996f-efbed2df7e2d "Level_9"...
[RENDER]       2026-04-26 18:46:27   Rendering world level data.Level#86386280-1030-11f0-996f-3d5dc6593739 "Level_10"...
[RENDER]       2026-04-26 18:46:27   Rendering world level data.Level#cb3cd020-1030-11f0-996f-c1d1f3076de4 "Level_11"...
[RENDER]       2026-04-26 18:46:27   Rendering world level data.Level#f2c71810-21a0-11f1-b962-971e9169e768 "Level_14"...
[EVENT]        2026-04-26 18:46:28   LevelSelected 379
[USERACTION]   2026-04-26 18:46:28   Opened level data.Level#f2c71810-21a0-11f1-b962-971e9169e768 "Level_14"
[TIMELINE]     2026-04-26 18:46:28   Garbage collected level: #366
[RENDER]       2026-04-26 18:46:28   Rendering world level data.Level#3d974c90-1030-11f0-9400-e92418126557 "Level_3"...
[RENDER]       2026-04-26 18:46:28   Rendering world level fields data.Level#f2c71810-21a0-11f1-b962-971e9169e768 "Level_14"...
[WARNING]      2026-04-26 18:46:28   Full level render requested
[RENDER]       2026-04-26 18:46:28   Rendering world level data.Level#e041e9d0-1030-11f0-b12c-59992e246da5 "Level_5"...
[RENDER]       2026-04-26 18:46:28   Rendering world level data.Level#d5ae6780-1030-11f0-996f-efbed2df7e2d "Level_9"...
[RENDER]       2026-04-26 18:46:28   Rendering world level data.Level#86386280-1030-11f0-996f-3d5dc6593739 "Level_10"...
[RENDER]       2026-04-26 18:46:28   Rendering world level data.Level#cb3cd020-1030-11f0-996f-c1d1f3076de4 "Level_11"...
[EVENT]        2026-04-26 18:46:28   LayerInstanceEditedByTool
[EVENT]        2026-04-26 18:46:28   LevelJsonCacheInvalidated
[USERACTION]   2026-04-26 18:46:28   EntityTool: mode=Add, in LayerInst#266 "Entities" [Entities]
[FILE]         2026-04-26 18:46:28   Loading HTML template entityInstanceEditor
[USERACTION]   2026-04-26 18:46:28   Added entity EntityInst "DefaultSpawnPos" @248,16
[EVENT]        2026-04-26 18:46:28   EntityInstanceAdded 7
[RENDER]       2026-04-26 18:46:28   Rendering world bg...
[RENDER]       2026-04-26 18:46:28   Rendering world level data.Level#f2c71810-21a0-11f1-b962-971e9169e768 "Level_14"...
[RENDER]       2026-04-26 18:46:28   Rendering world level fields data.Level#f2c71810-21a0-11f1-b962-971e9169e768 "Level_14"...
[EVENT]        2026-04-26 18:46:30   EntityInstanceRemoved 7
[EVENT]        2026-04-26 18:46:30   LayerInstanceEditedByTool
[USERACTION]   2026-04-26 18:46:30   EntityTool: mode=Remove, in LayerInst#266 "Entities" [Entities]
[SAVE]         2026-04-26 18:46:32   Preparing project saving: /home/angrycompany16/gamedev/go/mask_of_the_tomb/assets/LDTK/world.ldtk...
[CACHE]        2026-04-26 18:46:32   Garbaging unused image LdtkIcons_336_208_16_16...
[CACHE]        2026-04-26 18:46:32   Disposing cached image LdtkIcons_336_208_16_16...
[CACHE]        2026-04-26 18:46:32   Garbaging unused image LdtkIcons_336_176_16_16...
[CACHE]        2026-04-26 18:46:32   Disposing cached image LdtkIcons_336_176_16_16...
[CACHE]        2026-04-26 18:46:32   Garbaging unused image LdtkIcons_176_16_16_16...
[CACHE]        2026-04-26 18:46:32   Disposing cached image LdtkIcons_176_16_16_16...
[SAVE]         2026-04-26 18:46:32   => PreChecks...
[SAVE]         2026-04-26 18:46:32   => BeforeSavingActions...
[EVENT]        2026-04-26 18:46:32   BeforeProjectSaving
[SAVE]         2026-04-26 18:46:32   => AutoLayers...
[SAVE]         2026-04-26 18:46:32   => Backup...
[SAVE]         2026-04-26 18:46:32   Backing up /home/angrycompany16/gamedev/go/mask_of_the_tomb/assets/LDTK to /home/angrycompany16/gamedev/go/mask_of_the_tomb/assets/LDTK/world/backups/94589810-c210-11ef-b2e6-99619d5a4f10_2026-04-26_18-46-32...
[SAVE]         2026-04-26 18:46:32     Found 1 files.
[GENERAL]      2026-04-26 18:46:32   Progress created.
[RENDER]       2026-04-26 18:46:32   Rendering world bg...
[GENERAL]      2026-04-26 18:46:32   Progress started: : "Backup", 2 operation(s)
[SAVE]         2026-04-26 18:46:32   Removing older backup: 94589810-c210-11ef-b2e6-99619d5a4f10_2026-04-19_19-34-54
[GENERAL]      2026-04-26 18:46:32   Progress completed: "Backup" (0s)
[SAVE]         2026-04-26 18:46:32     Done!
[GENERAL]      2026-04-26 18:46:32   Progress created.
[RENDER]       2026-04-26 18:46:32   Rendering world bg...
[GENERAL]      2026-04-26 18:46:32   Progress started: : "Preparing levels...", 15 operation(s)
[GENERAL]      2026-04-26 18:46:32   Progress completed: "Preparing levels..." (0s)
[SAVE]         2026-04-26 18:46:32   => SavingMainFile...
[GENERAL]      2026-04-26 18:46:32   Progress created.
[RENDER]       2026-04-26 18:46:32   Rendering world bg...
[GENERAL]      2026-04-26 18:46:32   Progress started: : "Saving main file...", 2 operation(s)
[SAVE]         2026-04-26 18:46:32     Preparing SavingData...
[SAVE]         2026-04-26 18:46:32     Writing /home/angrycompany16/gamedev/go/mask_of_the_tomb/assets/LDTK/world.ldtk...
[GENERAL]      2026-04-26 18:46:32   Progress completed: "Saving main file..." (0.3s)
[FILE]         2026-04-26 18:46:32   Emptying dir /home/angrycompany16/gamedev/go/mask_of_the_tomb/assets/LDTK/world (onlyExts=[ldtkl])...
[SAVE]         2026-04-26 18:46:32   => Done...
[SAVE]         2026-04-26 18:46:32   Saving complete (world.ldtk)
[FILE]         2026-04-26 18:46:32   Saved "world.ldtk".
[EVENT]        2026-04-26 18:46:32   ProjectSaved
[RENDER]       2026-04-26 18:46:32   Rendering world bg...
[RENDER]       2026-04-26 18:46:32   Rendering world level fields data.Level#f2c71810-21a0-11f1-b962-971e9169e768 "Level_14"...
[RENDER]       2026-04-26 18:46:33   Rendering world bg...
[RENDER]       2026-04-26 18:46:33   Rendering world bg...
[RENDER]       2026-04-26 18:46:33   Rendering world bg...
[RENDER]       2026-04-26 18:46:33   Rendering world bg...
[RENDER]       2026-04-26 18:46:34   Rendering world bg...
[USERACTION]   2026-04-26 18:46:34   Opened panel #174 ui.modal.panel.EditLayerDefs
[FILE]         2026-04-26 18:46:34   Reading HTML template editLayerDefs from cache
[RENDER]       2026-04-26 18:46:34   Rendering world bg...
[RENDER]       2026-04-26 18:46:34   Rendering world bg...
[RENDER]       2026-04-26 18:46:35   Rendering world bg...
[RENDER]       2026-04-26 18:46:35   Rendering world bg...
[RENDER]       2026-04-26 18:46:35   Rendering world bg...
[RENDER]       2026-04-26 18:46:35   Rendering world bg...
[RENDER]       2026-04-26 18:46:35   Rendering world bg...
[RENDER]       2026-04-26 18:46:35   Rendering world bg...
[RENDER]       2026-04-26 18:46:35   Rendering world bg...
[RENDER]       2026-04-26 18:46:35   Rendering world bg...
[RENDER]       2026-04-26 18:46:35   Rendering world bg...
[RENDER]       2026-04-26 18:46:35   Rendering world bg...
[RENDER]       2026-04-26 18:46:35   Rendering world bg...
[RENDER]       2026-04-26 18:46:35   Rendering world bg...
[USERACTION]   2026-04-26 18:46:36   Opened panel #188 ui.modal.panel.EditTilesetDefs
[USERACTION]   2026-04-26 18:46:36   Closed panel #174 ui.modal.panel.EditLayerDefs
[FILE]         2026-04-26 18:46:36   Loading HTML template editTilesetDefs
[RENDER]       2026-04-26 18:46:36   Rendering world bg...
[RENDER]       2026-04-26 18:46:36   Rendering world bg...
[RENDER]       2026-04-26 18:46:37   Rendering world bg...
[RENDER]       2026-04-26 18:46:38   Rendering world bg...
[USERACTION]   2026-04-26 18:46:38   Opened panel #192 ui.modal.panel.EditEnumDefs
[USERACTION]   2026-04-26 18:46:38   Closed panel #188 ui.modal.panel.EditTilesetDefs
[FILE]         2026-04-26 18:46:38   Loading HTML template editEnumDefs
[RENDER]       2026-04-26 18:46:38   Rendering world bg...
[RENDER]       2026-04-26 18:46:38   Rendering world bg...
[RENDER]       2026-04-26 18:46:38   Rendering world bg...
[RENDER]       2026-04-26 18:46:38   Rendering world bg...
[RENDER]       2026-04-26 18:46:39   Rendering world bg...
[USERACTION]   2026-04-26 18:46:40   Closed panel #192 ui.modal.panel.EditEnumDefs
[RENDER]       2026-04-26 18:46:40   Rendering world bg...
[EVENT]        2026-04-26 18:46:42   LayerInstanceSelected 28
[USERACTION]   2026-04-26 18:46:42   Opened panel #199 ui.modal.panel.EditAllAutoLayerRules
[FILE]         2026-04-26 18:46:42   Loading HTML template editAllAutoLayerRules
[RENDER]       2026-04-26 18:46:42   Rendered level UI
[RENDER]       2026-04-26 18:46:42   Rendering world bg...
[RENDER]       2026-04-26 18:46:42   Rendering world bg...
[EVENT]        2026-04-26 18:46:45   LayerRuleGroupCollapseChanged 413
[EVENT]        2026-04-26 18:46:46   LayerRuleGroupCollapseChanged 413
[EVENT]        2026-04-26 18:46:47   LayerRuleGroupCollapseChanged 398
[RENDER]       2026-04-26 18:46:48   Rendering world bg...
[RENDER]       2026-04-26 18:46:49   Rendering world bg...
[RENDER]       2026-04-26 18:46:49   Rendering world bg...
[RENDER]       2026-04-26 18:46:49   Rendering world bg...
[RENDER]       2026-04-26 18:46:49   Rendering world bg...
[RENDER]       2026-04-26 18:46:49   Rendering world bg...
[FILE]         2026-04-26 18:46:49   Loading HTML template ruleEditor
[RENDER]       2026-04-26 18:46:49   Rendering world bg...
[RENDER]       2026-04-26 18:46:51   Rendering world bg...
[EVENT]        2026-04-26 18:46:52   ToolValueSelected
[EVENT]        2026-04-26 18:46:53   ToolValueSelected
[EVENT]        2026-04-26 18:46:54   LayerRuleChanged 399
[EVENT]        2026-04-26 18:46:54   LevelJsonCacheInvalidated
[EVENT]        2026-04-26 18:46:54   LevelJsonCacheInvalidated
[EVENT]        2026-04-26 18:46:54   LevelJsonCacheInvalidated
[EVENT]        2026-04-26 18:46:54   LevelJsonCacheInvalidated
[EVENT]        2026-04-26 18:46:54   LevelJsonCacheInvalidated
[EVENT]        2026-04-26 18:46:54   LevelJsonCacheInvalidated
[EVENT]        2026-04-26 18:46:54   LevelJsonCacheInvalidated
[EVENT]        2026-04-26 18:46:54   LevelJsonCacheInvalidated
[EVENT]        2026-04-26 18:46:54   LevelJsonCacheInvalidated
[EVENT]        2026-04-26 18:46:54   LevelJsonCacheInvalidated
[EVENT]        2026-04-26 18:46:54   LevelJsonCacheInvalidated
[EVENT]        2026-04-26 18:46:54   LevelJsonCacheInvalidated
[EVENT]        2026-04-26 18:46:54   LevelJsonCacheInvalidated
[EVENT]        2026-04-26 18:46:54   LevelJsonCacheInvalidated
[EVENT]        2026-04-26 18:46:54   LevelJsonCacheInvalidated
[RENDER]       2026-04-26 18:46:54   Rendering world level fields data.Level#f2c71810-21a0-11f1-b962-971e9169e768 "Level_14"...
[RENDER]       2026-04-26 18:46:55   Rendering world bg...
[SAVE]         2026-04-26 18:46:55   Preparing project saving: /home/angrycompany16/gamedev/go/mask_of_the_tomb/assets/LDTK/world.ldtk...
[SAVE]         2026-04-26 18:46:55   => PreChecks...
[SAVE]         2026-04-26 18:46:55   => BeforeSavingActions...
[EVENT]        2026-04-26 18:46:55   BeforeProjectSaving
[GENERAL]      2026-04-26 18:46:55   Applying invalidated rules...
[GENERAL]      2026-04-26 18:46:55   Progress created.
[RENDER]       2026-04-26 18:46:55   Rendering world bg...
[GENERAL]      2026-04-26 18:46:55   Progress started: : "Updating auto layers...", 495 operation(s)
[RENDER]       2026-04-26 18:46:57   Rendering world level data.Level#86386280-1030-11f0-996f-3d5dc6593739 "Level_10"...
[GENERAL]      2026-04-26 18:46:57   Progress completed: "Updating auto layers..." (1.8s)
[SAVE]         2026-04-26 18:46:57   => AutoLayers...
[SAVE]         2026-04-26 18:46:57   => Backup...
[SAVE]         2026-04-26 18:46:57   Backing up /home/angrycompany16/gamedev/go/mask_of_the_tomb/assets/LDTK to /home/angrycompany16/gamedev/go/mask_of_the_tomb/assets/LDTK/world/backups/94589810-c210-11ef-b2e6-99619d5a4f10_2026-04-26_18-46-57...
[SAVE]         2026-04-26 18:46:57     Found 1 files.
[GENERAL]      2026-04-26 18:46:57   Progress created.
[RENDER]       2026-04-26 18:46:57   Rendering world bg...
[GENERAL]      2026-04-26 18:46:57   Progress started: : "Backup", 2 operation(s)
[RENDER]       2026-04-26 18:46:57   Rendering world level data.Level#cb3cd020-1030-11f0-996f-c1d1f3076de4 "Level_11"...
[SAVE]         2026-04-26 18:46:57   Removing older backup: 94589810-c210-11ef-b2e6-99619d5a4f10_2026-04-19_19-35-03
[GENERAL]      2026-04-26 18:46:57   Progress completed: "Backup" (0s)
[SAVE]         2026-04-26 18:46:57     Done!
[GENERAL]      2026-04-26 18:46:57   Progress created.
[RENDER]       2026-04-26 18:46:57   Rendering world bg...
[RENDER]       2026-04-26 18:46:57   Rendering world level data.Level#f2c71810-21a0-11f1-b962-971e9169e768 "Level_14"...
[GENERAL]      2026-04-26 18:46:57   Progress started: : "Preparing levels...", 15 operation(s)
[GENERAL]      2026-04-26 18:46:58   Progress completed: "Preparing levels..." (0.4s)
[SAVE]         2026-04-26 18:46:58   => SavingMainFile...
[GENERAL]      2026-04-26 18:46:58   Progress created.
[RENDER]       2026-04-26 18:46:58   Rendering world bg...
[GENERAL]      2026-04-26 18:46:58   Progress started: : "Saving main file...", 2 operation(s)
[SAVE]         2026-04-26 18:46:58     Preparing SavingData...
[SAVE]         2026-04-26 18:46:58     Writing /home/angrycompany16/gamedev/go/mask_of_the_tomb/assets/LDTK/world.ldtk...
[GENERAL]      2026-04-26 18:46:58   Progress completed: "Saving main file..." (0.3s)
[FILE]         2026-04-26 18:46:58   Emptying dir /home/angrycompany16/gamedev/go/mask_of_the_tomb/assets/LDTK/world (onlyExts=[ldtkl])...
[SAVE]         2026-04-26 18:46:58   => Done...
[SAVE]         2026-04-26 18:46:58   Saving complete (world.ldtk)
[FILE]         2026-04-26 18:46:58   Saved "world.ldtk".
[EVENT]        2026-04-26 18:46:58   ProjectSaved
[RENDER]       2026-04-26 18:46:58   Rendering world bg...
[RENDER]       2026-04-26 18:46:58   Rendering world level fields data.Level#f2c71810-21a0-11f1-b962-971e9169e768 "Level_14"...
[RENDER]       2026-04-26 18:46:59   Rendering world bg...
[USERACTION]   2026-04-26 18:47:00   Closed panel #199 ui.modal.panel.EditAllAutoLayerRules
[EVENT]        2026-04-26 18:47:01   LevelSelected 366
[USERACTION]   2026-04-26 18:47:01   Opened level data.Level#cb3cd020-1030-11f0-996f-c1d1f3076de4 "Level_11"
[WARNING]      2026-04-26 18:47:01   Full level render requested
[RENDER]       2026-04-26 18:47:01   Rendering world bg...
[RENDER]       2026-04-26 18:47:02   Rendering world level data.Level#86386280-1030-11f0-996f-3d5dc6593739 "Level_10"...
[RENDER]       2026-04-26 18:47:02   Rendering world level fields data.Level#cb3cd020-1030-11f0-996f-c1d1f3076de4 "Level_11"...
[RENDER]       2026-04-26 18:47:02   Rendering world level data.Level#cb3cd020-1030-11f0-996f-c1d1f3076de4 "Level_11"...
[RENDER]       2026-04-26 18:47:02   Rendering world level data.Level#f2c71810-21a0-11f1-b962-971e9169e768 "Level_14"...
[USERACTION]   2026-04-26 18:47:03   Opened panel #220 ui.modal.panel.WorldPanel
[FILE]         2026-04-26 18:47:03   Reading HTML template worldPanel from cache
[FILE]         2026-04-26 18:47:03   Reading HTML template levelInstanceForm from cache
[RENDER]       2026-04-26 18:47:03   Rendering world level data.Level#d19c6990-1030-11f0-b12c-9f5692af9d93 "Level_7"...
[RENDER]       2026-04-26 18:47:03   Rendering world level fields data.Level#d19c6990-1030-11f0-b12c-9f5692af9d93 "Level_7"...
[RENDER]       2026-04-26 18:47:03   Rendering world level fields data.Level#86386280-1030-11f0-996f-3d5dc6593739 "Level_10"...
[RENDER]       2026-04-26 18:47:03   Rendering world level fields data.Level#cb3cd020-1030-11f0-996f-c1d1f3076de4 "Level_11"...
[RENDER]       2026-04-26 18:47:03   Rendering world bg...
[RENDER]       2026-04-26 18:47:03   Rendering world level data.Level#86386280-1030-11f0-996f-3d5dc6593739 "Level_10"...
[RENDER]       2026-04-26 18:47:03   Rendering world level data.Level#cb3cd020-1030-11f0-996f-c1d1f3076de4 "Level_11"...
[RENDER]       2026-04-26 18:47:03   Rendering world level data.Level#f2c71810-21a0-11f1-b962-971e9169e768 "Level_14"...
[EVENT]        2026-04-26 18:47:03   LevelSelected 366
[USERACTION]   2026-04-26 18:47:03   Opened level data.Level#cb3cd020-1030-11f0-996f-c1d1f3076de4 "Level_11"
[USERACTION]   2026-04-26 18:47:04   Closed panel #220 ui.modal.panel.WorldPanel
[WARNING]      2026-04-26 18:47:04   Full level render requested
[RENDER]       2026-04-26 18:47:04   Rendering world bg...
[RENDER]       2026-04-26 18:47:04   Rendering world level data.Level#86386280-1030-11f0-996f-3d5dc6593739 "Level_10"...
[RENDER]       2026-04-26 18:47:04   Rendering world level fields data.Level#cb3cd020-1030-11f0-996f-c1d1f3076de4 "Level_11"...
[RENDER]       2026-04-26 18:47:04   Rendering world level data.Level#cb3cd020-1030-11f0-996f-c1d1f3076de4 "Level_11"...
[RENDER]       2026-04-26 18:47:04   Rendering world level data.Level#f2c71810-21a0-11f1-b962-971e9169e768 "Level_14"...
[RENDER]       2026-04-26 18:47:05   Rendering world level data.Level#3d974c90-1030-11f0-9400-e92418126557 "Level_3"...
[RENDER]       2026-04-26 18:47:05   Rendering world level data.Level#e041e9d0-1030-11f0-b12c-59992e246da5 "Level_5"...
[RENDER]       2026-04-26 18:47:05   Rendering world level data.Level#d5ae6780-1030-11f0-996f-efbed2df7e2d "Level_9"...
[EVENT]        2026-04-26 18:47:06   LevelSelected 332
[USERACTION]   2026-04-26 18:47:06   Opened level data.Level#86386280-1030-11f0-996f-3d5dc6593739 "Level_10"
[TIMELINE]     2026-04-26 18:47:06   Garbage collected level: #366
[WARNING]      2026-04-26 18:47:06   Full level render requested
[RENDER]       2026-04-26 18:47:06   Rendering world bg...
[RENDER]       2026-04-26 18:47:06   Rendering world level data.Level#e041e9d0-1030-11f0-b12c-59992e246da5 "Level_5"...
[RENDER]       2026-04-26 18:47:06   Rendering world level fields data.Level#86386280-1030-11f0-996f-3d5dc6593739 "Level_10"...
[RENDER]       2026-04-26 18:47:06   Rendering world level data.Level#d5ae6780-1030-11f0-996f-efbed2df7e2d "Level_9"...
[RENDER]       2026-04-26 18:47:07   Rendering world level data.Level#86386280-1030-11f0-996f-3d5dc6593739 "Level_10"...
[RENDER]       2026-04-26 18:47:07   Rendering world level data.Level#cb3cd020-1030-11f0-996f-c1d1f3076de4 "Level_11"...
[RENDER]       2026-04-26 18:47:07   Rendering world level data.Level#f2c71810-21a0-11f1-b962-971e9169e768 "Level_14"...
[RENDER]       2026-04-26 18:47:07   Rendering world level data.Level#17922260-fa90-11f0-b873-2b970f47baa3 "Level_12"...
[EVENT]        2026-04-26 18:47:10   LevelSelected 379
[USERACTION]   2026-04-26 18:47:10   Opened level data.Level#f2c71810-21a0-11f1-b962-971e9169e768 "Level_14"
[TIMELINE]     2026-04-26 18:47:10   Garbage collected level: #332
[WARNING]      2026-04-26 18:47:10   Full level render requested
[RENDER]       2026-04-26 18:47:10   Rendering world level data.Level#e041e9d0-1030-11f0-b12c-59992e246da5 "Level_5"...
[RENDER]       2026-04-26 18:47:10   Rendering world level fields data.Level#f2c71810-21a0-11f1-b962-971e9169e768 "Level_14"...
[RENDER]       2026-04-26 18:47:10   Rendering world level data.Level#d5ae6780-1030-11f0-996f-efbed2df7e2d "Level_9"...
[RENDER]       2026-04-26 18:47:10   Rendering world level data.Level#17922260-fa90-11f0-b873-2b970f47baa3 "Level_12"...
[RENDER]       2026-04-26 18:47:10   Rendering world level data.Level#86386280-1030-11f0-996f-3d5dc6593739 "Level_10"...
[RENDER]       2026-04-26 18:47:10   Rendering world level data.Level#cb3cd020-1030-11f0-996f-c1d1f3076de4 "Level_11"...
[RENDER]       2026-04-26 18:47:10   Rendering world level data.Level#f2c71810-21a0-11f1-b962-971e9169e768 "Level_14"...
[EVENT]        2026-04-26 18:47:11   LevelSelected 330
[USERACTION]   2026-04-26 18:47:11   Opened level data.Level#17922260-fa90-11f0-b873-2b970f47baa3 "Level_12"
[WARNING]      2026-04-26 18:47:11   Full level render requested
[RENDER]       2026-04-26 18:47:11   Rendering world bg...
[RENDER]       2026-04-26 18:47:11   Rendering world level data.Level#d5ae6780-1030-11f0-996f-efbed2df7e2d "Level_9"...
[RENDER]       2026-04-26 18:47:11   Rendering world level fields data.Level#17922260-fa90-11f0-b873-2b970f47baa3 "Level_12"...
[RENDER]       2026-04-26 18:47:11   Rendering world level data.Level#17922260-fa90-11f0-b873-2b970f47baa3 "Level_12"...
[RENDER]       2026-04-26 18:47:11   Rendering world level data.Level#86386280-1030-11f0-996f-3d5dc6593739 "Level_10"...
[RENDER]       2026-04-26 18:47:11   Rendering world level data.Level#cb3cd020-1030-11f0-996f-c1d1f3076de4 "Level_11"...
[RENDER]       2026-04-26 18:47:11   Rendering world level data.Level#f2c71810-21a0-11f1-b962-971e9169e768 "Level_14"...
[USERACTION]   2026-04-26 18:47:12   Opened panel #233 ui.modal.panel.WorldPanel
[FILE]         2026-04-26 18:47:12   Reading HTML template worldPanel from cache
[FILE]         2026-04-26 18:47:12   Reading HTML template levelInstanceForm from cache
[RENDER]       2026-04-26 18:47:13   Rendering world bg...
[RENDER]       2026-04-26 18:47:13   Rendering world level data.Level#d5ae6780-1030-11f0-996f-efbed2df7e2d "Level_9"...
[RENDER]       2026-04-26 18:47:13   Rendering world level fields data.Level#d5ae6780-1030-11f0-996f-efbed2df7e2d "Level_9"...
[RENDER]       2026-04-26 18:47:13   Rendering world level fields data.Level#17922260-fa90-11f0-b873-2b970f47baa3 "Level_12"...
[RENDER]       2026-04-26 18:47:13   Rendering world level data.Level#3d974c90-1030-11f0-9400-e92418126557 "Level_3"...
[RENDER]       2026-04-26 18:47:13   Rendering world level fields data.Level#3d974c90-1030-11f0-9400-e92418126557 "Level_3"...
[RENDER]       2026-04-26 18:47:13   Rendering world level fields data.Level#1e4af520-1030-11f0-af50-ff93dd65ce54 "Level_4"...
[RENDER]       2026-04-26 18:47:13   Rendering world level fields data.Level#e041e9d0-1030-11f0-b12c-59992e246da5 "Level_5"...
[RENDER]       2026-04-26 18:47:13   Rendering world level data.Level#1e4af520-1030-11f0-af50-ff93dd65ce54 "Level_4"...
[RENDER]       2026-04-26 18:47:13   Rendering world level fields data.Level#e52cfcd0-1030-11f0-b12c-fb81b8dc6f61 "Level_8"...
[RENDER]       2026-04-26 18:47:13   Rendering world level fields data.Level#e358dc00-fa90-11f0-9536-757f38ccabb1 "Level_13"...
[RENDER]       2026-04-26 18:47:13   Rendering world level data.Level#e52cfcd0-1030-11f0-b12c-fb81b8dc6f61 "Level_8"...
[RENDER]       2026-04-26 18:47:13   Rendering world level data.Level#17922260-fa90-11f0-b873-2b970f47baa3 "Level_12"...
[RENDER]       2026-04-26 18:47:13   Rendering world level data.Level#86386280-1030-11f0-996f-3d5dc6593739 "Level_10"...
[RENDER]       2026-04-26 18:47:13   Rendering world level data.Level#e358dc00-fa90-11f0-9536-757f38ccabb1 "Level_13"...
[EVENT]        2026-04-26 18:47:14   LevelSelected 379
[USERACTION]   2026-04-26 18:47:14   Opened level data.Level#f2c71810-21a0-11f1-b962-971e9169e768 "Level_14"
[TIMELINE]     2026-04-26 18:47:14   Garbage collected level: #330
[RENDER]       2026-04-26 18:47:14   Rendering world level data.Level#17922260-fa90-11f0-b873-2b970f47baa3 "Level_12"...
[RENDER]       2026-04-26 18:47:14   Rendering world level fields data.Level#f2c71810-21a0-11f1-b962-971e9169e768 "Level_14"...
[RENDER]       2026-04-26 18:47:14   Rendering world level data.Level#86386280-1030-11f0-996f-3d5dc6593739 "Level_10"...
[RENDER]       2026-04-26 18:47:14   Rendering world level data.Level#cb3cd020-1030-11f0-996f-c1d1f3076de4 "Level_11"...
[RENDER]       2026-04-26 18:47:14   Rendering world level data.Level#f2c71810-21a0-11f1-b962-971e9169e768 "Level_14"...
[EVENT]        2026-04-26 18:47:14   LevelSelected 379
[USERACTION]   2026-04-26 18:47:14   Opened level data.Level#f2c71810-21a0-11f1-b962-971e9169e768 "Level_14"
[RENDER]       2026-04-26 18:47:15   Rendering world level data.Level#86386280-1030-11f0-996f-3d5dc6593739 "Level_10"...
[RENDER]       2026-04-26 18:47:15   Rendering world level fields data.Level#f2c71810-21a0-11f1-b962-971e9169e768 "Level_14"...
[RENDER]       2026-04-26 18:47:15   Rendering world level data.Level#cb3cd020-1030-11f0-996f-c1d1f3076de4 "Level_11"...
[RENDER]       2026-04-26 18:47:15   Rendering world level data.Level#f2c71810-21a0-11f1-b962-971e9169e768 "Level_14"...
[USERACTION]   2026-04-26 18:47:15   Closed panel #233 ui.modal.panel.WorldPanel
[WARNING]      2026-04-26 18:47:15   Full level render requested
[RENDER]       2026-04-26 18:47:15   Rendering world level data.Level#86386280-1030-11f0-996f-3d5dc6593739 "Level_10"...
[RENDER]       2026-04-26 18:47:15   Rendering world level fields data.Level#f2c71810-21a0-11f1-b962-971e9169e768 "Level_14"...
[RENDER]       2026-04-26 18:47:15   Rendering world level data.Level#cb3cd020-1030-11f0-996f-c1d1f3076de4 "Level_11"...
[SAVE]         2026-04-26 18:47:17   Preparing project saving: /home/angrycompany16/gamedev/go/mask_of_the_tomb/assets/LDTK/world.ldtk...
[SAVE]         2026-04-26 18:47:17   => PreChecks...
[SAVE]         2026-04-26 18:47:17   => BeforeSavingActions...
[EVENT]        2026-04-26 18:47:17   BeforeProjectSaving
[SAVE]         2026-04-26 18:47:17   => AutoLayers...
[SAVE]         2026-04-26 18:47:17   => Backup...
[SAVE]         2026-04-26 18:47:17   Backing up /home/angrycompany16/gamedev/go/mask_of_the_tomb/assets/LDTK to /home/angrycompany16/gamedev/go/mask_of_the_tomb/assets/LDTK/world/backups/94589810-c210-11ef-b2e6-99619d5a4f10_2026-04-26_18-47-17...
[SAVE]         2026-04-26 18:47:17     Found 1 files.
[GENERAL]      2026-04-26 18:47:17   Progress created.
[RENDER]       2026-04-26 18:47:17   Rendering world bg...
[GENERAL]      2026-04-26 18:47:17   Progress started: : "Backup", 2 operation(s)
[SAVE]         2026-04-26 18:47:17   Removing older backup: 94589810-c210-11ef-b2e6-99619d5a4f10_2026-04-19_19-35-29
[GENERAL]      2026-04-26 18:47:17   Progress completed: "Backup" (0s)
[SAVE]         2026-04-26 18:47:17     Done!
[GENERAL]      2026-04-26 18:47:17   Progress created.
[RENDER]       2026-04-26 18:47:17   Rendering world bg...
[GENERAL]      2026-04-26 18:47:17   Progress started: : "Preparing levels...", 15 operation(s)
[GENERAL]      2026-04-26 18:47:17   Progress completed: "Preparing levels..." (0s)
[SAVE]         2026-04-26 18:47:17   => SavingMainFile...
[GENERAL]      2026-04-26 18:47:17   Progress created.
[RENDER]       2026-04-26 18:47:17   Rendering world bg...
[GENERAL]      2026-04-26 18:47:17   Progress started: : "Saving main file...", 2 operation(s)
[SAVE]         2026-04-26 18:47:17     Preparing SavingData...
[SAVE]         2026-04-26 18:47:17     Writing /home/angrycompany16/gamedev/go/mask_of_the_tomb/assets/LDTK/world.ldtk...
[GENERAL]      2026-04-26 18:47:17   Progress completed: "Saving main file..." (0.3s)
[FILE]         2026-04-26 18:47:17   Emptying dir /home/angrycompany16/gamedev/go/mask_of_the_tomb/assets/LDTK/world (onlyExts=[ldtkl])...
[SAVE]         2026-04-26 18:47:17   => Done...
[SAVE]         2026-04-26 18:47:17   Saving complete (world.ldtk)
[FILE]         2026-04-26 18:47:17   Saved "world.ldtk".
[EVENT]        2026-04-26 18:47:17   ProjectSaved
[RENDER]       2026-04-26 18:47:17   Rendering world bg...
[RENDER]       2026-04-26 18:47:17   Rendering world level fields data.Level#f2c71810-21a0-11f1-b962-971e9169e768 "Level_14"...
[GENERAL]      2026-04-26 18:48:14   Exiting.


[BOOT]         2026-05-02 17:09:22   App started
[BOOT]         2026-05-02 17:09:22   Version: 1.5.3-64bits (build 484725)
[BOOT]         2026-05-02 17:09:22   ExePath: /usr/share/ldtk
[BOOT]         2026-05-02 17:09:22   Assets: /usr/share/ldtk/resources/app.asar/assets
[BOOT]         2026-05-02 17:09:22   ExtraFiles: /usr/share/ldtk/extraFiles
[BOOT]         2026-05-02 17:09:22   CWD: /home/angrycompany16/
[BOOT]         2026-05-02 17:09:22   Display: 1920x1080
[BOOT]         2026-05-02 17:09:22   Args: soloValues=[], args=[]
[FILE]         2026-05-02 17:09:22   Loading settings from /home/angrycompany16/.config/LDtk/settings...
[BOOT]         2026-05-02 17:09:22   AppZoomFactor: 1
[UPDATE]       2026-05-02 17:09:22   Fetching latest version from GitHub...
[BOOT]         2026-05-02 17:09:22   Calling appReady...
[BOOT]         2026-05-02 17:09:22   Start args: path=null levelIndex=null
[BOOT]         2026-05-02 17:09:22   Loading Home...
[GENERAL]      2026-05-02 17:09:22   Page started: page.Home()
[FILE]         2026-05-02 17:09:22   Loading page template: home from /usr/share/ldtk/resources/app.asar/assets/tpl/pages/home.html
[DEBUG]        2026-05-02 17:09:23   samplesDir=/usr/share/ldtk/extraFiles/samples
[UPDATE]       2026-05-02 17:09:23   Found 1.5.3
[UPDATE]       2026-05-02 17:09:23   No new update.
[GENERAL]      2026-05-02 17:09:25   Progress created.
[GENERAL]      2026-05-02 17:09:25   Progress started: : "world.ldtk: Project...", 5 operation(s)
[LOAD]         2026-05-02 17:09:25   Loading project world.ldtk...
[LOAD]         2026-05-02 17:09:25     Project appBuildId=484725 appJsonVersion=1.5.3 jsonVersion=1.5.3
[LOAD]         2026-05-02 17:09:25   Loading complete.


[BOOT]         2026-05-06 19:35:23   App started
[BOOT]         2026-05-06 19:35:23   Version: 1.5.3-64bits (build 484725)
[BOOT]         2026-05-06 19:35:23   ExePath: /usr/share/ldtk
[BOOT]         2026-05-06 19:35:23   Assets: /usr/share/ldtk/resources/app.asar/assets
[BOOT]         2026-05-06 19:35:23   ExtraFiles: /usr/share/ldtk/extraFiles
[BOOT]         2026-05-06 19:35:23   CWD: /home/angrycompany16/
[BOOT]         2026-05-06 19:35:23   Display: 1920x1080
[BOOT]         2026-05-06 19:35:23   Args: soloValues=[], args=[]
[FILE]         2026-05-06 19:35:23   Loading settings from /home/angrycompany16/.config/LDtk/settings...
[BOOT]         2026-05-06 19:35:23   AppZoomFactor: 1
[UPDATE]       2026-05-06 19:35:23   Fetching latest version from GitHub...
[BOOT]         2026-05-06 19:35:23   Calling appReady...
[BOOT]         2026-05-06 19:35:24   Start args: path=null levelIndex=null
[BOOT]         2026-05-06 19:35:24   Loading Home...
[GENERAL]      2026-05-06 19:35:24   Page started: page.Home()
[FILE]         2026-05-06 19:35:24   Loading page template: home from /usr/share/ldtk/resources/app.asar/assets/tpl/pages/home.html
[DEBUG]        2026-05-06 19:35:24   samplesDir=/usr/share/ldtk/extraFiles/samples
[UPDATE]       2026-05-06 19:35:24   Found 1.5.3
[UPDATE]       2026-05-06 19:35:24   No new update.
[GENERAL]      2026-05-06 19:35:25   Progress created.
[GENERAL]      2026-05-06 19:35:25   Progress started: : "world.ldtk: Project...", 5 operation(s)
[LOAD]         2026-05-06 19:35:25   Loading project world.ldtk...
[LOAD]         2026-05-06 19:35:25     Project appBuildId=484725 appJsonVersion=1.5.3 jsonVersion=1.5.3
[LOAD]         2026-05-06 19:35:26   Loading complete.
[GENERAL]      2026-05-06 19:35:26   Page started: page.Editor()
[FILE]         2026-05-06 19:35:26   Loading page template: editor from /usr/share/ldtk/resources/app.asar/assets/tpl/pages/editor.html
[FILE]         2026-05-06 19:35:26   Cleared all file watches
[EVENT]        2026-05-06 19:35:26   LayerInstanceSelected 266
[FILE]         2026-05-06 19:35:26   Reloading tileset: Playerspace_tilemap2 path=../sprites/environment/playerspace_tilemap.png
[FILE]         2026-05-06 19:35:26   Loading atlas image: ../sprites/environment/playerspace_tilemap.png...
[CACHE]        2026-05-06 19:35:26   Caching image ../sprites/environment/playerspace_tilemap.png...
[CACHE]        2026-05-06 19:35:26    -> identified as Png
[CACHE]        2026-05-06 19:35:26    -> base64 17436
[CACHE]        2026-05-06 19:35:26    -> pixels 128x528
[FILE]         2026-05-06 19:35:26    -> Loaded 13077 bytes.
[FILE]         2026-05-06 19:35:26    -> Decoded 128x528 pixels.
[FILE]         2026-05-06 19:35:26    -> Old size: 128x528 -> 128x528
[WARNING]      2026-05-06 19:35:26   Tileset Playerspace_tilemap2 remapping (image size changed)...
[FILE]         2026-05-06 19:35:26    -> Reload result: Ok
[FILE]         2026-05-06 19:35:26    -> pixelData: Ok
[EVENT]        2026-05-06 19:35:26   TilesetImageLoaded
[FILE]         2026-05-06 19:35:26   Reloading tileset: Background_tilemap path=../sprites/environment/background_tilemap.png
[FILE]         2026-05-06 19:35:26   Loading atlas image: ../sprites/environment/background_tilemap.png...
[CACHE]        2026-05-06 19:35:26   Caching image ../sprites/environment/background_tilemap.png...
[CACHE]        2026-05-06 19:35:26    -> identified as Png
[CACHE]        2026-05-06 19:35:26    -> base64 2876
[CACHE]        2026-05-06 19:35:26    -> pixels 128x440
[FILE]         2026-05-06 19:35:26    -> Loaded 2155 bytes.
[FILE]         2026-05-06 19:35:26    -> Decoded 128x440 pixels.
[FILE]         2026-05-06 19:35:26    -> Old size: 128x440 -> 128x440
[WARNING]      2026-05-06 19:35:26   Tileset Background_tilemap remapping (image size changed)...
[FILE]         2026-05-06 19:35:26    -> Reload result: Ok
[FILE]         2026-05-06 19:35:26    -> pixelData: Ok
[EVENT]        2026-05-06 19:35:26   TilesetImageLoaded
[FILE]         2026-05-06 19:35:26   Reloading tileset: Midground_tilemap path=../sprites/environment/midground_tilemap.png
[FILE]         2026-05-06 19:35:26   Loading atlas image: ../sprites/environment/midground_tilemap.png...
[CACHE]        2026-05-06 19:35:26   Caching image ../sprites/environment/midground_tilemap.png...
[CACHE]        2026-05-06 19:35:26    -> identified as Png
[CACHE]        2026-05-06 19:35:26    -> base64 1720
[CACHE]        2026-05-06 19:35:26    -> pixels 128x440
[FILE]         2026-05-06 19:35:26    -> Loaded 1290 bytes.
[FILE]         2026-05-06 19:35:26    -> Decoded 128x440 pixels.
[FILE]         2026-05-06 19:35:26    -> Old size: 128x440 -> 128x440
[WARNING]      2026-05-06 19:35:26   Tileset Midground_tilemap remapping (image size changed)...
[FILE]         2026-05-06 19:35:26    -> Reload result: Ok
[FILE]         2026-05-06 19:35:26    -> pixelData: Ok
[EVENT]        2026-05-06 19:35:26   TilesetImageLoaded
[FILE]         2026-05-06 19:35:26   Reloading tileset: Props_tilemap_DEPRECATED path=../sprites/environment/props_tilemap.png
[FILE]         2026-05-06 19:35:26   Loading atlas image: ../sprites/environment/props_tilemap.png...
[CACHE]        2026-05-06 19:35:26   Caching image ../sprites/environment/props_tilemap.png...
[CACHE]        2026-05-06 19:35:26    -> identified as Png
[CACHE]        2026-05-06 19:35:26    -> base64 256
[CACHE]        2026-05-06 19:35:26    -> pixels 32x32
[FILE]         2026-05-06 19:35:26    -> Loaded 191 bytes.
[FILE]         2026-05-06 19:35:26    -> Decoded 32x32 pixels.
[FILE]         2026-05-06 19:35:26    -> Old size: 32x32 -> 32x32
[WARNING]      2026-05-06 19:35:26   Tileset Props_tilemap_DEPRECATED remapping (image size changed)...
[FILE]         2026-05-06 19:35:26    -> Reload result: Ok
[FILE]         2026-05-06 19:35:26    -> pixelData: Ok
[EVENT]        2026-05-06 19:35:26   TilesetImageLoaded
[FILE]         2026-05-06 19:35:26   Reloading tileset: Foreground_tilemap_DEPRECATED path=../sprites/environment/foreground_tilemap.png
[FILE]         2026-05-06 19:35:26   Loading atlas image: ../sprites/environment/foreground_tilemap.png...
[CACHE]        2026-05-06 19:35:26   Caching image ../sprites/environment/foreground_tilemap.png...
[CACHE]        2026-05-06 19:35:26    -> identified as Png
[CACHE]        2026-05-06 19:35:26    -> base64 1168
[CACHE]        2026-05-06 19:35:26    -> pixels 128x256
[FILE]         2026-05-06 19:35:26    -> Loaded 876 bytes.
[FILE]         2026-05-06 19:35:26    -> Decoded 128x256 pixels.
[FILE]         2026-05-06 19:35:26    -> Old size: 128x256 -> 128x256
[WARNING]      2026-05-06 19:35:26   Tileset Foreground_tilemap_DEPRECATED remapping (image size changed)...
[FILE]         2026-05-06 19:35:26    -> Reload result: Ok
[FILE]         2026-05-06 19:35:26    -> pixelData: Ok
[EVENT]        2026-05-06 19:35:26   TilesetImageLoaded
[FILE]         2026-05-06 19:35:26   Reloading tileset: Internal_Icons path=null
[FILE]         2026-05-06 19:35:26   Loading atlas image: LdtkIcons...
[FILE]         2026-05-06 19:35:26   Loading embed atlas LdtkIcons: /usr/share/ldtk/resources/app.asar/assets/embedAtlas/finalbossblues-icons_full_16.png ...
[FILE]         2026-05-06 19:35:26    -> Loaded 195310 bytes.
[FILE]         2026-05-06 19:35:26    -> Decoded 512x1024 pixels.
[FILE]         2026-05-06 19:35:26    -> Old size: 512x1024 -> 512x1024
[WARNING]      2026-05-06 19:35:26   Tileset Internal_Icons remapping (image size changed)...
[FILE]         2026-05-06 19:35:26    -> Reload result: Ok
[FILE]         2026-05-06 19:35:26    -> pixelData: Ok
[EVENT]        2026-05-06 19:35:26   TilesetImageLoaded
[EVENT]        2026-05-06 19:35:26   ProjectSelected
[WARNING]      2026-05-06 19:35:26   Full level render requested
[RENDER]       2026-05-06 19:35:26   Rendering all world...
[RENDER]       2026-05-06 19:35:26   Rendering world bg...
[RENDER]       2026-05-06 19:35:26   Rendering world bounds...
[FILE]         2026-05-06 19:35:26   Watching file: /home/angrycompany16/gamedev/go/mask_of_the_tomb/assets/sprites/environment/playerspace_tilemap.png
[FILE]         2026-05-06 19:35:26   Watching file: /home/angrycompany16/gamedev/go/mask_of_the_tomb/assets/sprites/environment/background_tilemap.png
[FILE]         2026-05-06 19:35:26   Watching file: /home/angrycompany16/gamedev/go/mask_of_the_tomb/assets/sprites/environment/midground_tilemap.png
[FILE]         2026-05-06 19:35:26   Watching file: /home/angrycompany16/gamedev/go/mask_of_the_tomb/assets/sprites/environment/props_tilemap.png
[FILE]         2026-05-06 19:35:26   Watching file: /home/angrycompany16/gamedev/go/mask_of_the_tomb/assets/sprites/environment/foreground_tilemap.png
[RENDER]       2026-05-06 19:35:26   Rendering world level data.Level#9458e630-c210-11ef-b2e6-e91d01cdbe5e "Level_0"...
[RENDER]       2026-05-06 19:35:26   Rendering world level fields data.Level#9458e630-c210-11ef-b2e6-e91d01cdbe5e "Level_0"...
[RENDER]       2026-05-06 19:35:26   Rendered level UI
[RENDER]       2026-05-06 19:35:26   Rendering world bg...
[GENERAL]      2026-05-06 19:35:27   Progress completed: "world.ldtk: Project..." (1.2s)
[USERACTION]   2026-05-06 19:35:28   Opened panel #22 ui.modal.panel.WorldPanel
[FILE]         2026-05-06 19:35:28   Loading HTML template worldPanel
[FILE]         2026-05-06 19:35:28   Loading HTML template levelInstanceForm
[RENDER]       2026-05-06 19:35:28   Rendering world bg...
[RENDER]       2026-05-06 19:35:28   Rendering world level data.Level#9458e630-c210-11ef-b2e6-e91d01cdbe5e "Level_0"...
[RENDER]       2026-05-06 19:35:28   Rendering world level fields data.Level#9458e630-c210-11ef-b2e6-e91d01cdbe5e "Level_0"...
[RENDER]       2026-05-06 19:35:28   Rendering world level data.Level#e1b36f30-1030-11f0-9400-498f42719145 "Level_1"...
[RENDER]       2026-05-06 19:35:28   Rendering world level fields data.Level#e1b36f30-1030-11f0-9400-498f42719145 "Level_1"...
[RENDER]       2026-05-06 19:35:28   Rendering world level fields data.Level#3069e2d0-1030-11f0-9400-2955d25c8088 "Level_2"...
[RENDER]       2026-05-06 19:35:28   Rendering world level fields data.Level#72fdb1f0-1030-11f0-b12c-0d473d78f427 "Level_6"...
[RENDER]       2026-05-06 19:35:28   Rendering world level data.Level#3069e2d0-1030-11f0-9400-2955d25c8088 "Level_2"...
[RENDER]       2026-05-06 19:35:28   Rendering world level fields data.Level#3d974c90-1030-11f0-9400-e92418126557 "Level_3"...
[RENDER]       2026-05-06 19:35:28   Rendering world level fields data.Level#d19c6990-1030-11f0-b12c-9f5692af9d93 "Level_7"...
[RENDER]       2026-05-06 19:35:28   Rendering world level data.Level#3d974c90-1030-11f0-9400-e92418126557 "Level_3"...
[RENDER]       2026-05-06 19:35:28   Rendering world level fields data.Level#1e4af520-1030-11f0-af50-ff93dd65ce54 "Level_4"...
[RENDER]       2026-05-06 19:35:28   Rendering world level data.Level#1e4af520-1030-11f0-af50-ff93dd65ce54 "Level_4"...
[RENDER]       2026-05-06 19:35:28   Rendering world level data.Level#72fdb1f0-1030-11f0-b12c-0d473d78f427 "Level_6"...
[RENDER]       2026-05-06 19:35:28   Rendering world level data.Level#d19c6990-1030-11f0-b12c-9f5692af9d93 "Level_7"...
[RENDER]       2026-05-06 19:35:30   Rendering world level data.Level#e041e9d0-1030-11f0-b12c-59992e246da5 "Level_5"...
[RENDER]       2026-05-06 19:35:30   Rendering world level fields data.Level#e041e9d0-1030-11f0-b12c-59992e246da5 "Level_5"...
[RENDER]       2026-05-06 19:35:30   Rendering world level fields data.Level#e52cfcd0-1030-11f0-b12c-fb81b8dc6f61 "Level_8"...
[RENDER]       2026-05-06 19:35:30   Rendering world level fields data.Level#cb3cd020-1030-11f0-996f-c1d1f3076de4 "Level_11"...
[RENDER]       2026-05-06 19:35:30   Rendering world level data.Level#e52cfcd0-1030-11f0-b12c-fb81b8dc6f61 "Level_8"...
[RENDER]       2026-05-06 19:35:30   Rendering world level fields data.Level#d5ae6780-1030-11f0-996f-efbed2df7e2d "Level_9"...
[RENDER]       2026-05-06 19:35:30   Rendering world level fields data.Level#17922260-fa90-11f0-b873-2b970f47baa3 "Level_12"...
[RENDER]       2026-05-06 19:35:30   Rendering world level data.Level#d5ae6780-1030-11f0-996f-efbed2df7e2d "Level_9"...
[RENDER]       2026-05-06 19:35:30   Rendering world level fields data.Level#86386280-1030-11f0-996f-3d5dc6593739 "Level_10"...
[RENDER]       2026-05-06 19:35:30   Rendering world level fields data.Level#e358dc00-fa90-11f0-9536-757f38ccabb1 "Level_13"...
[RENDER]       2026-05-06 19:35:30   Rendering world level data.Level#17922260-fa90-11f0-b873-2b970f47baa3 "Level_12"...
[RENDER]       2026-05-06 19:35:30   Rendering world level fields data.Level#f2c71810-21a0-11f1-b962-971e9169e768 "Level_14"...
[RENDER]       2026-05-06 19:35:30   Rendering world level data.Level#86386280-1030-11f0-996f-3d5dc6593739 "Level_10"...
[RENDER]       2026-05-06 19:35:30   Rendering world level data.Level#e358dc00-fa90-11f0-9536-757f38ccabb1 "Level_13"...
[RENDER]       2026-05-06 19:35:30   Rendering world level data.Level#cb3cd020-1030-11f0-996f-c1d1f3076de4 "Level_11"...
[RENDER]       2026-05-06 19:35:30   Rendering world level data.Level#f2c71810-21a0-11f1-b962-971e9169e768 "Level_14"...
[EVENT]        2026-05-06 19:35:31   LevelSelected 298
[USERACTION]   2026-05-06 19:35:31   Opened level data.Level#d5ae6780-1030-11f0-996f-efbed2df7e2d "Level_9"
[TIMELINE]     2026-05-06 19:35:31   Garbage collected level: #0
[USERACTION]   2026-05-06 19:35:31   Closed panel #22 ui.modal.panel.WorldPanel
[WARNING]      2026-05-06 19:35:31   Full level render requested
[RENDER]       2026-05-06 19:35:31   Rendering world bg...
[RENDER]       2026-05-06 19:35:31   Rendering world level data.Level#e041e9d0-1030-11f0-b12c-59992e246da5 "Level_5"...
[RENDER]       2026-05-06 19:35:32   Rendering world level fields data.Level#d5ae6780-1030-11f0-996f-efbed2df7e2d "Level_9"...
[RENDER]       2026-05-06 19:35:32   Rendering world level data.Level#e52cfcd0-1030-11f0-b12c-fb81b8dc6f61 "Level_8"...
[RENDER]       2026-05-06 19:35:32   Rendering world level data.Level#d5ae6780-1030-11f0-996f-efbed2df7e2d "Level_9"...
[RENDER]       2026-05-06 19:35:32   Rendering world level data.Level#17922260-fa90-11f0-b873-2b970f47baa3 "Level_12"...
[RENDER]       2026-05-06 19:35:32   Rendering world level data.Level#86386280-1030-11f0-996f-3d5dc6593739 "Level_10"...
[RENDER]       2026-05-06 19:35:32   Rendering world level data.Level#e358dc00-fa90-11f0-9536-757f38ccabb1 "Level_13"...
[RENDER]       2026-05-06 19:35:32   Rendering world level data.Level#cb3cd020-1030-11f0-996f-c1d1f3076de4 "Level_11"...
[USERACTION]   2026-05-06 19:35:33   Opened panel #36 ui.modal.panel.WorldPanel
[FILE]         2026-05-06 19:35:33   Reading HTML template worldPanel from cache
[FILE]         2026-05-06 19:35:33   Reading HTML template levelInstanceForm from cache
[RENDER]       2026-05-06 19:35:33   Rendering world bg...
[RENDER]       2026-05-06 19:35:33   Rendering world level data.Level#e041e9d0-1030-11f0-b12c-59992e246da5 "Level_5"...
[RENDER]       2026-05-06 19:35:33   Rendering world level fields data.Level#d5ae6780-1030-11f0-996f-efbed2df7e2d "Level_9"...
[RENDER]       2026-05-06 19:35:33   Rendering world level data.Level#e52cfcd0-1030-11f0-b12c-fb81b8dc6f61 "Level_8"...
[RENDER]       2026-05-06 19:35:33   Rendering world level data.Level#d5ae6780-1030-11f0-996f-efbed2df7e2d "Level_9"...
[RENDER]       2026-05-06 19:35:33   Rendering world level data.Level#17922260-fa90-11f0-b873-2b970f47baa3 "Level_12"...
[RENDER]       2026-05-06 19:35:33   Rendering world level data.Level#86386280-1030-11f0-996f-3d5dc6593739 "Level_10"...
[RENDER]       2026-05-06 19:35:33   Rendering world level data.Level#e358dc00-fa90-11f0-9536-757f38ccabb1 "Level_13"...
[RENDER]       2026-05-06 19:35:33   Rendering world level data.Level#cb3cd020-1030-11f0-996f-c1d1f3076de4 "Level_11"...
[EVENT]        2026-05-06 19:35:34   LevelSelected 298
[USERACTION]   2026-05-06 19:35:34   Opened level data.Level#d5ae6780-1030-11f0-996f-efbed2df7e2d "Level_9"
[RENDER]       2026-05-06 19:35:34   Rendering world level data.Level#e041e9d0-1030-11f0-b12c-59992e246da5 "Level_5"...
[RENDER]       2026-05-06 19:35:34   Rendering world level fields data.Level#d5ae6780-1030-11f0-996f-efbed2df7e2d "Level_9"...
[RENDER]       2026-05-06 19:35:34   Rendering world level data.Level#e52cfcd0-1030-11f0-b12c-fb81b8dc6f61 "Level_8"...
[USERACTION]   2026-05-06 19:35:34   Closed panel #36 ui.modal.panel.WorldPanel
[WARNING]      2026-05-06 19:35:34   Full level render requested
[RENDER]       2026-05-06 19:35:34   Rendering world bg...
[RENDER]       2026-05-06 19:35:34   Rendering world level data.Level#e041e9d0-1030-11f0-b12c-59992e246da5 "Level_5"...
[RENDER]       2026-05-06 19:35:34   Rendering world level fields data.Level#d5ae6780-1030-11f0-996f-efbed2df7e2d "Level_9"...
[RENDER]       2026-05-06 19:35:34   Rendering world level data.Level#e52cfcd0-1030-11f0-b12c-fb81b8dc6f61 "Level_8"...
[RENDER]       2026-05-06 19:35:34   Rendering world level data.Level#d5ae6780-1030-11f0-996f-efbed2df7e2d "Level_9"...
[RENDER]       2026-05-06 19:35:34   Rendering world level data.Level#17922260-fa90-11f0-b873-2b970f47baa3 "Level_12"...
[RENDER]       2026-05-06 19:35:34   Rendering world level data.Level#86386280-1030-11f0-996f-3d5dc6593739 "Level_10"...
[RENDER]       2026-05-06 19:35:34   Rendering world level data.Level#e358dc00-fa90-11f0-9536-757f38ccabb1 "Level_13"...
[RENDER]       2026-05-06 19:35:34   Rendering world level data.Level#cb3cd020-1030-11f0-996f-c1d1f3076de4 "Level_11"...
[GENERAL]      2026-05-06 19:35:38   Removed out-of-bounds entity Grass in LayerInst#266 "Entities" [Entities]
[EVENT]        2026-05-06 19:35:38   LevelResized 298
[EVENT]        2026-05-06 19:35:38   LevelJsonCacheInvalidated
[RENDER]       2026-05-06 19:35:38   Rendering world bounds...
[WARNING]      2026-05-06 19:35:38   All rules applied in LayerInst#113 "PlayerspaceAlt" [IntGrid]
[WARNING]      2026-05-06 19:35:38   All rules applied in LayerInst#28 "Playerspace" [IntGrid]
[WARNING]      2026-05-06 19:35:38   All rules applied in LayerInst#85 "BackgroundTiles" [IntGrid]
[WARNING]      2026-05-06 19:35:38   Full level render requested
[EVENT]        2026-05-06 19:35:38   LevelJsonCacheInvalidated
[EVENT]        2026-05-06 19:35:38   LevelJsonCacheInvalidated
[EVENT]        2026-05-06 19:35:38   LevelJsonCacheInvalidated
[EVENT]        2026-05-06 19:35:38   LevelJsonCacheInvalidated
[EVENT]        2026-05-06 19:35:38   LevelJsonCacheInvalidated
[EVENT]        2026-05-06 19:35:38   LevelJsonCacheInvalidated
[RENDER]       2026-05-06 19:35:38   Rendering world level data.Level#d5ae6780-1030-11f0-996f-efbed2df7e2d "Level_9"...
[RENDER]       2026-05-06 19:35:38   Rendering world level fields data.Level#d5ae6780-1030-11f0-996f-efbed2df7e2d "Level_9"...
[RENDER]       2026-05-06 19:35:38   Rendering world bg...
[SAVE]         2026-05-06 19:35:43   Preparing project saving: /home/angrycompany16/gamedev/go/mask_of_the_tomb/assets/LDTK/world.ldtk...
[CACHE]        2026-05-06 19:35:43   Garbaging unused image LdtkIcons_336_208_16_16...
[CACHE]        2026-05-06 19:35:43   Disposing cached image LdtkIcons_336_208_16_16...
[CACHE]        2026-05-06 19:35:43   Garbaging unused image LdtkIcons_336_176_16_16...
[CACHE]        2026-05-06 19:35:43   Disposing cached image LdtkIcons_336_176_16_16...
[CACHE]        2026-05-06 19:35:43   Garbaging unused image LdtkIcons_176_16_16_16...
[CACHE]        2026-05-06 19:35:43   Disposing cached image LdtkIcons_176_16_16_16...
[SAVE]         2026-05-06 19:35:43   => PreChecks...
[SAVE]         2026-05-06 19:35:43   => BeforeSavingActions...
[EVENT]        2026-05-06 19:35:43   BeforeProjectSaving
[SAVE]         2026-05-06 19:35:43   => AutoLayers...
[SAVE]         2026-05-06 19:35:43   => Backup...
[SAVE]         2026-05-06 19:35:43   Backing up /home/angrycompany16/gamedev/go/mask_of_the_tomb/assets/LDTK to /home/angrycompany16/gamedev/go/mask_of_the_tomb/assets/LDTK/world/backups/94589810-c210-11ef-b2e6-99619d5a4f10_2026-05-06_19-35-43...
[SAVE]         2026-05-06 19:35:43     Found 1 files.
[GENERAL]      2026-05-06 19:35:43   Progress created.
[RENDER]       2026-05-06 19:35:43   Rendering world bg...
[GENERAL]      2026-05-06 19:35:43   Progress started: : "Backup", 2 operation(s)
[SAVE]         2026-05-06 19:35:43   Removing older backup: 94589810-c210-11ef-b2e6-99619d5a4f10_2026-04-26_18-46-17
[GENERAL]      2026-05-06 19:35:43   Progress completed: "Backup" (0s)
[SAVE]         2026-05-06 19:35:43     Done!
[GENERAL]      2026-05-06 19:35:43   Progress created.
[RENDER]       2026-05-06 19:35:43   Rendering world bg...
[GENERAL]      2026-05-06 19:35:43   Progress started: : "Preparing levels...", 15 operation(s)
[GENERAL]      2026-05-06 19:35:43   Progress completed: "Preparing levels..." (0.1s)
[SAVE]         2026-05-06 19:35:43   => SavingMainFile...
[GENERAL]      2026-05-06 19:35:43   Progress created.
[RENDER]       2026-05-06 19:35:43   Rendering world bg...
[GENERAL]      2026-05-06 19:35:43   Progress started: : "Saving main file...", 2 operation(s)
[SAVE]         2026-05-06 19:35:43     Preparing SavingData...
[SAVE]         2026-05-06 19:35:43     Writing /home/angrycompany16/gamedev/go/mask_of_the_tomb/assets/LDTK/world.ldtk...
[GENERAL]      2026-05-06 19:35:43   Progress completed: "Saving main file..." (0.3s)
[FILE]         2026-05-06 19:35:43   Emptying dir /home/angrycompany16/gamedev/go/mask_of_the_tomb/assets/LDTK/world (onlyExts=[ldtkl])...
[SAVE]         2026-05-06 19:35:43   => Done...
[SAVE]         2026-05-06 19:35:43   Saving complete (world.ldtk)
[FILE]         2026-05-06 19:35:43   Saved "world.ldtk".
[EVENT]        2026-05-06 19:35:43   ProjectSaved
[RENDER]       2026-05-06 19:35:43   Rendering world bg...
[RENDER]       2026-05-06 19:35:43   Rendering world level fields data.Level#d5ae6780-1030-11f0-996f-efbed2df7e2d "Level_9"...
[RENDER]       2026-05-06 19:35:44   Rendering world bg...
[RENDER]       2026-05-06 19:35:44   Rendering world bg...
[RENDER]       2026-05-06 19:35:44   Rendering world bg...
[RENDER]       2026-05-06 19:35:44   Rendering world bg...
[RENDER]       2026-05-06 19:35:45   Rendering world bg...
[RENDER]       2026-05-06 19:35:45   Rendering world bg...
[USERACTION]   2026-05-06 19:35:46   Opened panel #75 ui.modal.panel.EditProject
[FILE]         2026-05-06 19:35:46   Loading HTML template editProject
[FILE]         2026-05-06 19:35:46   Loading HTML template pivotEditor
[RENDER]       2026-05-06 19:35:46   Rendering world bg...
[RENDER]       2026-05-06 19:35:46   Rendering world bg...
[RENDER]       2026-05-06 19:35:46   Rendering world bg...
[RENDER]       2026-05-06 19:35:56   Rendering world bg...
[RENDER]       2026-05-06 19:35:56   Rendering world bg...
[RENDER]       2026-05-06 19:36:10   Rendering world bg...
[RENDER]       2026-05-06 19:36:11   Rendering world bg...
[RENDER]       2026-05-06 19:36:12   Rendering world bg...
[RENDER]       2026-05-06 19:36:13   Rendering world bg...
[USERACTION]   2026-05-06 19:36:19   Closed panel #75 ui.modal.panel.EditProject
[RENDER]       2026-05-06 19:36:20   Rendering world bg...
[SAVE]         2026-05-06 19:36:20   Preparing project saving: /home/angrycompany16/gamedev/go/mask_of_the_tomb/assets/LDTK/world.ldtk...
[SAVE]         2026-05-06 19:36:20   => PreChecks...
[SAVE]         2026-05-06 19:36:20   => BeforeSavingActions...
[EVENT]        2026-05-06 19:36:20   BeforeProjectSaving
[SAVE]         2026-05-06 19:36:20   => AutoLayers...
[SAVE]         2026-05-06 19:36:20   => Backup...
[SAVE]         2026-05-06 19:36:20   Backing up /home/angrycompany16/gamedev/go/mask_of_the_tomb/assets/LDTK to /home/angrycompany16/gamedev/go/mask_of_the_tomb/assets/LDTK/world/backups/94589810-c210-11ef-b2e6-99619d5a4f10_2026-05-06_19-36-20...
[SAVE]         2026-05-06 19:36:20     Found 1 files.
[GENERAL]      2026-05-06 19:36:20   Progress created.
[RENDER]       2026-05-06 19:36:20   Rendering world bg...
[GENERAL]      2026-05-06 19:36:20   Progress started: : "Backup", 2 operation(s)
[SAVE]         2026-05-06 19:36:20   Removing older backup: 94589810-c210-11ef-b2e6-99619d5a4f10_2026-04-26_18-46-32
[GENERAL]      2026-05-06 19:36:20   Progress completed: "Backup" (0s)
[SAVE]         2026-05-06 19:36:20     Done!
[GENERAL]      2026-05-06 19:36:20   Progress created.
[RENDER]       2026-05-06 19:36:20   Rendering world bg...
[GENERAL]      2026-05-06 19:36:20   Progress started: : "Preparing levels...", 15 operation(s)
[GENERAL]      2026-05-06 19:36:20   Progress completed: "Preparing levels..." (0s)
[SAVE]         2026-05-06 19:36:20   => SavingMainFile...
[GENERAL]      2026-05-06 19:36:20   Progress created.
[RENDER]       2026-05-06 19:36:20   Rendering world bg...
[GENERAL]      2026-05-06 19:36:20   Progress started: : "Saving main file...", 2 operation(s)
[SAVE]         2026-05-06 19:36:20     Preparing SavingData...
[SAVE]         2026-05-06 19:36:20     Writing /home/angrycompany16/gamedev/go/mask_of_the_tomb/assets/LDTK/world.ldtk...
[GENERAL]      2026-05-06 19:36:20   Progress completed: "Saving main file..." (0.3s)
[FILE]         2026-05-06 19:36:20   Emptying dir /home/angrycompany16/gamedev/go/mask_of_the_tomb/assets/LDTK/world (onlyExts=[ldtkl])...
[SAVE]         2026-05-06 19:36:20   => Done...
[SAVE]         2026-05-06 19:36:20   Saving complete (world.ldtk)
[FILE]         2026-05-06 19:36:20   Saved "world.ldtk".
[EVENT]        2026-05-06 19:36:20   ProjectSaved
[RENDER]       2026-05-06 19:36:20   Rendering world bg...
[RENDER]       2026-05-06 19:36:20   Rendering world level fields data.Level#d5ae6780-1030-11f0-996f-efbed2df7e2d "Level_9"...
[RENDER]       2026-05-06 19:36:21   Rendering world bg...
[USERACTION]   2026-05-06 19:36:21   Opened panel #89 ui.modal.panel.WorldPanel
[FILE]         2026-05-06 19:36:21   Reading HTML template worldPanel from cache
[FILE]         2026-05-06 19:36:21   Reading HTML template levelInstanceForm from cache
[RENDER]       2026-05-06 19:36:21   Rendering world level data.Level#e041e9d0-1030-11f0-b12c-59992e246da5 "Level_5"...
[RENDER]       2026-05-06 19:36:22   Rendering world level fields data.Level#e041e9d0-1030-11f0-b12c-59992e246da5 "Level_5"...
[RENDER]       2026-05-06 19:36:22   Rendering world level fields data.Level#d5ae6780-1030-11f0-996f-efbed2df7e2d "Level_9"...
[RENDER]       2026-05-06 19:36:22   Rendering world level fields data.Level#17922260-fa90-11f0-b873-2b970f47baa3 "Level_12"...
[RENDER]       2026-05-06 19:36:22   Rendering world level fields data.Level#86386280-1030-11f0-996f-3d5dc6593739 "Level_10"...
[RENDER]       2026-05-06 19:36:22   Rendering world bg...
[RENDER]       2026-05-06 19:36:22   Rendering world bg...
[RENDER]       2026-05-06 19:36:22   Rendering world level fields data.Level#e1b36f30-1030-11f0-9400-498f42719145 "Level_1"...
[RENDER]       2026-05-06 19:36:22   Rendering world level fields data.Level#3069e2d0-1030-11f0-9400-2955d25c8088 "Level_2"...
[RENDER]       2026-05-06 19:36:22   Rendering world level fields data.Level#3d974c90-1030-11f0-9400-e92418126557 "Level_3"...
[RENDER]       2026-05-06 19:36:22   Rendering world level data.Level#e52cfcd0-1030-11f0-b12c-fb81b8dc6f61 "Level_8"...
[RENDER]       2026-05-06 19:36:22   Rendering world level fields data.Level#1e4af520-1030-11f0-af50-ff93dd65ce54 "Level_4"...
[RENDER]       2026-05-06 19:36:22   Rendering world level fields data.Level#72fdb1f0-1030-11f0-b12c-0d473d78f427 "Level_6"...
[RENDER]       2026-05-06 19:36:22   Rendering world level data.Level#d5ae6780-1030-11f0-996f-efbed2df7e2d "Level_9"...
[RENDER]       2026-05-06 19:36:22   Rendering world level fields data.Level#d19c6990-1030-11f0-b12c-9f5692af9d93 "Level_7"...
[RENDER]       2026-05-06 19:36:22   Rendering world level fields data.Level#e52cfcd0-1030-11f0-b12c-fb81b8dc6f61 "Level_8"...
[RENDER]       2026-05-06 19:36:22   Rendering world level data.Level#17922260-fa90-11f0-b873-2b970f47baa3 "Level_12"...
[RENDER]       2026-05-06 19:36:22   Rendering world level data.Level#86386280-1030-11f0-996f-3d5dc6593739 "Level_10"...
[RENDER]       2026-05-06 19:36:22   Rendering world level fields data.Level#e358dc00-fa90-11f0-9536-757f38ccabb1 "Level_13"...
[RENDER]       2026-05-06 19:36:22   Rendering world level fields data.Level#cb3cd020-1030-11f0-996f-c1d1f3076de4 "Level_11"...
[RENDER]       2026-05-06 19:36:22   Rendering world level data.Level#e358dc00-fa90-11f0-9536-757f38ccabb1 "Level_13"...
[RENDER]       2026-05-06 19:36:22   Rendering world level fields data.Level#f2c71810-21a0-11f1-b962-971e9169e768 "Level_14"...
[RENDER]       2026-05-06 19:36:22   Rendering world level data.Level#cb3cd020-1030-11f0-996f-c1d1f3076de4 "Level_11"...
[RENDER]       2026-05-06 19:36:22   Rendering world bg...
[RENDER]       2026-05-06 19:36:22   Rendering world bg...
[EVENT]        2026-05-06 19:36:36   WorldSettingsChanged
[EVENT]        2026-05-06 19:36:36   LevelJsonCacheInvalidated
[EVENT]        2026-05-06 19:36:36   LevelJsonCacheInvalidated
[EVENT]        2026-05-06 19:36:36   LevelJsonCacheInvalidated
[EVENT]        2026-05-06 19:36:36   LevelJsonCacheInvalidated
[EVENT]        2026-05-06 19:36:36   LevelJsonCacheInvalidated
[EVENT]        2026-05-06 19:36:36   LevelJsonCacheInvalidated
[EVENT]        2026-05-06 19:36:36   LevelJsonCacheInvalidated
[EVENT]        2026-05-06 19:36:36   LevelJsonCacheInvalidated
[EVENT]        2026-05-06 19:36:36   LevelJsonCacheInvalidated
[EVENT]        2026-05-06 19:36:36   LevelJsonCacheInvalidated
[EVENT]        2026-05-06 19:36:36   LevelJsonCacheInvalidated
[EVENT]        2026-05-06 19:36:36   LevelJsonCacheInvalidated
[EVENT]        2026-05-06 19:36:36   LevelJsonCacheInvalidated
[EVENT]        2026-05-06 19:36:36   LevelJsonCacheInvalidated
[EVENT]        2026-05-06 19:36:36   LevelJsonCacheInvalidated
[RENDER]       2026-05-06 19:36:37   Rendering world level data.Level#e1b36f30-1030-11f0-9400-498f42719145 "Level_1"...
[RENDER]       2026-05-06 19:36:37   Rendering world level fields data.Level#e1b36f30-1030-11f0-9400-498f42719145 "Level_1"...
[RENDER]       2026-05-06 19:36:37   Rendering world level fields data.Level#3069e2d0-1030-11f0-9400-2955d25c8088 "Level_2"...
[RENDER]       2026-05-06 19:36:37   Rendering world level fields data.Level#3d974c90-1030-11f0-9400-e92418126557 "Level_3"...
[RENDER]       2026-05-06 19:36:37   Rendering world level data.Level#9458e630-c210-11ef-b2e6-e91d01cdbe5e "Level_0"...
[RENDER]       2026-05-06 19:36:37   Rendering world level fields data.Level#9458e630-c210-11ef-b2e6-e91d01cdbe5e "Level_0"...
[RENDER]       2026-05-06 19:36:37   Rendering world level fields data.Level#1e4af520-1030-11f0-af50-ff93dd65ce54 "Level_4"...
[RENDER]       2026-05-06 19:36:37   Rendering world level data.Level#3069e2d0-1030-11f0-9400-2955d25c8088 "Level_2"...
[RENDER]       2026-05-06 19:36:37   Rendering world level fields data.Level#e041e9d0-1030-11f0-b12c-59992e246da5 "Level_5"...
[RENDER]       2026-05-06 19:36:37   Rendering world level fields data.Level#72fdb1f0-1030-11f0-b12c-0d473d78f427 "Level_6"...
[RENDER]       2026-05-06 19:36:37   Rendering world level data.Level#3d974c90-1030-11f0-9400-e92418126557 "Level_3"...
[RENDER]       2026-05-06 19:36:37   Rendering world level fields data.Level#d19c6990-1030-11f0-b12c-9f5692af9d93 "Level_7"...
[RENDER]       2026-05-06 19:36:37   Rendering world level fields data.Level#e52cfcd0-1030-11f0-b12c-fb81b8dc6f61 "Level_8"...
[RENDER]       2026-05-06 19:36:37   Rendering world level data.Level#1e4af520-1030-11f0-af50-ff93dd65ce54 "Level_4"...
[RENDER]       2026-05-06 19:36:37   Rendering world level fields data.Level#d5ae6780-1030-11f0-996f-efbed2df7e2d "Level_9"...
[RENDER]       2026-05-06 19:36:37   Rendering world level fields data.Level#17922260-fa90-11f0-b873-2b970f47baa3 "Level_12"...
[RENDER]       2026-05-06 19:36:37   Rendering world level data.Level#e041e9d0-1030-11f0-b12c-59992e246da5 "Level_5"...
[RENDER]       2026-05-06 19:36:37   Rendering world level fields data.Level#86386280-1030-11f0-996f-3d5dc6593739 "Level_10"...
[RENDER]       2026-05-06 19:36:37   Rendering world level fields data.Level#e358dc00-fa90-11f0-9536-757f38ccabb1 "Level_13"...
[RENDER]       2026-05-06 19:36:37   Rendering world level data.Level#72fdb1f0-1030-11f0-b12c-0d473d78f427 "Level_6"...
[RENDER]       2026-05-06 19:36:37   Rendering world level fields data.Level#cb3cd020-1030-11f0-996f-c1d1f3076de4 "Level_11"...
[RENDER]       2026-05-06 19:36:37   Rendering world level fields data.Level#f2c71810-21a0-11f1-b962-971e9169e768 "Level_14"...
[RENDER]       2026-05-06 19:36:37   Rendering world level data.Level#d19c6990-1030-11f0-b12c-9f5692af9d93 "Level_7"...
[RENDER]       2026-05-06 19:36:37   Rendering world level data.Level#e52cfcd0-1030-11f0-b12c-fb81b8dc6f61 "Level_8"...
[RENDER]       2026-05-06 19:36:37   Rendering world level data.Level#d5ae6780-1030-11f0-996f-efbed2df7e2d "Level_9"...
[RENDER]       2026-05-06 19:36:37   Rendering world level data.Level#17922260-fa90-11f0-b873-2b970f47baa3 "Level_12"...
[RENDER]       2026-05-06 19:36:38   Rendering world level data.Level#86386280-1030-11f0-996f-3d5dc6593739 "Level_10"...
[RENDER]       2026-05-06 19:36:38   Rendering world level data.Level#e358dc00-fa90-11f0-9536-757f38ccabb1 "Level_13"...
[RENDER]       2026-05-06 19:36:38   Rendering world level data.Level#cb3cd020-1030-11f0-996f-c1d1f3076de4 "Level_11"...
[RENDER]       2026-05-06 19:36:38   Rendering world level data.Level#f2c71810-21a0-11f1-b962-971e9169e768 "Level_14"...
[EVENT]        2026-05-06 19:36:40   WorldSettingsChanged
[RENDER]       2026-05-06 19:36:40   Rendering world level data.Level#9458e630-c210-11ef-b2e6-e91d01cdbe5e "Level_0"...
[RENDER]       2026-05-06 19:36:40   Rendering world level fields data.Level#9458e630-c210-11ef-b2e6-e91d01cdbe5e "Level_0"...
[RENDER]       2026-05-06 19:36:40   Rendering world level fields data.Level#e1b36f30-1030-11f0-9400-498f42719145 "Level_1"...
[RENDER]       2026-05-06 19:36:40   Rendering world level fields data.Level#3069e2d0-1030-11f0-9400-2955d25c8088 "Level_2"...
[RENDER]       2026-05-06 19:36:40   Rendering world level data.Level#e1b36f30-1030-11f0-9400-498f42719145 "Level_1"...
[RENDER]       2026-05-06 19:36:40   Rendering world level fields data.Level#3d974c90-1030-11f0-9400-e92418126557 "Level_3"...
[RENDER]       2026-05-06 19:36:40   Rendering world level fields data.Level#1e4af520-1030-11f0-af50-ff93dd65ce54 "Level_4"...
[RENDER]       2026-05-06 19:36:40   Rendering world level data.Level#3069e2d0-1030-11f0-9400-2955d25c8088 "Level_2"...
[RENDER]       2026-05-06 19:36:40   Rendering world level fields data.Level#e041e9d0-1030-11f0-b12c-59992e246da5 "Level_5"...
[RENDER]       2026-05-06 19:36:40   Rendering world level fields data.Level#72fdb1f0-1030-11f0-b12c-0d473d78f427 "Level_6"...
[RENDER]       2026-05-06 19:36:40   Rendering world level data.Level#3d974c90-1030-11f0-9400-e92418126557 "Level_3"...
[RENDER]       2026-05-06 19:36:40   Rendering world level fields data.Level#d19c6990-1030-11f0-b12c-9f5692af9d93 "Level_7"...
[RENDER]       2026-05-06 19:36:40   Rendering world level fields data.Level#e52cfcd0-1030-11f0-b12c-fb81b8dc6f61 "Level_8"...
[RENDER]       2026-05-06 19:36:40   Rendering world level data.Level#1e4af520-1030-11f0-af50-ff93dd65ce54 "Level_4"...
[RENDER]       2026-05-06 19:36:40   Rendering world level fields data.Level#cb3cd020-1030-11f0-996f-c1d1f3076de4 "Level_11"...
[RENDER]       2026-05-06 19:36:40   Rendering world level fields data.Level#f2c71810-21a0-11f1-b962-971e9169e768 "Level_14"...
[RENDER]       2026-05-06 19:36:40   Rendering world level data.Level#e041e9d0-1030-11f0-b12c-59992e246da5 "Level_5"...
[RENDER]       2026-05-06 19:36:40   Rendering world level data.Level#72fdb1f0-1030-11f0-b12c-0d473d78f427 "Level_6"...
[RENDER]       2026-05-06 19:36:41   Rendering world level data.Level#d19c6990-1030-11f0-b12c-9f5692af9d93 "Level_7"...
[RENDER]       2026-05-06 19:36:41   Rendering world level data.Level#e52cfcd0-1030-11f0-b12c-fb81b8dc6f61 "Level_8"...
[RENDER]       2026-05-06 19:36:41   Rendering world level data.Level#cb3cd020-1030-11f0-996f-c1d1f3076de4 "Level_11"...
[RENDER]       2026-05-06 19:36:41   Rendering world level data.Level#f2c71810-21a0-11f1-b962-971e9169e768 "Level_14"...
[EVENT]        2026-05-06 19:36:43   LevelSelected 288
[USERACTION]   2026-05-06 19:36:43   Opened level data.Level#e041e9d0-1030-11f0-b12c-59992e246da5 "Level_5"
[USERACTION]   2026-05-06 19:36:43   Closed panel #89 ui.modal.panel.WorldPanel
[WARNING]      2026-05-06 19:36:43   Full level render requested
[RENDER]       2026-05-06 19:36:43   Rendering world bg...
[RENDER]       2026-05-06 19:36:43   Rendering world level data.Level#3d974c90-1030-11f0-9400-e92418126557 "Level_3"...
[RENDER]       2026-05-06 19:36:44   Rendering world level data.Level#d19c6990-1030-11f0-b12c-9f5692af9d93 "Level_7"...
[USERACTION]   2026-05-06 19:36:44   Opened panel #99 ui.modal.panel.WorldPanel
[FILE]         2026-05-06 19:36:44   Reading HTML template worldPanel from cache
[FILE]         2026-05-06 19:36:44   Reading HTML template levelInstanceForm from cache
[RENDER]       2026-05-06 19:36:44   Rendering world level data.Level#3d974c90-1030-11f0-9400-e92418126557 "Level_3"...
[RENDER]       2026-05-06 19:36:44   Rendering world bg...
[RENDER]       2026-05-06 19:36:44   Rendering world level data.Level#1e4af520-1030-11f0-af50-ff93dd65ce54 "Level_4"...
[RENDER]       2026-05-06 19:36:44   Rendering world level data.Level#d19c6990-1030-11f0-b12c-9f5692af9d93 "Level_7"...
[RENDER]       2026-05-06 19:36:44   Rendering world level data.Level#e041e9d0-1030-11f0-b12c-59992e246da5 "Level_5"...
[RENDER]       2026-05-06 19:36:44   Rendering world level fields data.Level#e041e9d0-1030-11f0-b12c-59992e246da5 "Level_5"...
[RENDER]       2026-05-06 19:36:44   Rendering world level data.Level#cb3cd020-1030-11f0-996f-c1d1f3076de4 "Level_11"...
[EVENT]        2026-05-06 19:36:45   LevelSelected 298
[USERACTION]   2026-05-06 19:36:45   Opened level data.Level#d5ae6780-1030-11f0-996f-efbed2df7e2d "Level_9"
[TIMELINE]     2026-05-06 19:36:45   Garbage collected level: #288
[RENDER]       2026-05-06 19:36:45   Rendering world level data.Level#3d974c90-1030-11f0-9400-e92418126557 "Level_3"...
[RENDER]       2026-05-06 19:36:46   Rendering world level data.Level#1e4af520-1030-11f0-af50-ff93dd65ce54 "Level_4"...
[RENDER]       2026-05-06 19:36:46   Rendering world level data.Level#e041e9d0-1030-11f0-b12c-59992e246da5 "Level_5"...
[RENDER]       2026-05-06 19:36:46   Rendering world level data.Level#d5ae6780-1030-11f0-996f-efbed2df7e2d "Level_9"...
[RENDER]       2026-05-06 19:36:46   Rendering world level data.Level#cb3cd020-1030-11f0-996f-c1d1f3076de4 "Level_11"...
[RENDER]       2026-05-06 19:36:46   Rendering world level fields data.Level#d5ae6780-1030-11f0-996f-efbed2df7e2d "Level_9"...
[EVENT]        2026-05-06 19:36:50   WorldSettingsChanged
[RENDER]       2026-05-06 19:36:50   Rendering world level data.Level#9458e630-c210-11ef-b2e6-e91d01cdbe5e "Level_0"...
[RENDER]       2026-05-06 19:36:50   Rendering world level fields data.Level#9458e630-c210-11ef-b2e6-e91d01cdbe5e "Level_0"...
[RENDER]       2026-05-06 19:36:50   Rendering world level fields data.Level#e1b36f30-1030-11f0-9400-498f42719145 "Level_1"...
[RENDER]       2026-05-06 19:36:50   Rendering world level fields data.Level#3069e2d0-1030-11f0-9400-2955d25c8088 "Level_2"...
[RENDER]       2026-05-06 19:36:50   Rendering world level data.Level#e1b36f30-1030-11f0-9400-498f42719145 "Level_1"...
[RENDER]       2026-05-06 19:36:50   Rendering world level fields data.Level#3d974c90-1030-11f0-9400-e92418126557 "Level_3"...
[RENDER]       2026-05-06 19:36:50   Rendering world level fields data.Level#1e4af520-1030-11f0-af50-ff93dd65ce54 "Level_4"...
[RENDER]       2026-05-06 19:36:50   Rendering world level data.Level#3069e2d0-1030-11f0-9400-2955d25c8088 "Level_2"...
[RENDER]       2026-05-06 19:36:50   Rendering world level fields data.Level#e041e9d0-1030-11f0-b12c-59992e246da5 "Level_5"...
[RENDER]       2026-05-06 19:36:50   Rendering world level fields data.Level#72fdb1f0-1030-11f0-b12c-0d473d78f427 "Level_6"...
[RENDER]       2026-05-06 19:36:51   Rendering world level data.Level#3d974c90-1030-11f0-9400-e92418126557 "Level_3"...
[RENDER]       2026-05-06 19:36:51   Rendering world level fields data.Level#d19c6990-1030-11f0-b12c-9f5692af9d93 "Level_7"...
[RENDER]       2026-05-06 19:36:51   Rendering world level fields data.Level#e52cfcd0-1030-11f0-b12c-fb81b8dc6f61 "Level_8"...
[RENDER]       2026-05-06 19:36:51   Rendering world level data.Level#1e4af520-1030-11f0-af50-ff93dd65ce54 "Level_4"...
[RENDER]       2026-05-06 19:36:51   Rendering world level fields data.Level#d5ae6780-1030-11f0-996f-efbed2df7e2d "Level_9"...
[RENDER]       2026-05-06 19:36:51   Rendering world level fields data.Level#17922260-fa90-11f0-b873-2b970f47baa3 "Level_12"...
[RENDER]       2026-05-06 19:36:51   Rendering world level data.Level#e041e9d0-1030-11f0-b12c-59992e246da5 "Level_5"...
[RENDER]       2026-05-06 19:36:51   Rendering world level fields data.Level#86386280-1030-11f0-996f-3d5dc6593739 "Level_10"...
[RENDER]       2026-05-06 19:36:51   Rendering world level fields data.Level#e358dc00-fa90-11f0-9536-757f38ccabb1 "Level_13"...
[RENDER]       2026-05-06 19:36:51   Rendering world level data.Level#72fdb1f0-1030-11f0-b12c-0d473d78f427 "Level_6"...
[RENDER]       2026-05-06 19:36:51   Rendering world level fields data.Level#cb3cd020-1030-11f0-996f-c1d1f3076de4 "Level_11"...
[RENDER]       2026-05-06 19:36:51   Rendering world level fields data.Level#f2c71810-21a0-11f1-b962-971e9169e768 "Level_14"...
[RENDER]       2026-05-06 19:36:51   Rendering world level data.Level#d19c6990-1030-11f0-b12c-9f5692af9d93 "Level_7"...
[RENDER]       2026-05-06 19:36:51   Rendering world level data.Level#e52cfcd0-1030-11f0-b12c-fb81b8dc6f61 "Level_8"...
[RENDER]       2026-05-06 19:36:51   Rendering world level data.Level#d5ae6780-1030-11f0-996f-efbed2df7e2d "Level_9"...
[RENDER]       2026-05-06 19:36:51   Rendering world level data.Level#17922260-fa90-11f0-b873-2b970f47baa3 "Level_12"...
[RENDER]       2026-05-06 19:36:51   Rendering world level data.Level#86386280-1030-11f0-996f-3d5dc6593739 "Level_10"...
[RENDER]       2026-05-06 19:36:51   Rendering world level data.Level#e358dc00-fa90-11f0-9536-757f38ccabb1 "Level_13"...
[RENDER]       2026-05-06 19:36:51   Rendering world level data.Level#cb3cd020-1030-11f0-996f-c1d1f3076de4 "Level_11"...
[RENDER]       2026-05-06 19:36:51   Rendering world level data.Level#f2c71810-21a0-11f1-b962-971e9169e768 "Level_14"...
[EVENT]        2026-05-06 19:36:54   LevelSelected 332
[USERACTION]   2026-05-06 19:36:54   Opened level data.Level#86386280-1030-11f0-996f-3d5dc6593739 "Level_10"
[WARNING]      2026-05-06 19:36:54   Full level render requested
[RENDER]       2026-05-06 19:36:54   Rendering world bg...
[RENDER]       2026-05-06 19:36:54   Rendering world level data.Level#e041e9d0-1030-11f0-b12c-59992e246da5 "Level_5"...
[RENDER]       2026-05-06 19:36:54   Rendering world level fields data.Level#86386280-1030-11f0-996f-3d5dc6593739 "Level_10"...
[RENDER]       2026-05-06 19:36:54   Rendering world level data.Level#d5ae6780-1030-11f0-996f-efbed2df7e2d "Level_9"...
[RENDER]       2026-05-06 19:36:54   Rendering world level data.Level#17922260-fa90-11f0-b873-2b970f47baa3 "Level_12"...
[RENDER]       2026-05-06 19:36:54   Rendering world level data.Level#86386280-1030-11f0-996f-3d5dc6593739 "Level_10"...
[RENDER]       2026-05-06 19:36:54   Rendering world level data.Level#cb3cd020-1030-11f0-996f-c1d1f3076de4 "Level_11"...
[RENDER]       2026-05-06 19:36:54   Rendering world level data.Level#f2c71810-21a0-11f1-b962-971e9169e768 "Level_14"...
[EVENT]        2026-05-06 19:36:55   LevelSelected 332
[USERACTION]   2026-05-06 19:36:55   Opened level data.Level#86386280-1030-11f0-996f-3d5dc6593739 "Level_10"
[RENDER]       2026-05-06 19:36:55   Rendering world level data.Level#e041e9d0-1030-11f0-b12c-59992e246da5 "Level_5"...
[RENDER]       2026-05-06 19:36:55   Rendering world level fields data.Level#86386280-1030-11f0-996f-3d5dc6593739 "Level_10"...
[RENDER]       2026-05-06 19:36:55   Rendering world level data.Level#17922260-fa90-11f0-b873-2b970f47baa3 "Level_12"...
[USERACTION]   2026-05-06 19:36:55   Closed panel #99 ui.modal.panel.WorldPanel
[WARNING]      2026-05-06 19:36:55   Full level render requested
[RENDER]       2026-05-06 19:36:55   Rendering world bg...
[RENDER]       2026-05-06 19:36:55   Rendering world level data.Level#e041e9d0-1030-11f0-b12c-59992e246da5 "Level_5"...
[RENDER]       2026-05-06 19:36:55   Rendering world level data.Level#86386280-1030-11f0-996f-3d5dc6593739 "Level_10"...
[RENDER]       2026-05-06 19:36:55   Rendering world level fields data.Level#86386280-1030-11f0-996f-3d5dc6593739 "Level_10"...
[RENDER]       2026-05-06 19:36:55   Rendering world level data.Level#cb3cd020-1030-11f0-996f-c1d1f3076de4 "Level_11"...
[RENDER]       2026-05-06 19:36:55   Rendering world level data.Level#f2c71810-21a0-11f1-b962-971e9169e768 "Level_14"...
[RENDER]       2026-05-06 19:36:55   Rendering world level data.Level#17922260-fa90-11f0-b873-2b970f47baa3 "Level_12"...
[USERACTION]   2026-05-06 19:36:57   Opened panel #112 ui.modal.panel.WorldPanel
[FILE]         2026-05-06 19:36:57   Reading HTML template worldPanel from cache
[FILE]         2026-05-06 19:36:57   Reading HTML template levelInstanceForm from cache
[RENDER]       2026-05-06 19:36:57   Rendering world level data.Level#e041e9d0-1030-11f0-b12c-59992e246da5 "Level_5"...
[RENDER]       2026-05-06 19:36:57   Rendering world level fields data.Level#86386280-1030-11f0-996f-3d5dc6593739 "Level_10"...
[RENDER]       2026-05-06 19:36:57   Rendering world bg...
[RENDER]       2026-05-06 19:36:57   Rendering world level data.Level#17922260-fa90-11f0-b873-2b970f47baa3 "Level_12"...
[RENDER]       2026-05-06 19:36:57   Rendering world level data.Level#86386280-1030-11f0-996f-3d5dc6593739 "Level_10"...
[RENDER]       2026-05-06 19:36:57   Rendering world level data.Level#cb3cd020-1030-11f0-996f-c1d1f3076de4 "Level_11"...
[RENDER]       2026-05-06 19:36:57   Rendering world level data.Level#f2c71810-21a0-11f1-b962-971e9169e768 "Level_14"...
[EVENT]        2026-05-06 19:36:58   LevelSelected 366
[USERACTION]   2026-05-06 19:36:58   Opened level data.Level#cb3cd020-1030-11f0-996f-c1d1f3076de4 "Level_11"
[TIMELINE]     2026-05-06 19:36:58   Garbage collected level: #332
[RENDER]       2026-05-06 19:36:58   Rendering world level data.Level#3d974c90-1030-11f0-9400-e92418126557 "Level_3"...
[RENDER]       2026-05-06 19:36:58   Rendering world level fields data.Level#cb3cd020-1030-11f0-996f-c1d1f3076de4 "Level_11"...
[RENDER]       2026-05-06 19:36:58   Rendering world level data.Level#e041e9d0-1030-11f0-b12c-59992e246da5 "Level_5"...
[RENDER]       2026-05-06 19:36:58   Rendering world level data.Level#86386280-1030-11f0-996f-3d5dc6593739 "Level_10"...
[RENDER]       2026-05-06 19:36:58   Rendering world level data.Level#cb3cd020-1030-11f0-996f-c1d1f3076de4 "Level_11"...
[EVENT]        2026-05-06 19:36:58   LevelSelected 366
[USERACTION]   2026-05-06 19:36:58   Opened level data.Level#cb3cd020-1030-11f0-996f-c1d1f3076de4 "Level_11"
[RENDER]       2026-05-06 19:36:58   Rendering world level data.Level#3d974c90-1030-11f0-9400-e92418126557 "Level_3"...
[RENDER]       2026-05-06 19:36:58   Rendering world level fields data.Level#cb3cd020-1030-11f0-996f-c1d1f3076de4 "Level_11"...
[RENDER]       2026-05-06 19:36:58   Rendering world level data.Level#e041e9d0-1030-11f0-b12c-59992e246da5 "Level_5"...
[USERACTION]   2026-05-06 19:36:58   Closed panel #112 ui.modal.panel.WorldPanel
[RENDER]       2026-05-06 19:36:58   Rendering world level data.Level#3d974c90-1030-11f0-9400-e92418126557 "Level_3"...
[RENDER]       2026-05-06 19:36:58   Rendering world level fields data.Level#cb3cd020-1030-11f0-996f-c1d1f3076de4 "Level_11"...
[WARNING]      2026-05-06 19:36:58   Full level render requested
[RENDER]       2026-05-06 19:36:58   Rendering world bg...
[RENDER]       2026-05-06 19:36:58   Rendering world level data.Level#86386280-1030-11f0-996f-3d5dc6593739 "Level_10"...
[RENDER]       2026-05-06 19:36:58   Rendering world level data.Level#e041e9d0-1030-11f0-b12c-59992e246da5 "Level_5"...
[RENDER]       2026-05-06 19:36:58   Rendering world level data.Level#cb3cd020-1030-11f0-996f-c1d1f3076de4 "Level_11"...
[RENDER]       2026-05-06 19:36:58   Rendering world level data.Level#f2c71810-21a0-11f1-b962-971e9169e768 "Level_14"...
[USERACTION]   2026-05-06 19:36:59   Opened panel #115 ui.modal.panel.WorldPanel
[FILE]         2026-05-06 19:36:59   Reading HTML template worldPanel from cache
[FILE]         2026-05-06 19:36:59   Reading HTML template levelInstanceForm from cache
[RENDER]       2026-05-06 19:36:59   Rendering world bg...
[RENDER]       2026-05-06 19:36:59   Rendering world level data.Level#3d974c90-1030-11f0-9400-e92418126557 "Level_3"...
[RENDER]       2026-05-06 19:36:59   Rendering world level fields data.Level#cb3cd020-1030-11f0-996f-c1d1f3076de4 "Level_11"...
[RENDER]       2026-05-06 19:36:59   Rendering world level data.Level#e041e9d0-1030-11f0-b12c-59992e246da5 "Level_5"...
[RENDER]       2026-05-06 19:37:00   Rendering world level data.Level#86386280-1030-11f0-996f-3d5dc6593739 "Level_10"...
[RENDER]       2026-05-06 19:37:00   Rendering world level data.Level#cb3cd020-1030-11f0-996f-c1d1f3076de4 "Level_11"...
[RENDER]       2026-05-06 19:37:00   Rendering world level data.Level#f2c71810-21a0-11f1-b962-971e9169e768 "Level_14"...
[EVENT]        2026-05-06 19:37:00   LevelSelected 379
[USERACTION]   2026-05-06 19:37:00   Opened level data.Level#f2c71810-21a0-11f1-b962-971e9169e768 "Level_14"
[TIMELINE]     2026-05-06 19:37:00   Garbage collected level: #366
[RENDER]       2026-05-06 19:37:00   Rendering world level data.Level#86386280-1030-11f0-996f-3d5dc6593739 "Level_10"...
[RENDER]       2026-05-06 19:37:00   Rendering world level fields data.Level#f2c71810-21a0-11f1-b962-971e9169e768 "Level_14"...
[RENDER]       2026-05-06 19:37:00   Rendering world level data.Level#cb3cd020-1030-11f0-996f-c1d1f3076de4 "Level_11"...
[RENDER]       2026-05-06 19:37:00   Rendering world level data.Level#f2c71810-21a0-11f1-b962-971e9169e768 "Level_14"...
[EVENT]        2026-05-06 19:37:00   LevelSelected 379
[USERACTION]   2026-05-06 19:37:00   Opened level data.Level#f2c71810-21a0-11f1-b962-971e9169e768 "Level_14"
[RENDER]       2026-05-06 19:37:00   Rendering world level data.Level#86386280-1030-11f0-996f-3d5dc6593739 "Level_10"...
[RENDER]       2026-05-06 19:37:00   Rendering world level fields data.Level#f2c71810-21a0-11f1-b962-971e9169e768 "Level_14"...
[RENDER]       2026-05-06 19:37:01   Rendering world level data.Level#cb3cd020-1030-11f0-996f-c1d1f3076de4 "Level_11"...
[USERACTION]   2026-05-06 19:37:01   Closed panel #115 ui.modal.panel.WorldPanel
[RENDER]       2026-05-06 19:37:01   Rendering world level data.Level#86386280-1030-11f0-996f-3d5dc6593739 "Level_10"...
[RENDER]       2026-05-06 19:37:01   Rendering world level fields data.Level#f2c71810-21a0-11f1-b962-971e9169e768 "Level_14"...
[WARNING]      2026-05-06 19:37:01   Full level render requested
[RENDER]       2026-05-06 19:37:01   Rendering world level data.Level#cb3cd020-1030-11f0-996f-c1d1f3076de4 "Level_11"...
[RENDER]       2026-05-06 19:37:01   Rendering world level data.Level#f2c71810-21a0-11f1-b962-971e9169e768 "Level_14"...
[USERACTION]   2026-05-06 19:37:02   Opened panel #116 ui.modal.panel.WorldPanel
[FILE]         2026-05-06 19:37:02   Reading HTML template worldPanel from cache
[FILE]         2026-05-06 19:37:02   Reading HTML template levelInstanceForm from cache
[RENDER]       2026-05-06 19:37:02   Rendering world level data.Level#86386280-1030-11f0-996f-3d5dc6593739 "Level_10"...
[RENDER]       2026-05-06 19:37:02   Rendering world level fields data.Level#f2c71810-21a0-11f1-b962-971e9169e768 "Level_14"...
[RENDER]       2026-05-06 19:37:02   Rendering world bg...
[RENDER]       2026-05-06 19:37:02   Rendering world level data.Level#cb3cd020-1030-11f0-996f-c1d1f3076de4 "Level_11"...
[RENDER]       2026-05-06 19:37:02   Rendering world level data.Level#f2c71810-21a0-11f1-b962-971e9169e768 "Level_14"...
[EVENT]        2026-05-06 19:37:05   LevelSelected 298
[USERACTION]   2026-05-06 19:37:05   Opened level data.Level#d5ae6780-1030-11f0-996f-efbed2df7e2d "Level_9"
[TIMELINE]     2026-05-06 19:37:05   Garbage collected level: #379
[RENDER]       2026-05-06 19:37:05   Rendering world level data.Level#3d974c90-1030-11f0-9400-e92418126557 "Level_3"...
[RENDER]       2026-05-06 19:37:05   Rendering world level fields data.Level#d5ae6780-1030-11f0-996f-efbed2df7e2d "Level_9"...
[RENDER]       2026-05-06 19:37:05   Rendering world level data.Level#1e4af520-1030-11f0-af50-ff93dd65ce54 "Level_4"...
[RENDER]       2026-05-06 19:37:05   Rendering world level data.Level#d5ae6780-1030-11f0-996f-efbed2df7e2d "Level_9"...
[RENDER]       2026-05-06 19:37:05   Rendering world level data.Level#f2c71810-21a0-11f1-b962-971e9169e768 "Level_14"...
[EVENT]        2026-05-06 19:37:05   LevelSelected 298
[USERACTION]   2026-05-06 19:37:05   Opened level data.Level#d5ae6780-1030-11f0-996f-efbed2df7e2d "Level_9"
[RENDER]       2026-05-06 19:37:05   Rendering world level data.Level#3d974c90-1030-11f0-9400-e92418126557 "Level_3"...
[RENDER]       2026-05-06 19:37:05   Rendering world level fields data.Level#d5ae6780-1030-11f0-996f-efbed2df7e2d "Level_9"...
[RENDER]       2026-05-06 19:37:05   Rendering world level data.Level#1e4af520-1030-11f0-af50-ff93dd65ce54 "Level_4"...
[USERACTION]   2026-05-06 19:37:05   Closed panel #116 ui.modal.panel.WorldPanel
[WARNING]      2026-05-06 19:37:05   Full level render requested
[RENDER]       2026-05-06 19:37:05   Rendering world bg...
[RENDER]       2026-05-06 19:37:05   Rendering world level data.Level#3d974c90-1030-11f0-9400-e92418126557 "Level_3"...
[RENDER]       2026-05-06 19:37:05   Rendering world level data.Level#1e4af520-1030-11f0-af50-ff93dd65ce54 "Level_4"...
[USERACTION]   2026-05-06 19:37:06   Opened panel #129 ui.modal.panel.WorldPanel
[FILE]         2026-05-06 19:37:06   Reading HTML template worldPanel from cache
[FILE]         2026-05-06 19:37:06   Reading HTML template levelInstanceForm from cache
[RENDER]       2026-05-06 19:37:06   Rendering world bg...
[RENDER]       2026-05-06 19:37:06   Rendering world level data.Level#3d974c90-1030-11f0-9400-e92418126557 "Level_3"...
[RENDER]       2026-05-06 19:37:06   Rendering world level fields data.Level#d5ae6780-1030-11f0-996f-efbed2df7e2d "Level_9"...
[RENDER]       2026-05-06 19:37:06   Rendering world level data.Level#1e4af520-1030-11f0-af50-ff93dd65ce54 "Level_4"...
[RENDER]       2026-05-06 19:37:07   Rendering world level data.Level#d5ae6780-1030-11f0-996f-efbed2df7e2d "Level_9"...
[RENDER]       2026-05-06 19:37:11   Rendering world bg...
[EVENT]        2026-05-06 19:37:14   LevelSelected 298
[USERACTION]   2026-05-06 19:37:14   Opened level data.Level#d5ae6780-1030-11f0-996f-efbed2df7e2d "Level_9"
[RENDER]       2026-05-06 19:37:14   Rendering world level data.Level#3d974c90-1030-11f0-9400-e92418126557 "Level_3"...
[RENDER]       2026-05-06 19:37:14   Rendering world level fields data.Level#d5ae6780-1030-11f0-996f-efbed2df7e2d "Level_9"...
[RENDER]       2026-05-06 19:37:14   Rendering world level data.Level#1e4af520-1030-11f0-af50-ff93dd65ce54 "Level_4"...
[RENDER]       2026-05-06 19:37:14   Rendering world level data.Level#d5ae6780-1030-11f0-996f-efbed2df7e2d "Level_9"...
[SAVE]         2026-05-06 19:37:17   Preparing project saving: /home/angrycompany16/gamedev/go/mask_of_the_tomb/assets/LDTK/world.ldtk...
[CACHE]        2026-05-06 19:37:17   Garbaging unused image LdtkIcons_336_208_16_16...
[CACHE]        2026-05-06 19:37:17   Disposing cached image LdtkIcons_336_208_16_16...
[CACHE]        2026-05-06 19:37:17   Garbaging unused image LdtkIcons_336_176_16_16...
[CACHE]        2026-05-06 19:37:17   Disposing cached image LdtkIcons_336_176_16_16...
[CACHE]        2026-05-06 19:37:17   Garbaging unused image LdtkIcons_176_16_16_16...
[CACHE]        2026-05-06 19:37:17   Disposing cached image LdtkIcons_176_16_16_16...
[SAVE]         2026-05-06 19:37:17   => PreChecks...
[SAVE]         2026-05-06 19:37:17   => BeforeSavingActions...
[EVENT]        2026-05-06 19:37:17   BeforeProjectSaving
[SAVE]         2026-05-06 19:37:17   => AutoLayers...
[SAVE]         2026-05-06 19:37:17   => Backup...
[SAVE]         2026-05-06 19:37:17   Backing up /home/angrycompany16/gamedev/go/mask_of_the_tomb/assets/LDTK to /home/angrycompany16/gamedev/go/mask_of_the_tomb/assets/LDTK/world/backups/94589810-c210-11ef-b2e6-99619d5a4f10_2026-05-06_19-37-17...
[SAVE]         2026-05-06 19:37:17     Found 1 files.
[GENERAL]      2026-05-06 19:37:17   Progress created.
[RENDER]       2026-05-06 19:37:17   Rendering world bg...
[GENERAL]      2026-05-06 19:37:17   Progress started: : "Backup", 2 operation(s)
[SAVE]         2026-05-06 19:37:17   Removing older backup: 94589810-c210-11ef-b2e6-99619d5a4f10_2026-04-26_18-46-57
[GENERAL]      2026-05-06 19:37:17   Progress completed: "Backup" (0s)
[SAVE]         2026-05-06 19:37:17     Done!
[GENERAL]      2026-05-06 19:37:17   Progress created.
[RENDER]       2026-05-06 19:37:17   Rendering world bg...
[GENERAL]      2026-05-06 19:37:17   Progress started: : "Preparing levels...", 15 operation(s)
[GENERAL]      2026-05-06 19:37:17   Progress completed: "Preparing levels..." (0.3s)
[SAVE]         2026-05-06 19:37:18   => SavingMainFile...
[GENERAL]      2026-05-06 19:37:18   Progress created.
[RENDER]       2026-05-06 19:37:18   Rendering world bg...
[GENERAL]      2026-05-06 19:37:18   Progress started: : "Saving main file...", 2 operation(s)
[SAVE]         2026-05-06 19:37:18     Preparing SavingData...
[SAVE]         2026-05-06 19:37:18     Writing /home/angrycompany16/gamedev/go/mask_of_the_tomb/assets/LDTK/world.ldtk...
[GENERAL]      2026-05-06 19:37:18   Progress completed: "Saving main file..." (0.3s)
[FILE]         2026-05-06 19:37:18   Emptying dir /home/angrycompany16/gamedev/go/mask_of_the_tomb/assets/LDTK/world (onlyExts=[ldtkl])...
[SAVE]         2026-05-06 19:37:18   => Done...
[SAVE]         2026-05-06 19:37:18   Saving complete (world.ldtk)
[FILE]         2026-05-06 19:37:18   Saved "world.ldtk".
[EVENT]        2026-05-06 19:37:18   ProjectSaved
[RENDER]       2026-05-06 19:37:18   Rendering world bg...
[RENDER]       2026-05-06 19:37:18   Rendering world level fields data.Level#3069e2d0-1030-11f0-9400-2955d25c8088 "Level_2"...
[RENDER]       2026-05-06 19:37:18   Rendering world level fields data.Level#3d974c90-1030-11f0-9400-e92418126557 "Level_3"...
[RENDER]       2026-05-06 19:37:18   Rendering world level fields data.Level#1e4af520-1030-11f0-af50-ff93dd65ce54 "Level_4"...
[RENDER]       2026-05-06 19:37:18   Rendering world level fields data.Level#e041e9d0-1030-11f0-b12c-59992e246da5 "Level_5"...
[RENDER]       2026-05-06 19:37:18   Rendering world level fields data.Level#72fdb1f0-1030-11f0-b12c-0d473d78f427 "Level_6"...
[RENDER]       2026-05-06 19:37:18   Rendering world level fields data.Level#d19c6990-1030-11f0-b12c-9f5692af9d93 "Level_7"...
[RENDER]       2026-05-06 19:37:18   Rendering world level fields data.Level#e52cfcd0-1030-11f0-b12c-fb81b8dc6f61 "Level_8"...
[RENDER]       2026-05-06 19:37:18   Rendering world level fields data.Level#d5ae6780-1030-11f0-996f-efbed2df7e2d "Level_9"...
[RENDER]       2026-05-06 19:37:18   Rendering world level fields data.Level#17922260-fa90-11f0-b873-2b970f47baa3 "Level_12"...
[RENDER]       2026-05-06 19:37:18   Rendering world level fields data.Level#86386280-1030-11f0-996f-3d5dc6593739 "Level_10"...
[RENDER]       2026-05-06 19:37:18   Rendering world level fields data.Level#e358dc00-fa90-11f0-9536-757f38ccabb1 "Level_13"...
[RENDER]       2026-05-06 19:37:18   Rendering world level fields data.Level#cb3cd020-1030-11f0-996f-c1d1f3076de4 "Level_11"...
[RENDER]       2026-05-06 19:37:18   Rendering world level fields data.Level#f2c71810-21a0-11f1-b962-971e9169e768 "Level_14"...
[RENDER]       2026-05-06 19:37:19   Rendering world bg...
[RENDER]       2026-05-06 19:37:28   Rendering world bg...
[RENDER]       2026-05-06 19:37:28   Rendering world bg...
[RENDER]       2026-05-06 19:37:31   Rendering world bg...
[RENDER]       2026-05-06 19:37:35   Rendering world bg...
[SAVE]         2026-05-06 19:37:36   Preparing project saving: /home/angrycompany16/gamedev/go/mask_of_the_tomb/assets/LDTK/world.ldtk...
[SAVE]         2026-05-06 19:37:36   => PreChecks...
[SAVE]         2026-05-06 19:37:36   => BeforeSavingActions...
[EVENT]        2026-05-06 19:37:36   BeforeProjectSaving
[SAVE]         2026-05-06 19:37:36   => AutoLayers...
[SAVE]         2026-05-06 19:37:36   => Backup...
[SAVE]         2026-05-06 19:37:36   Backing up /home/angrycompany16/gamedev/go/mask_of_the_tomb/assets/LDTK to /home/angrycompany16/gamedev/go/mask_of_the_tomb/assets/LDTK/world/backups/94589810-c210-11ef-b2e6-99619d5a4f10_2026-05-06_19-37-36...
[SAVE]         2026-05-06 19:37:36     Found 1 files.
[GENERAL]      2026-05-06 19:37:36   Progress created.
[RENDER]       2026-05-06 19:37:36   Rendering world bg...
[GENERAL]      2026-05-06 19:37:36   Progress started: : "Backup", 2 operation(s)
[SAVE]         2026-05-06 19:37:36   Removing older backup: 94589810-c210-11ef-b2e6-99619d5a4f10_2026-04-26_18-47-17
[GENERAL]      2026-05-06 19:37:36   Progress completed: "Backup" (0s)
[SAVE]         2026-05-06 19:37:36     Done!
[GENERAL]      2026-05-06 19:37:36   Progress created.
[RENDER]       2026-05-06 19:37:36   Rendering world bg...
[GENERAL]      2026-05-06 19:37:36   Progress started: : "Preparing levels...", 15 operation(s)
[GENERAL]      2026-05-06 19:37:36   Progress completed: "Preparing levels..." (0s)
[SAVE]         2026-05-06 19:37:36   => SavingMainFile...
[GENERAL]      2026-05-06 19:37:36   Progress created.
[RENDER]       2026-05-06 19:37:36   Rendering world bg...
[GENERAL]      2026-05-06 19:37:36   Progress started: : "Saving main file...", 2 operation(s)
[SAVE]         2026-05-06 19:37:36     Preparing SavingData...
[SAVE]         2026-05-06 19:37:36     Writing /home/angrycompany16/gamedev/go/mask_of_the_tomb/assets/LDTK/world.ldtk...
[GENERAL]      2026-05-06 19:37:36   Progress completed: "Saving main file..." (0.3s)
[FILE]         2026-05-06 19:37:36   Emptying dir /home/angrycompany16/gamedev/go/mask_of_the_tomb/assets/LDTK/world (onlyExts=[ldtkl])...
[SAVE]         2026-05-06 19:37:36   => Done...
[SAVE]         2026-05-06 19:37:36   Saving complete (world.ldtk)
[FILE]         2026-05-06 19:37:36   Saved "world.ldtk".
[EVENT]        2026-05-06 19:37:36   ProjectSaved
[RENDER]       2026-05-06 19:37:36   Rendering world bg...
[RENDER]       2026-05-06 19:37:36   Rendering world level fields data.Level#3069e2d0-1030-11f0-9400-2955d25c8088 "Level_2"...
[RENDER]       2026-05-06 19:37:36   Rendering world level fields data.Level#3d974c90-1030-11f0-9400-e92418126557 "Level_3"...
[RENDER]       2026-05-06 19:37:36   Rendering world level fields data.Level#1e4af520-1030-11f0-af50-ff93dd65ce54 "Level_4"...
[RENDER]       2026-05-06 19:37:36   Rendering world level fields data.Level#e041e9d0-1030-11f0-b12c-59992e246da5 "Level_5"...
[RENDER]       2026-05-06 19:37:36   Rendering world level fields data.Level#72fdb1f0-1030-11f0-b12c-0d473d78f427 "Level_6"...
[RENDER]       2026-05-06 19:37:37   Rendering world level fields data.Level#d19c6990-1030-11f0-b12c-9f5692af9d93 "Level_7"...
[RENDER]       2026-05-06 19:37:37   Rendering world level fields data.Level#e52cfcd0-1030-11f0-b12c-fb81b8dc6f61 "Level_8"...
[RENDER]       2026-05-06 19:37:37   Rendering world level fields data.Level#d5ae6780-1030-11f0-996f-efbed2df7e2d "Level_9"...
[RENDER]       2026-05-06 19:37:37   Rendering world level fields data.Level#17922260-fa90-11f0-b873-2b970f47baa3 "Level_12"...
[RENDER]       2026-05-06 19:37:37   Rendering world level fields data.Level#86386280-1030-11f0-996f-3d5dc6593739 "Level_10"...
[RENDER]       2026-05-06 19:37:37   Rendering world level fields data.Level#e358dc00-fa90-11f0-9536-757f38ccabb1 "Level_13"...
[RENDER]       2026-05-06 19:37:37   Rendering world level fields data.Level#cb3cd020-1030-11f0-996f-c1d1f3076de4 "Level_11"...
[RENDER]       2026-05-06 19:37:37   Rendering world level fields data.Level#f2c71810-21a0-11f1-b962-971e9169e768 "Level_14"...
[USERACTION]   2026-05-06 19:37:37   Closed panel #129 ui.modal.panel.WorldPanel
[WARNING]      2026-05-06 19:37:37   Full level render requested
[RENDER]       2026-05-06 19:37:37   Rendering world bg...
[RENDER]       2026-05-06 19:37:37   Rendering world level data.Level#e041e9d0-1030-11f0-b12c-59992e246da5 "Level_5"...
[RENDER]       2026-05-06 19:37:37   Rendering world level fields data.Level#d5ae6780-1030-11f0-996f-efbed2df7e2d "Level_9"...
[RENDER]       2026-05-06 19:37:37   Rendering world level data.Level#86386280-1030-11f0-996f-3d5dc6593739 "Level_10"...
[RENDER]       2026-05-06 19:37:37   Rendering world level data.Level#cb3cd020-1030-11f0-996f-c1d1f3076de4 "Level_11"...
[RENDER]       2026-05-06 19:37:37   Rendering world level data.Level#17922260-fa90-11f0-b873-2b970f47baa3 "Level_12"...
[RENDER]       2026-05-06 19:37:38   Rendering world bg...
[USERACTION]   2026-05-06 19:37:38   Opened panel #160 ui.modal.panel.WorldPanel
[FILE]         2026-05-06 19:37:38   Reading HTML template worldPanel from cache
[FILE]         2026-05-06 19:37:38   Reading HTML template levelInstanceForm from cache
[RENDER]       2026-05-06 19:37:39   Rendering world bg...
[RENDER]       2026-05-06 19:37:39   Rendering world level data.Level#e041e9d0-1030-11f0-b12c-59992e246da5 "Level_5"...
[RENDER]       2026-05-06 19:37:39   Rendering world level fields data.Level#d5ae6780-1030-11f0-996f-efbed2df7e2d "Level_9"...
[RENDER]       2026-05-06 19:37:39   Rendering world level data.Level#d5ae6780-1030-11f0-996f-efbed2df7e2d "Level_9"...
[RENDER]       2026-05-06 19:37:39   Rendering world level data.Level#17922260-fa90-11f0-b873-2b970f47baa3 "Level_12"...
[RENDER]       2026-05-06 19:37:39   Rendering world level data.Level#86386280-1030-11f0-996f-3d5dc6593739 "Level_10"...
[RENDER]       2026-05-06 19:37:39   Rendering world level data.Level#cb3cd020-1030-11f0-996f-c1d1f3076de4 "Level_11"...
[EVENT]        2026-05-06 19:37:40   LevelSelected 288
[USERACTION]   2026-05-06 19:37:40   Opened level data.Level#e041e9d0-1030-11f0-b12c-59992e246da5 "Level_5"
[RENDER]       2026-05-06 19:37:40   Rendering world level data.Level#3d974c90-1030-11f0-9400-e92418126557 "Level_3"...
[RENDER]       2026-05-06 19:37:40   Rendering world level fields data.Level#e041e9d0-1030-11f0-b12c-59992e246da5 "Level_5"...
[RENDER]       2026-05-06 19:37:40   Rendering world level data.Level#1e4af520-1030-11f0-af50-ff93dd65ce54 "Level_4"...
[RENDER]       2026-05-06 19:37:40   Rendering world level data.Level#e041e9d0-1030-11f0-b12c-59992e246da5 "Level_5"...
[RENDER]       2026-05-06 19:37:40   Rendering world level data.Level#d5ae6780-1030-11f0-996f-efbed2df7e2d "Level_9"...
[RENDER]       2026-05-06 19:37:40   Rendering world level data.Level#86386280-1030-11f0-996f-3d5dc6593739 "Level_10"...
[EVENT]        2026-05-06 19:37:40   LevelSelected 288
[USERACTION]   2026-05-06 19:37:40   Opened level data.Level#e041e9d0-1030-11f0-b12c-59992e246da5 "Level_5"
[RENDER]       2026-05-06 19:37:40   Rendering world level data.Level#3d974c90-1030-11f0-9400-e92418126557 "Level_3"...
[RENDER]       2026-05-06 19:37:40   Rendering world level fields data.Level#e041e9d0-1030-11f0-b12c-59992e246da5 "Level_5"...
[RENDER]       2026-05-06 19:37:40   Rendering world level data.Level#1e4af520-1030-11f0-af50-ff93dd65ce54 "Level_4"...
[USERACTION]   2026-05-06 19:37:40   Closed panel #160 ui.modal.panel.WorldPanel
[WARNING]      2026-05-06 19:37:40   Full level render requested
[RENDER]       2026-05-06 19:37:40   Rendering world bg...
[RENDER]       2026-05-06 19:37:40   Rendering world level data.Level#1e4af520-1030-11f0-af50-ff93dd65ce54 "Level_4"...
[RENDER]       2026-05-06 19:37:40   Rendering world level fields data.Level#e041e9d0-1030-11f0-b12c-59992e246da5 "Level_5"...
[RENDER]       2026-05-06 19:37:40   Rendering world level data.Level#e041e9d0-1030-11f0-b12c-59992e246da5 "Level_5"...
[RENDER]       2026-05-06 19:37:41   Rendering world level data.Level#d5ae6780-1030-11f0-996f-efbed2df7e2d "Level_9"...
[RENDER]       2026-05-06 19:37:41   Rendering world level data.Level#3d974c90-1030-11f0-9400-e92418126557 "Level_3"...
[RENDER]       2026-05-06 19:37:41   Rendering world level data.Level#86386280-1030-11f0-996f-3d5dc6593739 "Level_10"...
[RENDER]       2026-05-06 19:37:41   Rendering world level data.Level#cb3cd020-1030-11f0-996f-c1d1f3076de4 "Level_11"...
[USERACTION]   2026-05-06 19:37:41   Opened panel #167 ui.modal.panel.WorldPanel
[FILE]         2026-05-06 19:37:41   Reading HTML template worldPanel from cache
[FILE]         2026-05-06 19:37:41   Reading HTML template levelInstanceForm from cache
[RENDER]       2026-05-06 19:37:41   Rendering world bg...
[RENDER]       2026-05-06 19:37:41   Rendering world level data.Level#3d974c90-1030-11f0-9400-e92418126557 "Level_3"...
[RENDER]       2026-05-06 19:37:41   Rendering world level fields data.Level#e041e9d0-1030-11f0-b12c-59992e246da5 "Level_5"...
[RENDER]       2026-05-06 19:37:42   Rendering world level data.Level#1e4af520-1030-11f0-af50-ff93dd65ce54 "Level_4"...
[RENDER]       2026-05-06 19:37:42   Rendering world level data.Level#e041e9d0-1030-11f0-b12c-59992e246da5 "Level_5"...
[RENDER]       2026-05-06 19:37:42   Rendering world level data.Level#d5ae6780-1030-11f0-996f-efbed2df7e2d "Level_9"...
[RENDER]       2026-05-06 19:37:42   Rendering world level data.Level#86386280-1030-11f0-996f-3d5dc6593739 "Level_10"...
[RENDER]       2026-05-06 19:37:42   Rendering world level data.Level#cb3cd020-1030-11f0-996f-c1d1f3076de4 "Level_11"...
[RENDER]       2026-05-06 19:37:53   Rendering world bg...
[USERACTION]   2026-05-06 19:37:54   Closed panel #167 ui.modal.panel.WorldPanel
[WARNING]      2026-05-06 19:37:54   Full level render requested
[RENDER]       2026-05-06 19:37:54   Rendering world bg...
[RENDER]       2026-05-06 19:37:54   Rendering world level data.Level#3d974c90-1030-11f0-9400-e92418126557 "Level_3"...
[RENDER]       2026-05-06 19:37:54   Rendering world level fields data.Level#e041e9d0-1030-11f0-b12c-59992e246da5 "Level_5"...
[RENDER]       2026-05-06 19:37:54   Rendering world level data.Level#1e4af520-1030-11f0-af50-ff93dd65ce54 "Level_4"...
[RENDER]       2026-05-06 19:37:54   Rendering world level data.Level#d5ae6780-1030-11f0-996f-efbed2df7e2d "Level_9"...
[RENDER]       2026-05-06 19:37:54   Rendering world bg...
[RENDER]       2026-05-06 19:37:54   Rendering world level data.Level#86386280-1030-11f0-996f-3d5dc6593739 "Level_10"...
[RENDER]       2026-05-06 19:37:54   Rendering world level data.Level#cb3cd020-1030-11f0-996f-c1d1f3076de4 "Level_11"...
[GENERAL]      2026-05-06 19:37:55   Page started: page.Home()
[FILE]         2026-05-06 19:37:55   Loading page template: home from /usr/share/ldtk/resources/app.asar/assets/tpl/pages/home.html
[DEBUG]        2026-05-06 19:37:55   samplesDir=/usr/share/ldtk/extraFiles/samples
[FILE]         2026-05-06 19:37:55   Cleared all file watches
[GENERAL]      2026-05-06 19:38:00   Progress created.
[GENERAL]      2026-05-06 19:38:01   Progress started: : "world copy.ldtk: Project...", 5 operation(s)
[LOAD]         2026-05-06 19:38:01   Loading project world copy.ldtk...
[LOAD]         2026-05-06 19:38:01     Project appBuildId=484725 appJsonVersion=1.5.3 jsonVersion=1.5.3
[LOAD]         2026-05-06 19:38:01   Loading complete.
[GENERAL]      2026-05-06 19:38:01   Page started: page.Editor()
[FILE]         2026-05-06 19:38:01   Loading page template: editor from /usr/share/ldtk/resources/app.asar/assets/tpl/pages/editor.html
[FILE]         2026-05-06 19:38:01   Cleared all file watches
[EVENT]        2026-05-06 19:38:01   LayerInstanceSelected 266
[FILE]         2026-05-06 19:38:01   Reloading tileset: Playerspace_tilemap2 path=../sprites/environment/playerspace_tilemap.png
[FILE]         2026-05-06 19:38:01   Loading atlas image: ../sprites/environment/playerspace_tilemap.png...
[CACHE]        2026-05-06 19:38:01   Caching image ../sprites/environment/playerspace_tilemap.png...
[CACHE]        2026-05-06 19:38:01    -> identified as Png
[CACHE]        2026-05-06 19:38:01    -> base64 17436
[CACHE]        2026-05-06 19:38:01    -> pixels 128x528
[FILE]         2026-05-06 19:38:01    -> Loaded 13077 bytes.
[FILE]         2026-05-06 19:38:01    -> Decoded 128x528 pixels.
[FILE]         2026-05-06 19:38:01    -> Old size: 128x528 -> 128x528
[WARNING]      2026-05-06 19:38:01   Tileset Playerspace_tilemap2 remapping (image size changed)...
[FILE]         2026-05-06 19:38:01    -> Reload result: Ok
[FILE]         2026-05-06 19:38:01    -> pixelData: Ok
[EVENT]        2026-05-06 19:38:01   TilesetImageLoaded
[FILE]         2026-05-06 19:38:01   Reloading tileset: Background_tilemap path=../sprites/environment/background_tilemap.png
[FILE]         2026-05-06 19:38:01   Loading atlas image: ../sprites/environment/background_tilemap.png...
[CACHE]        2026-05-06 19:38:01   Caching image ../sprites/environment/background_tilemap.png...
[CACHE]        2026-05-06 19:38:01    -> identified as Png
[CACHE]        2026-05-06 19:38:01    -> base64 2876
[CACHE]        2026-05-06 19:38:01    -> pixels 128x440
[FILE]         2026-05-06 19:38:01    -> Loaded 2155 bytes.
[FILE]         2026-05-06 19:38:01    -> Decoded 128x440 pixels.
[FILE]         2026-05-06 19:38:01    -> Old size: 128x440 -> 128x440
[WARNING]      2026-05-06 19:38:01   Tileset Background_tilemap remapping (image size changed)...
[FILE]         2026-05-06 19:38:01    -> Reload result: Ok
[FILE]         2026-05-06 19:38:01    -> pixelData: Ok
[EVENT]        2026-05-06 19:38:01   TilesetImageLoaded
[FILE]         2026-05-06 19:38:01   Reloading tileset: Midground_tilemap path=../sprites/environment/midground_tilemap.png
[FILE]         2026-05-06 19:38:01   Loading atlas image: ../sprites/environment/midground_tilemap.png...
[CACHE]        2026-05-06 19:38:01   Caching image ../sprites/environment/midground_tilemap.png...
[CACHE]        2026-05-06 19:38:01    -> identified as Png
[CACHE]        2026-05-06 19:38:01    -> base64 1720
[CACHE]        2026-05-06 19:38:01    -> pixels 128x440
[FILE]         2026-05-06 19:38:01    -> Loaded 1290 bytes.
[FILE]         2026-05-06 19:38:01    -> Decoded 128x440 pixels.
[FILE]         2026-05-06 19:38:01    -> Old size: 128x440 -> 128x440
[WARNING]      2026-05-06 19:38:01   Tileset Midground_tilemap remapping (image size changed)...
[FILE]         2026-05-06 19:38:01    -> Reload result: Ok
[FILE]         2026-05-06 19:38:01    -> pixelData: Ok
[EVENT]        2026-05-06 19:38:01   TilesetImageLoaded
[FILE]         2026-05-06 19:38:01   Reloading tileset: Props_tilemap_DEPRECATED path=../sprites/environment/props_tilemap.png
[FILE]         2026-05-06 19:38:01   Loading atlas image: ../sprites/environment/props_tilemap.png...
[CACHE]        2026-05-06 19:38:01   Caching image ../sprites/environment/props_tilemap.png...
[CACHE]        2026-05-06 19:38:01    -> identified as Png
[CACHE]        2026-05-06 19:38:01    -> base64 256
[CACHE]        2026-05-06 19:38:01    -> pixels 32x32
[FILE]         2026-05-06 19:38:01    -> Loaded 191 bytes.
[FILE]         2026-05-06 19:38:01    -> Decoded 32x32 pixels.
[FILE]         2026-05-06 19:38:01    -> Old size: 32x32 -> 32x32
[WARNING]      2026-05-06 19:38:01   Tileset Props_tilemap_DEPRECATED remapping (image size changed)...
[FILE]         2026-05-06 19:38:01    -> Reload result: Ok
[FILE]         2026-05-06 19:38:01    -> pixelData: Ok
[EVENT]        2026-05-06 19:38:01   TilesetImageLoaded
[FILE]         2026-05-06 19:38:01   Reloading tileset: Foreground_tilemap_DEPRECATED path=../sprites/environment/foreground_tilemap.png
[FILE]         2026-05-06 19:38:01   Loading atlas image: ../sprites/environment/foreground_tilemap.png...
[CACHE]        2026-05-06 19:38:01   Caching image ../sprites/environment/foreground_tilemap.png...
[CACHE]        2026-05-06 19:38:01    -> identified as Png
[CACHE]        2026-05-06 19:38:01    -> base64 1168
[CACHE]        2026-05-06 19:38:01    -> pixels 128x256
[FILE]         2026-05-06 19:38:01    -> Loaded 876 bytes.
[FILE]         2026-05-06 19:38:01    -> Decoded 128x256 pixels.
[FILE]         2026-05-06 19:38:01    -> Old size: 128x256 -> 128x256
[WARNING]      2026-05-06 19:38:01   Tileset Foreground_tilemap_DEPRECATED remapping (image size changed)...
[FILE]         2026-05-06 19:38:01    -> Reload result: Ok
[FILE]         2026-05-06 19:38:01    -> pixelData: Ok
[EVENT]        2026-05-06 19:38:01   TilesetImageLoaded
[FILE]         2026-05-06 19:38:01   Reloading tileset: Internal_Icons path=null
[FILE]         2026-05-06 19:38:01   Loading atlas image: LdtkIcons...
[FILE]         2026-05-06 19:38:01   Loading embed atlas LdtkIcons: /usr/share/ldtk/resources/app.asar/assets/embedAtlas/finalbossblues-icons_full_16.png ...
[FILE]         2026-05-06 19:38:01    -> Loaded 195310 bytes.
[FILE]         2026-05-06 19:38:01    -> Decoded 512x1024 pixels.
[FILE]         2026-05-06 19:38:01    -> Old size: 512x1024 -> 512x1024
[WARNING]      2026-05-06 19:38:01   Tileset Internal_Icons remapping (image size changed)...
[FILE]         2026-05-06 19:38:01    -> Reload result: Ok
[FILE]         2026-05-06 19:38:01    -> pixelData: Ok
[EVENT]        2026-05-06 19:38:01   TilesetImageLoaded
[EVENT]        2026-05-06 19:38:01   ProjectSelected
[WARNING]      2026-05-06 19:38:01   Full level render requested
[RENDER]       2026-05-06 19:38:01   Rendering all world...
[RENDER]       2026-05-06 19:38:01   Rendering world bg...
[RENDER]       2026-05-06 19:38:01   Rendering world bounds...
[FILE]         2026-05-06 19:38:01   Watching file: /home/angrycompany16/gamedev/go/mask_of_the_tomb/assets/sprites/environment/playerspace_tilemap.png
[FILE]         2026-05-06 19:38:01   Watching file: /home/angrycompany16/gamedev/go/mask_of_the_tomb/assets/sprites/environment/background_tilemap.png
[FILE]         2026-05-06 19:38:01   Watching file: /home/angrycompany16/gamedev/go/mask_of_the_tomb/assets/sprites/environment/midground_tilemap.png
[FILE]         2026-05-06 19:38:01   Watching file: /home/angrycompany16/gamedev/go/mask_of_the_tomb/assets/sprites/environment/props_tilemap.png
[FILE]         2026-05-06 19:38:01   Watching file: /home/angrycompany16/gamedev/go/mask_of_the_tomb/assets/sprites/environment/foreground_tilemap.png
[RENDER]       2026-05-06 19:38:01   Rendering world level data.Level#9458e630-c210-11ef-b2e6-e91d01cdbe5e "Level_0"...
[RENDER]       2026-05-06 19:38:01   Rendering world level fields data.Level#9458e630-c210-11ef-b2e6-e91d01cdbe5e "Level_0"...
[RENDER]       2026-05-06 19:38:01   Rendered level UI
[RENDER]       2026-05-06 19:38:01   Rendering world bg...
[GENERAL]      2026-05-06 19:38:01   Progress completed: "world copy.ldtk: Project..." (0.8s)
[USERACTION]   2026-05-06 19:38:02   Opened panel #198 ui.modal.panel.WorldPanel
[FILE]         2026-05-06 19:38:02   Reading HTML template worldPanel from cache
[FILE]         2026-05-06 19:38:02   Reading HTML template levelInstanceForm from cache
[RENDER]       2026-05-06 19:38:02   Rendering world level data.Level#9458e630-c210-11ef-b2e6-e91d01cdbe5e "Level_0"...
[RENDER]       2026-05-06 19:38:02   Rendering world level fields data.Level#9458e630-c210-11ef-b2e6-e91d01cdbe5e "Level_0"...
[RENDER]       2026-05-06 19:38:02   Rendering world level fields data.Level#e1b36f30-1030-11f0-9400-498f42719145 "Level_1"...
[RENDER]       2026-05-06 19:38:02   Rendering world bg...
[RENDER]       2026-05-06 19:38:02   Rendering world level data.Level#e1b36f30-1030-11f0-9400-498f42719145 "Level_1"...
[RENDER]       2026-05-06 19:38:02   Rendering world level data.Level#3069e2d0-1030-11f0-9400-2955d25c8088 "Level_2"...
[RENDER]       2026-05-06 19:38:02   Rendering world level fields data.Level#3069e2d0-1030-11f0-9400-2955d25c8088 "Level_2"...
[RENDER]       2026-05-06 19:38:02   Rendering world level fields data.Level#3d974c90-1030-11f0-9400-e92418126557 "Level_3"...
[RENDER]       2026-05-06 19:38:02   Rendering world level fields data.Level#1e4af520-1030-11f0-af50-ff93dd65ce54 "Level_4"...
[RENDER]       2026-05-06 19:38:02   Rendering world level data.Level#3d974c90-1030-11f0-9400-e92418126557 "Level_3"...
[RENDER]       2026-05-06 19:38:02   Rendering world level fields data.Level#e041e9d0-1030-11f0-b12c-59992e246da5 "Level_5"...
[RENDER]       2026-05-06 19:38:02   Rendering world level fields data.Level#72fdb1f0-1030-11f0-b12c-0d473d78f427 "Level_6"...
[RENDER]       2026-05-06 19:38:03   Rendering world level data.Level#1e4af520-1030-11f0-af50-ff93dd65ce54 "Level_4"...
[RENDER]       2026-05-06 19:38:03   Rendering world level fields data.Level#d19c6990-1030-11f0-b12c-9f5692af9d93 "Level_7"...
[RENDER]       2026-05-06 19:38:03   Rendering world level fields data.Level#e52cfcd0-1030-11f0-b12c-fb81b8dc6f61 "Level_8"...
[RENDER]       2026-05-06 19:38:03   Rendering world level data.Level#e041e9d0-1030-11f0-b12c-59992e246da5 "Level_5"...
[RENDER]       2026-05-06 19:38:03   Rendering world level fields data.Level#d5ae6780-1030-11f0-996f-efbed2df7e2d "Level_9"...
[RENDER]       2026-05-06 19:38:03   Rendering world level fields data.Level#17922260-fa90-11f0-b873-2b970f47baa3 "Level_12"...
[RENDER]       2026-05-06 19:38:03   Rendering world level data.Level#72fdb1f0-1030-11f0-b12c-0d473d78f427 "Level_6"...
[RENDER]       2026-05-06 19:38:03   Rendering world level fields data.Level#86386280-1030-11f0-996f-3d5dc6593739 "Level_10"...
[RENDER]       2026-05-06 19:38:03   Rendering world level fields data.Level#e358dc00-fa90-11f0-9536-757f38ccabb1 "Level_13"...
[RENDER]       2026-05-06 19:38:03   Rendering world level data.Level#d19c6990-1030-11f0-b12c-9f5692af9d93 "Level_7"...
[RENDER]       2026-05-06 19:38:03   Rendering world level fields data.Level#cb3cd020-1030-11f0-996f-c1d1f3076de4 "Level_11"...
[RENDER]       2026-05-06 19:38:03   Rendering world level fields data.Level#f2c71810-21a0-11f1-b962-971e9169e768 "Level_14"...
[RENDER]       2026-05-06 19:38:03   Rendering world level data.Level#e52cfcd0-1030-11f0-b12c-fb81b8dc6f61 "Level_8"...
[RENDER]       2026-05-06 19:38:03   Rendering world level data.Level#d5ae6780-1030-11f0-996f-efbed2df7e2d "Level_9"...
[RENDER]       2026-05-06 19:38:03   Rendering world level data.Level#17922260-fa90-11f0-b873-2b970f47baa3 "Level_12"...
[RENDER]       2026-05-06 19:38:03   Rendering world level data.Level#86386280-1030-11f0-996f-3d5dc6593739 "Level_10"...
[RENDER]       2026-05-06 19:38:03   Rendering world level data.Level#e358dc00-fa90-11f0-9536-757f38ccabb1 "Level_13"...
[RENDER]       2026-05-06 19:38:03   Rendering world level data.Level#cb3cd020-1030-11f0-996f-c1d1f3076de4 "Level_11"...
[RENDER]       2026-05-06 19:38:03   Rendering world level data.Level#f2c71810-21a0-11f1-b962-971e9169e768 "Level_14"...
[RENDER]       2026-05-06 19:38:06   Rendering world bg...
[RENDER]       2026-05-06 19:38:06   Rendering world bg...
[RENDER]       2026-05-06 19:38:08   Rendering world bg...
[WARNING]      2026-05-06 19:38:09   Last chance for: World layout changed
[EVENT]        2026-05-06 19:38:09   WorldSettingsChanged
[EVENT]        2026-05-06 19:38:09   LevelJsonCacheInvalidated
[EVENT]        2026-05-06 19:38:09   LevelJsonCacheInvalidated
[EVENT]        2026-05-06 19:38:09   LevelJsonCacheInvalidated
[EVENT]        2026-05-06 19:38:09   LevelJsonCacheInvalidated
[EVENT]        2026-05-06 19:38:09   LevelJsonCacheInvalidated
[EVENT]        2026-05-06 19:38:09   LevelJsonCacheInvalidated
[EVENT]        2026-05-06 19:38:09   LevelJsonCacheInvalidated
[EVENT]        2026-05-06 19:38:09   LevelJsonCacheInvalidated
[EVENT]        2026-05-06 19:38:09   LevelJsonCacheInvalidated
[EVENT]        2026-05-06 19:38:09   LevelJsonCacheInvalidated
[EVENT]        2026-05-06 19:38:09   LevelJsonCacheInvalidated
[EVENT]        2026-05-06 19:38:09   LevelJsonCacheInvalidated
[EVENT]        2026-05-06 19:38:09   LevelJsonCacheInvalidated
[EVENT]        2026-05-06 19:38:09   LevelJsonCacheInvalidated
[EVENT]        2026-05-06 19:38:09   LevelJsonCacheInvalidated
[RENDER]       2026-05-06 19:38:09   Rendering world level data.Level#3069e2d0-1030-11f0-9400-2955d25c8088 "Level_2"...
[RENDER]       2026-05-06 19:38:09   Rendering world level fields data.Level#3069e2d0-1030-11f0-9400-2955d25c8088 "Level_2"...
[RENDER]       2026-05-06 19:38:09   Rendering world level fields data.Level#3d974c90-1030-11f0-9400-e92418126557 "Level_3"...
[RENDER]       2026-05-06 19:38:09   Rendering world level fields data.Level#1e4af520-1030-11f0-af50-ff93dd65ce54 "Level_4"...
[RENDER]       2026-05-06 19:38:09   Rendering world bg...
[RENDER]       2026-05-06 19:38:09   Rendering world level data.Level#9458e630-c210-11ef-b2e6-e91d01cdbe5e "Level_0"...
[RENDER]       2026-05-06 19:38:09   Rendering world level fields data.Level#9458e630-c210-11ef-b2e6-e91d01cdbe5e "Level_0"...
[RENDER]       2026-05-06 19:38:09   Rendering world level fields data.Level#e1b36f30-1030-11f0-9400-498f42719145 "Level_1"...
[RENDER]       2026-05-06 19:38:09   Rendering world level data.Level#e1b36f30-1030-11f0-9400-498f42719145 "Level_1"...
[RENDER]       2026-05-06 19:38:09   Rendering world level fields data.Level#e041e9d0-1030-11f0-b12c-59992e246da5 "Level_5"...
[RENDER]       2026-05-06 19:38:09   Rendering world level fields data.Level#72fdb1f0-1030-11f0-b12c-0d473d78f427 "Level_6"...
[RENDER]       2026-05-06 19:38:10   Rendering world level data.Level#3d974c90-1030-11f0-9400-e92418126557 "Level_3"...
[RENDER]       2026-05-06 19:38:10   Rendering world level fields data.Level#d19c6990-1030-11f0-b12c-9f5692af9d93 "Level_7"...
[RENDER]       2026-05-06 19:38:10   Rendering world level fields data.Level#e52cfcd0-1030-11f0-b12c-fb81b8dc6f61 "Level_8"...
[RENDER]       2026-05-06 19:38:10   Rendering world level data.Level#1e4af520-1030-11f0-af50-ff93dd65ce54 "Level_4"...
[RENDER]       2026-05-06 19:38:10   Rendering world level fields data.Level#d5ae6780-1030-11f0-996f-efbed2df7e2d "Level_9"...
[RENDER]       2026-05-06 19:38:10   Rendering world level fields data.Level#17922260-fa90-11f0-b873-2b970f47baa3 "Level_12"...
[RENDER]       2026-05-06 19:38:10   Rendering world level data.Level#e041e9d0-1030-11f0-b12c-59992e246da5 "Level_5"...
[RENDER]       2026-05-06 19:38:10   Rendering world level fields data.Level#86386280-1030-11f0-996f-3d5dc6593739 "Level_10"...
[RENDER]       2026-05-06 19:38:10   Rendering world level fields data.Level#e358dc00-fa90-11f0-9536-757f38ccabb1 "Level_13"...
[RENDER]       2026-05-06 19:38:10   Rendering world level data.Level#72fdb1f0-1030-11f0-b12c-0d473d78f427 "Level_6"...
[RENDER]       2026-05-06 19:38:10   Rendering world level fields data.Level#cb3cd020-1030-11f0-996f-c1d1f3076de4 "Level_11"...
[RENDER]       2026-05-06 19:38:10   Rendering world level fields data.Level#f2c71810-21a0-11f1-b962-971e9169e768 "Level_14"...
[RENDER]       2026-05-06 19:38:10   Rendering world bg...
[RENDER]       2026-05-06 19:38:10   Rendering world level data.Level#d19c6990-1030-11f0-b12c-9f5692af9d93 "Level_7"...
[RENDER]       2026-05-06 19:38:10   Rendering world level data.Level#e52cfcd0-1030-11f0-b12c-fb81b8dc6f61 "Level_8"...
[RENDER]       2026-05-06 19:38:10   Rendering world level data.Level#d5ae6780-1030-11f0-996f-efbed2df7e2d "Level_9"...
[RENDER]       2026-05-06 19:38:10   Rendering world level data.Level#17922260-fa90-11f0-b873-2b970f47baa3 "Level_12"...
[RENDER]       2026-05-06 19:38:10   Rendering world level data.Level#86386280-1030-11f0-996f-3d5dc6593739 "Level_10"...
[RENDER]       2026-05-06 19:38:10   Rendering world level data.Level#e358dc00-fa90-11f0-9536-757f38ccabb1 "Level_13"...
[RENDER]       2026-05-06 19:38:10   Rendering world level data.Level#cb3cd020-1030-11f0-996f-c1d1f3076de4 "Level_11"...
[RENDER]       2026-05-06 19:38:10   Rendering world level data.Level#f2c71810-21a0-11f1-b962-971e9169e768 "Level_14"...
[EVENT]        2026-05-06 19:38:12   LevelSelected 298
[USERACTION]   2026-05-06 19:38:12   Opened level data.Level#d5ae6780-1030-11f0-996f-efbed2df7e2d "Level_9"
[TIMELINE]     2026-05-06 19:38:12   Garbage collected level: #0
[RENDER]       2026-05-06 19:38:12   Rendering world level data.Level#e041e9d0-1030-11f0-b12c-59992e246da5 "Level_5"...
[RENDER]       2026-05-06 19:38:12   Rendering world level fields data.Level#d5ae6780-1030-11f0-996f-efbed2df7e2d "Level_9"...
[RENDER]       2026-05-06 19:38:12   Rendering world level data.Level#d5ae6780-1030-11f0-996f-efbed2df7e2d "Level_9"...
[RENDER]       2026-05-06 19:38:12   Rendering world level data.Level#17922260-fa90-11f0-b873-2b970f47baa3 "Level_12"...
[EVENT]        2026-05-06 19:38:12   LastChanceEnded
[RENDER]       2026-05-06 19:38:12   Rendering world level data.Level#86386280-1030-11f0-996f-3d5dc6593739 "Level_10"...
[RENDER]       2026-05-06 19:38:12   Rendering world level data.Level#cb3cd020-1030-11f0-996f-c1d1f3076de4 "Level_11"...
[EVENT]        2026-05-06 19:38:22   LevelResized 298
[EVENT]        2026-05-06 19:38:22   LevelJsonCacheInvalidated
[RENDER]       2026-05-06 19:38:22   Rendering world bounds...
[WARNING]      2026-05-06 19:38:22   All rules applied in LayerInst#113 "PlayerspaceAlt" [IntGrid]
[WARNING]      2026-05-06 19:38:22   All rules applied in LayerInst#28 "Playerspace" [IntGrid]
[WARNING]      2026-05-06 19:38:22   All rules applied in LayerInst#85 "BackgroundTiles" [IntGrid]
[WARNING]      2026-05-06 19:38:22   Full level render requested
[RENDER]       2026-05-06 19:38:22   Rendering world level data.Level#d5ae6780-1030-11f0-996f-efbed2df7e2d "Level_9"...
[RENDER]       2026-05-06 19:38:22   Rendering world level fields data.Level#d5ae6780-1030-11f0-996f-efbed2df7e2d "Level_9"...
[RENDER]       2026-05-06 19:38:22   Rendering world bg...
[EVENT]        2026-05-06 19:38:23   LevelSelected 298
[USERACTION]   2026-05-06 19:38:23   Opened level data.Level#d5ae6780-1030-11f0-996f-efbed2df7e2d "Level_9"
[USERACTION]   2026-05-06 19:38:23   Closed panel #198 ui.modal.panel.WorldPanel
[RENDER]       2026-05-06 19:38:23   Rendering world level data.Level#e041e9d0-1030-11f0-b12c-59992e246da5 "Level_5"...
[RENDER]       2026-05-06 19:38:23   Rendering world level fields data.Level#d5ae6780-1030-11f0-996f-efbed2df7e2d "Level_9"...
[WARNING]      2026-05-06 19:38:23   Full level render requested
[RENDER]       2026-05-06 19:38:23   Rendering world bg...
[RENDER]       2026-05-06 19:38:23   Rendering world level data.Level#d5ae6780-1030-11f0-996f-efbed2df7e2d "Level_9"...
[RENDER]       2026-05-06 19:38:23   Rendering world level data.Level#17922260-fa90-11f0-b873-2b970f47baa3 "Level_12"...
[RENDER]       2026-05-06 19:38:23   Rendering world level data.Level#86386280-1030-11f0-996f-3d5dc6593739 "Level_10"...
[RENDER]       2026-05-06 19:38:23   Rendering world level data.Level#cb3cd020-1030-11f0-996f-c1d1f3076de4 "Level_11"...
[SAVE]         2026-05-06 19:38:24   Preparing project saving: /home/angrycompany16/gamedev/go/mask_of_the_tomb/assets/LDTK/world copy.ldtk...
[CACHE]        2026-05-06 19:38:24   Garbaging unused image LdtkIcons_336_208_16_16...
[CACHE]        2026-05-06 19:38:24   Disposing cached image LdtkIcons_336_208_16_16...
[CACHE]        2026-05-06 19:38:24   Garbaging unused image LdtkIcons_336_176_16_16...
[CACHE]        2026-05-06 19:38:24   Disposing cached image LdtkIcons_336_176_16_16...
[CACHE]        2026-05-06 19:38:24   Garbaging unused image LdtkIcons_176_16_16_16...
[CACHE]        2026-05-06 19:38:24   Disposing cached image LdtkIcons_176_16_16_16...
[SAVE]         2026-05-06 19:38:24   => PreChecks...
[SAVE]         2026-05-06 19:38:24   => BeforeSavingActions...
[EVENT]        2026-05-06 19:38:24   BeforeProjectSaving
[SAVE]         2026-05-06 19:38:24   => AutoLayers...
[SAVE]         2026-05-06 19:38:24   => Backup...
[SAVE]         2026-05-06 19:38:24   Backing up /home/angrycompany16/gamedev/go/mask_of_the_tomb/assets/LDTK to /home/angrycompany16/gamedev/go/mask_of_the_tomb/assets/LDTK/world copy/backups/94589810-c210-11ef-b2e6-99619d5a4f10_2026-05-06_19-38-24...
[SAVE]         2026-05-06 19:38:24     Found 1 files.
[GENERAL]      2026-05-06 19:38:24   Progress created.
[RENDER]       2026-05-06 19:38:24   Rendering world bg...
[GENERAL]      2026-05-06 19:38:24   Progress started: : "Backup", 2 operation(s)
[GENERAL]      2026-05-06 19:38:24   Progress completed: "Backup" (0s)
[SAVE]         2026-05-06 19:38:24     Done!
[GENERAL]      2026-05-06 19:38:24   Progress created.
[RENDER]       2026-05-06 19:38:24   Rendering world bg...
[GENERAL]      2026-05-06 19:38:24   Progress started: : "Preparing levels...", 15 operation(s)
[GENERAL]      2026-05-06 19:38:24   Progress completed: "Preparing levels..." (0.3s)
[SAVE]         2026-05-06 19:38:24   => SavingMainFile...
[GENERAL]      2026-05-06 19:38:24   Progress created.
[RENDER]       2026-05-06 19:38:24   Rendering world bg...
[GENERAL]      2026-05-06 19:38:24   Progress started: : "Saving main file...", 2 operation(s)
[SAVE]         2026-05-06 19:38:24     Preparing SavingData...
[SAVE]         2026-05-06 19:38:24     Writing /home/angrycompany16/gamedev/go/mask_of_the_tomb/assets/LDTK/world copy.ldtk...
[GENERAL]      2026-05-06 19:38:24   Progress completed: "Saving main file..." (0.3s)
[FILE]         2026-05-06 19:38:24   Emptying dir /home/angrycompany16/gamedev/go/mask_of_the_tomb/assets/LDTK/world copy (onlyExts=[ldtkl])...
[SAVE]         2026-05-06 19:38:24   => Done...
[SAVE]         2026-05-06 19:38:24   Saving complete (world copy.ldtk)
[FILE]         2026-05-06 19:38:24   Saved "world copy.ldtk".
[EVENT]        2026-05-06 19:38:24   ProjectSaved
[RENDER]       2026-05-06 19:38:24   Rendering world bg...
[RENDER]       2026-05-06 19:38:24   Rendering world level fields data.Level#d5ae6780-1030-11f0-996f-efbed2df7e2d "Level_9"...
[USERACTION]   2026-05-06 19:38:25   Opened panel #233 ui.modal.panel.WorldPanel
[FILE]         2026-05-06 19:38:25   Reading HTML template worldPanel from cache
[FILE]         2026-05-06 19:38:25   Reading HTML template levelInstanceForm from cache
[RENDER]       2026-05-06 19:38:25   Rendering world bg...
[RENDER]       2026-05-06 19:38:25   Rendering world level fields data.Level#1e4af520-1030-11f0-af50-ff93dd65ce54 "Level_4"...
[RENDER]       2026-05-06 19:38:25   Rendering world level data.Level#e041e9d0-1030-11f0-b12c-59992e246da5 "Level_5"...
[RENDER]       2026-05-06 19:38:25   Rendering world level fields data.Level#e041e9d0-1030-11f0-b12c-59992e246da5 "Level_5"...
[RENDER]       2026-05-06 19:38:25   Rendering world level fields data.Level#e52cfcd0-1030-11f0-b12c-fb81b8dc6f61 "Level_8"...
[RENDER]       2026-05-06 19:38:25   Rendering world level fields data.Level#d5ae6780-1030-11f0-996f-efbed2df7e2d "Level_9"...
[RENDER]       2026-05-06 19:38:25   Rendering world level data.Level#d5ae6780-1030-11f0-996f-efbed2df7e2d "Level_9"...
[RENDER]       2026-05-06 19:38:25   Rendering world level fields data.Level#17922260-fa90-11f0-b873-2b970f47baa3 "Level_12"...
[RENDER]       2026-05-06 19:38:25   Rendering world level fields data.Level#86386280-1030-11f0-996f-3d5dc6593739 "Level_10"...
[RENDER]       2026-05-06 19:38:25   Rendering world level fields data.Level#e358dc00-fa90-11f0-9536-757f38ccabb1 "Level_13"...
[RENDER]       2026-05-06 19:38:25   Rendering world level fields data.Level#cb3cd020-1030-11f0-996f-c1d1f3076de4 "Level_11"...
[RENDER]       2026-05-06 19:38:25   Rendering world level data.Level#17922260-fa90-11f0-b873-2b970f47baa3 "Level_12"...
[RENDER]       2026-05-06 19:38:25   Rendering world level fields data.Level#f2c71810-21a0-11f1-b962-971e9169e768 "Level_14"...
[RENDER]       2026-05-06 19:38:25   Rendering world level data.Level#86386280-1030-11f0-996f-3d5dc6593739 "Level_10"...
[RENDER]       2026-05-06 19:38:26   Rendering world level data.Level#cb3cd020-1030-11f0-996f-c1d1f3076de4 "Level_11"...
[EVENT]        2026-05-06 19:38:26   LevelSelected 298
[USERACTION]   2026-05-06 19:38:26   Opened level data.Level#d5ae6780-1030-11f0-996f-efbed2df7e2d "Level_9"
[USERACTION]   2026-05-06 19:38:26   Closed panel #233 ui.modal.panel.WorldPanel
[WARNING]      2026-05-06 19:38:26   Full level render requested
[RENDER]       2026-05-06 19:38:26   Rendering world bg...
[RENDER]       2026-05-06 19:38:26   Rendering world level data.Level#e041e9d0-1030-11f0-b12c-59992e246da5 "Level_5"...
[RENDER]       2026-05-06 19:38:26   Rendering world level fields data.Level#d5ae6780-1030-11f0-996f-efbed2df7e2d "Level_9"...
[RENDER]       2026-05-06 19:38:26   Rendering world level data.Level#d5ae6780-1030-11f0-996f-efbed2df7e2d "Level_9"...
[RENDER]       2026-05-06 19:38:26   Rendering world level data.Level#17922260-fa90-11f0-b873-2b970f47baa3 "Level_12"...
[RENDER]       2026-05-06 19:38:26   Rendering world level data.Level#86386280-1030-11f0-996f-3d5dc6593739 "Level_10"...
[RENDER]       2026-05-06 19:38:26   Rendering world level data.Level#cb3cd020-1030-11f0-996f-c1d1f3076de4 "Level_11"...
[USERACTION]   2026-05-06 19:38:28   Opened panel #246 ui.modal.panel.WorldPanel
[FILE]         2026-05-06 19:38:28   Reading HTML template worldPanel from cache
[FILE]         2026-05-06 19:38:28   Reading HTML template levelInstanceForm from cache
[RENDER]       2026-05-06 19:38:28   Rendering world bg...
[RENDER]       2026-05-06 19:38:28   Rendering world level data.Level#e041e9d0-1030-11f0-b12c-59992e246da5 "Level_5"...
[RENDER]       2026-05-06 19:38:28   Rendering world level fields data.Level#d5ae6780-1030-11f0-996f-efbed2df7e2d "Level_9"...
[RENDER]       2026-05-06 19:38:28   Rendering world level data.Level#d5ae6780-1030-11f0-996f-efbed2df7e2d "Level_9"...
[RENDER]       2026-05-06 19:38:28   Rendering world level data.Level#17922260-fa90-11f0-b873-2b970f47baa3 "Level_12"...
[RENDER]       2026-05-06 19:38:29   Rendering world level data.Level#86386280-1030-11f0-996f-3d5dc6593739 "Level_10"...
[RENDER]       2026-05-06 19:38:29   Rendering world level data.Level#cb3cd020-1030-11f0-996f-c1d1f3076de4 "Level_11"...
[EVENT]        2026-05-06 19:38:35   LevelSettingsChanged 298
[EVENT]        2026-05-06 19:38:35   LevelJsonCacheInvalidated
[RENDER]       2026-05-06 19:38:35   Rendering world bounds...
[EVENT]        2026-05-06 19:38:35   WorldDepthSelected
[RENDER]       2026-05-06 19:38:35   Rendering world level data.Level#d5ae6780-1030-11f0-996f-efbed2df7e2d "Level_9"...
[RENDER]       2026-05-06 19:38:35   Rendering world level fields data.Level#d5ae6780-1030-11f0-996f-efbed2df7e2d "Level_9"...
[EVENT]        2026-05-06 19:38:36   LevelSettingsChanged 298
[RENDER]       2026-05-06 19:38:36   Rendering world bounds...
[EVENT]        2026-05-06 19:38:36   WorldDepthSelected
[RENDER]       2026-05-06 19:38:36   Rendering world level data.Level#d5ae6780-1030-11f0-996f-efbed2df7e2d "Level_9"...
[RENDER]       2026-05-06 19:38:36   Rendering world level fields data.Level#d5ae6780-1030-11f0-996f-efbed2df7e2d "Level_9"...
[RENDER]       2026-05-06 19:38:39   Rendering world bg...
[EVENT]        2026-05-06 19:38:41   LevelSelected 288
[USERACTION]   2026-05-06 19:38:41   Opened level data.Level#e041e9d0-1030-11f0-b12c-59992e246da5 "Level_5"
[RENDER]       2026-05-06 19:38:41   Rendered level UI
[RENDER]       2026-05-06 19:38:42   Rendering world level data.Level#1e4af520-1030-11f0-af50-ff93dd65ce54 "Level_4"...
[RENDER]       2026-05-06 19:38:42   Rendering world level fields data.Level#e041e9d0-1030-11f0-b12c-59992e246da5 "Level_5"...
[RENDER]       2026-05-06 19:38:42   Rendering world level data.Level#e041e9d0-1030-11f0-b12c-59992e246da5 "Level_5"...
[RENDER]       2026-05-06 19:38:42   Rendering world level data.Level#d5ae6780-1030-11f0-996f-efbed2df7e2d "Level_9"...
[RENDER]       2026-05-06 19:38:42   Rendering world level data.Level#86386280-1030-11f0-996f-3d5dc6593739 "Level_10"...
[RENDER]       2026-05-06 19:38:42   Rendering world level data.Level#cb3cd020-1030-11f0-996f-c1d1f3076de4 "Level_11"...
[EVENT]        2026-05-06 19:38:43   LevelSettingsChanged 288
[EVENT]        2026-05-06 19:38:43   LevelJsonCacheInvalidated
[RENDER]       2026-05-06 19:38:43   Rendering world bounds...
[EVENT]        2026-05-06 19:38:43   WorldDepthSelected
[RENDER]       2026-05-06 19:38:43   Rendering world level data.Level#e041e9d0-1030-11f0-b12c-59992e246da5 "Level_5"...
[RENDER]       2026-05-06 19:38:43   Rendering world level fields data.Level#e041e9d0-1030-11f0-b12c-59992e246da5 "Level_5"...
[EVENT]        2026-05-06 19:38:45   LevelSettingsChanged 288
[RENDER]       2026-05-06 19:38:45   Rendering world bounds...
[EVENT]        2026-05-06 19:38:45   WorldDepthSelected
[RENDER]       2026-05-06 19:38:45   Rendering world level data.Level#e041e9d0-1030-11f0-b12c-59992e246da5 "Level_5"...
[RENDER]       2026-05-06 19:38:45   Rendering world level fields data.Level#e041e9d0-1030-11f0-b12c-59992e246da5 "Level_5"...
[RENDER]       2026-05-06 19:38:50   Rendering world bg...
[RENDER]       2026-05-06 19:38:50   Rendering world bg...
[RENDER]       2026-05-06 19:38:56   Rendering world bg...
[RENDER]       2026-05-06 19:38:58   Rendering world bg...
[RENDER]       2026-05-06 19:38:58   Rendering world bg...
[RENDER]       2026-05-06 19:38:59   Rendering world bg...
[RENDER]       2026-05-06 19:38:59   Rendering world bg...
[RENDER]       2026-05-06 19:38:59   Rendering world bg...
[RENDER]       2026-05-06 19:39:00   Rendering world bg...
[RENDER]       2026-05-06 19:39:00   Rendering world bg...
[RENDER]       2026-05-06 19:39:01   Rendering world bg...
[RENDER]       2026-05-06 19:39:01   Rendering world bg...
[RENDER]       2026-05-06 19:39:01   Rendering world bg...
[RENDER]       2026-05-06 19:39:02   Rendering world bg...
[RENDER]       2026-05-06 19:39:02   Rendering world bg...
[RENDER]       2026-05-06 19:39:02   Rendering world bg...
[RENDER]       2026-05-06 19:39:02   Rendering world bg...
[RENDER]       2026-05-06 19:39:02   Rendering world bg...
[RENDER]       2026-05-06 19:39:02   Rendering world bg...
[RENDER]       2026-05-06 19:39:03   Rendering world bg...
[RENDER]       2026-05-06 19:39:03   Rendering world bg...
[EVENT]        2026-05-06 19:39:12   LevelSelected 298
[USERACTION]   2026-05-06 19:39:12   Opened level data.Level#d5ae6780-1030-11f0-996f-efbed2df7e2d "Level_9"
[TIMELINE]     2026-05-06 19:39:12   Garbage collected level: #288
[RENDER]       2026-05-06 19:39:12   Rendering world level data.Level#e041e9d0-1030-11f0-b12c-59992e246da5 "Level_5"...
[RENDER]       2026-05-06 19:39:12   Rendering world level fields data.Level#d5ae6780-1030-11f0-996f-efbed2df7e2d "Level_9"...
[RENDER]       2026-05-06 19:39:12   Rendering world level data.Level#d5ae6780-1030-11f0-996f-efbed2df7e2d "Level_9"...
[RENDER]       2026-05-06 19:39:12   Rendering world level data.Level#17922260-fa90-11f0-b873-2b970f47baa3 "Level_12"...
[RENDER]       2026-05-06 19:39:13   Rendering world level data.Level#86386280-1030-11f0-996f-3d5dc6593739 "Level_10"...
[RENDER]       2026-05-06 19:39:13   Rendering world level data.Level#cb3cd020-1030-11f0-996f-c1d1f3076de4 "Level_11"...
[RENDER]       2026-05-06 19:39:17   Rendering world bg...
[USERACTION]   2026-05-06 19:39:18   Closed panel #246 ui.modal.panel.WorldPanel
[RENDER]       2026-05-06 19:39:18   Rendering world level data.Level#e041e9d0-1030-11f0-b12c-59992e246da5 "Level_5"...
[RENDER]       2026-05-06 19:39:18   Rendering world level fields data.Level#d5ae6780-1030-11f0-996f-efbed2df7e2d "Level_9"...
[WARNING]      2026-05-06 19:39:18   Full level render requested
[RENDER]       2026-05-06 19:39:18   Rendering world bg...
[RENDER]       2026-05-06 19:39:18   Rendered level UI
[RENDER]       2026-05-06 19:39:18   Rendering world level data.Level#17922260-fa90-11f0-b873-2b970f47baa3 "Level_12"...
[RENDER]       2026-05-06 19:39:18   Rendering world level data.Level#86386280-1030-11f0-996f-3d5dc6593739 "Level_10"...
[RENDER]       2026-05-06 19:39:18   Rendering world level data.Level#cb3cd020-1030-11f0-996f-c1d1f3076de4 "Level_11"...
[RENDER]       2026-05-06 19:39:18   Rendering world bg...
[RENDER]       2026-05-06 19:39:18   Rendering world bg...
[USERACTION]   2026-05-06 19:39:20   Opened panel #283 ui.modal.panel.LevelInstancePanel
[FILE]         2026-05-06 19:39:20   Loading HTML template levelInstancePanel
[FILE]         2026-05-06 19:39:20   Reading HTML template levelInstanceForm from cache
[RENDER]       2026-05-06 19:39:20   Rendering world bg...
[RENDER]       2026-05-06 19:39:20   Rendering world bg...
[USERACTION]   2026-05-06 19:39:25   Closed panel #283 ui.modal.panel.LevelInstancePanel
[RENDER]       2026-05-06 19:39:45   Rendering world bg...
[RENDER]       2026-05-06 19:39:45   Rendering world bg...
[RENDER]       2026-05-06 19:39:46   Rendering world bg...
[RENDER]       2026-05-06 19:39:47   Rendering world bg...
[SAVE]         2026-05-06 19:39:49   Preparing project saving: /home/angrycompany16/gamedev/go/mask_of_the_tomb/assets/LDTK/world copy.ldtk...
[CACHE]        2026-05-06 19:39:49   Garbaging unused image LdtkIcons_336_208_16_16...
[CACHE]        2026-05-06 19:39:49   Disposing cached image LdtkIcons_336_208_16_16...
[CACHE]        2026-05-06 19:39:49   Garbaging unused image LdtkIcons_336_176_16_16...
[CACHE]        2026-05-06 19:39:49   Disposing cached image LdtkIcons_336_176_16_16...
[CACHE]        2026-05-06 19:39:49   Garbaging unused image LdtkIcons_176_16_16_16...
[CACHE]        2026-05-06 19:39:49   Disposing cached image LdtkIcons_176_16_16_16...
[SAVE]         2026-05-06 19:39:49   => PreChecks...
[SAVE]         2026-05-06 19:39:49   => BeforeSavingActions...
[EVENT]        2026-05-06 19:39:49   BeforeProjectSaving
[SAVE]         2026-05-06 19:39:49   => AutoLayers...
[SAVE]         2026-05-06 19:39:49   => Backup...
[SAVE]         2026-05-06 19:39:49   Backing up /home/angrycompany16/gamedev/go/mask_of_the_tomb/assets/LDTK to /home/angrycompany16/gamedev/go/mask_of_the_tomb/assets/LDTK/world copy/backups/94589810-c210-11ef-b2e6-99619d5a4f10_2026-05-06_19-39-49...
[SAVE]         2026-05-06 19:39:49     Found 1 files.
[GENERAL]      2026-05-06 19:39:49   Progress created.
[RENDER]       2026-05-06 19:39:49   Rendering world bg...
[GENERAL]      2026-05-06 19:39:49   Progress started: : "Backup", 2 operation(s)
[GENERAL]      2026-05-06 19:39:49   Progress completed: "Backup" (0s)
[SAVE]         2026-05-06 19:39:49     Done!
[GENERAL]      2026-05-06 19:39:49   Progress created.
[RENDER]       2026-05-06 19:39:49   Rendering world bg...
[GENERAL]      2026-05-06 19:39:49   Progress started: : "Preparing levels...", 15 operation(s)
[GENERAL]      2026-05-06 19:39:49   Progress completed: "Preparing levels..." (0.1s)
[SAVE]         2026-05-06 19:39:49   => SavingMainFile...
[GENERAL]      2026-05-06 19:39:49   Progress created.
[RENDER]       2026-05-06 19:39:49   Rendering world bg...
[GENERAL]      2026-05-06 19:39:49   Progress started: : "Saving main file...", 2 operation(s)
[SAVE]         2026-05-06 19:39:49     Preparing SavingData...
[SAVE]         2026-05-06 19:39:49     Writing /home/angrycompany16/gamedev/go/mask_of_the_tomb/assets/LDTK/world copy.ldtk...
[GENERAL]      2026-05-06 19:39:49   Progress completed: "Saving main file..." (0.4s)
[FILE]         2026-05-06 19:39:50   Emptying dir /home/angrycompany16/gamedev/go/mask_of_the_tomb/assets/LDTK/world copy (onlyExts=[ldtkl])...
[SAVE]         2026-05-06 19:39:50   => Done...
[SAVE]         2026-05-06 19:39:50   Saving complete (world copy.ldtk)
[FILE]         2026-05-06 19:39:50   Saved "world copy.ldtk".
[EVENT]        2026-05-06 19:39:50   ProjectSaved
[GENERAL]      2026-05-06 19:39:50   Page started: page.Home()
[FILE]         2026-05-06 19:39:50   Loading page template: home from /usr/share/ldtk/resources/app.asar/assets/tpl/pages/home.html
[DEBUG]        2026-05-06 19:39:50   samplesDir=/usr/share/ldtk/extraFiles/samples
[FILE]         2026-05-06 19:39:50   Cleared all file watches
[GENERAL]      2026-05-06 19:39:52   Progress created.
[GENERAL]      2026-05-06 19:39:52   Progress started: : "world.ldtk: Project...", 5 operation(s)
[LOAD]         2026-05-06 19:39:52   Loading project world.ldtk...
[LOAD]         2026-05-06 19:39:52     Project appBuildId=484725 appJsonVersion=1.5.3 jsonVersion=1.5.3
[LOAD]         2026-05-06 19:39:53   Loading complete.


[BOOT]         2026-05-10 00:17:28   App started
[BOOT]         2026-05-10 00:17:28   Version: 1.5.3-64bits (build 484725)
[BOOT]         2026-05-10 00:17:28   ExePath: /usr/share/ldtk
[BOOT]         2026-05-10 00:17:28   Assets: /usr/share/ldtk/resources/app.asar/assets
[BOOT]         2026-05-10 00:17:28   ExtraFiles: /usr/share/ldtk/extraFiles
[BOOT]         2026-05-10 00:17:28   CWD: /home/angrycompany16/
[BOOT]         2026-05-10 00:17:28   Display: 1920x1080
[BOOT]         2026-05-10 00:17:28   Args: soloValues=[], args=[]
[FILE]         2026-05-10 00:17:28   Loading settings from /home/angrycompany16/.config/LDtk/settings...
[BOOT]         2026-05-10 00:17:28   AppZoomFactor: 1
[UPDATE]       2026-05-10 00:17:28   Fetching latest version from GitHub...
[BOOT]         2026-05-10 00:17:28   Calling appReady...
[BOOT]         2026-05-10 00:17:29   Start args: path=null levelIndex=null
[BOOT]         2026-05-10 00:17:29   Loading Home...
[GENERAL]      2026-05-10 00:17:29   Page started: page.Home()
[FILE]         2026-05-10 00:17:29   Loading page template: home from /usr/share/ldtk/resources/app.asar/assets/tpl/pages/home.html
[DEBUG]        2026-05-10 00:17:29   samplesDir=/usr/share/ldtk/extraFiles/samples
[UPDATE]       2026-05-10 00:17:29   Found 1.5.3
[UPDATE]       2026-05-10 00:17:29   No new update.
[GENERAL]      2026-05-10 00:17:34   Progress created.
[GENERAL]      2026-05-10 00:17:35   Progress started: : "world.ldtk: Project...", 5 operation(s)
[LOAD]         2026-05-10 00:17:35   Loading project world.ldtk...
[LOAD]         2026-05-10 00:17:35     Project appBuildId=484725 appJsonVersion=1.5.3 jsonVersion=1.5.3
[LOAD]         2026-05-10 00:17:35   Loading complete.
[GENERAL]      2026-05-10 00:17:35   Page started: page.Editor()
[FILE]         2026-05-10 00:17:35   Loading page template: editor from /usr/share/ldtk/resources/app.asar/assets/tpl/pages/editor.html
[FILE]         2026-05-10 00:17:35   Cleared all file watches
[EVENT]        2026-05-10 00:17:35   LayerInstanceSelected 266
[FILE]         2026-05-10 00:17:35   Reloading tileset: Playerspace_tilemap2 path=../sprites/environment/playerspace_tilemap.png
[FILE]         2026-05-10 00:17:35   Loading atlas image: ../sprites/environment/playerspace_tilemap.png...
[CACHE]        2026-05-10 00:17:35   Caching image ../sprites/environment/playerspace_tilemap.png...
[CACHE]        2026-05-10 00:17:35    -> identified as Png
[CACHE]        2026-05-10 00:17:35    -> base64 17436
[CACHE]        2026-05-10 00:17:35    -> pixels 128x528
[FILE]         2026-05-10 00:17:35    -> Loaded 13077 bytes.
[FILE]         2026-05-10 00:17:35    -> Decoded 128x528 pixels.
[FILE]         2026-05-10 00:17:35    -> Old size: 128x528 -> 128x528
[WARNING]      2026-05-10 00:17:35   Tileset Playerspace_tilemap2 remapping (image size changed)...
[FILE]         2026-05-10 00:17:35    -> Reload result: Ok
[FILE]         2026-05-10 00:17:35    -> pixelData: Ok
[EVENT]        2026-05-10 00:17:35   TilesetImageLoaded
[FILE]         2026-05-10 00:17:35   Reloading tileset: Background_tilemap path=../sprites/environment/background_tilemap.png
[FILE]         2026-05-10 00:17:35   Loading atlas image: ../sprites/environment/background_tilemap.png...
[CACHE]        2026-05-10 00:17:35   Caching image ../sprites/environment/background_tilemap.png...
[CACHE]        2026-05-10 00:17:35    -> identified as Png
[CACHE]        2026-05-10 00:17:35    -> base64 2876
[CACHE]        2026-05-10 00:17:35    -> pixels 128x440
[FILE]         2026-05-10 00:17:35    -> Loaded 2155 bytes.
[FILE]         2026-05-10 00:17:35    -> Decoded 128x440 pixels.
[FILE]         2026-05-10 00:17:35    -> Old size: 128x440 -> 128x440
[WARNING]      2026-05-10 00:17:35   Tileset Background_tilemap remapping (image size changed)...
[FILE]         2026-05-10 00:17:35    -> Reload result: Ok
[FILE]         2026-05-10 00:17:35    -> pixelData: Ok
[EVENT]        2026-05-10 00:17:35   TilesetImageLoaded
[FILE]         2026-05-10 00:17:35   Reloading tileset: Midground_tilemap path=../sprites/environment/midground_tilemap.png
[FILE]         2026-05-10 00:17:35   Loading atlas image: ../sprites/environment/midground_tilemap.png...
[CACHE]        2026-05-10 00:17:35   Caching image ../sprites/environment/midground_tilemap.png...
[CACHE]        2026-05-10 00:17:35    -> identified as Png
[CACHE]        2026-05-10 00:17:35    -> base64 1720
[CACHE]        2026-05-10 00:17:35    -> pixels 128x440
[FILE]         2026-05-10 00:17:35    -> Loaded 1290 bytes.
[FILE]         2026-05-10 00:17:35    -> Decoded 128x440 pixels.
[FILE]         2026-05-10 00:17:35    -> Old size: 128x440 -> 128x440
[WARNING]      2026-05-10 00:17:35   Tileset Midground_tilemap remapping (image size changed)...
[FILE]         2026-05-10 00:17:35    -> Reload result: Ok
[FILE]         2026-05-10 00:17:35    -> pixelData: Ok
[EVENT]        2026-05-10 00:17:35   TilesetImageLoaded
[FILE]         2026-05-10 00:17:35   Reloading tileset: Props_tilemap_DEPRECATED path=../sprites/environment/props_tilemap.png
[FILE]         2026-05-10 00:17:35   Loading atlas image: ../sprites/environment/props_tilemap.png...
[CACHE]        2026-05-10 00:17:35   Caching image ../sprites/environment/props_tilemap.png...
[CACHE]        2026-05-10 00:17:35    -> identified as Png
[CACHE]        2026-05-10 00:17:35    -> base64 256
[CACHE]        2026-05-10 00:17:35    -> pixels 32x32
[FILE]         2026-05-10 00:17:35    -> Loaded 191 bytes.
[FILE]         2026-05-10 00:17:35    -> Decoded 32x32 pixels.
[FILE]         2026-05-10 00:17:35    -> Old size: 32x32 -> 32x32
[WARNING]      2026-05-10 00:17:35   Tileset Props_tilemap_DEPRECATED remapping (image size changed)...
[FILE]         2026-05-10 00:17:35    -> Reload result: Ok
[FILE]         2026-05-10 00:17:35    -> pixelData: Ok
[EVENT]        2026-05-10 00:17:35   TilesetImageLoaded
[FILE]         2026-05-10 00:17:35   Reloading tileset: Foreground_tilemap_DEPRECATED path=../sprites/environment/foreground_tilemap.png
[FILE]         2026-05-10 00:17:35   Loading atlas image: ../sprites/environment/foreground_tilemap.png...
[CACHE]        2026-05-10 00:17:35   Caching image ../sprites/environment/foreground_tilemap.png...
[CACHE]        2026-05-10 00:17:35    -> identified as Png
[CACHE]        2026-05-10 00:17:35    -> base64 1168
[CACHE]        2026-05-10 00:17:35    -> pixels 128x256
[FILE]         2026-05-10 00:17:35    -> Loaded 876 bytes.
[FILE]         2026-05-10 00:17:35    -> Decoded 128x256 pixels.
[FILE]         2026-05-10 00:17:35    -> Old size: 128x256 -> 128x256
[WARNING]      2026-05-10 00:17:35   Tileset Foreground_tilemap_DEPRECATED remapping (image size changed)...
[FILE]         2026-05-10 00:17:35    -> Reload result: Ok
[FILE]         2026-05-10 00:17:35    -> pixelData: Ok
[EVENT]        2026-05-10 00:17:35   TilesetImageLoaded
[FILE]         2026-05-10 00:17:35   Reloading tileset: Internal_Icons path=null
[FILE]         2026-05-10 00:17:35   Loading atlas image: LdtkIcons...
[FILE]         2026-05-10 00:17:35   Loading embed atlas LdtkIcons: /usr/share/ldtk/resources/app.asar/assets/embedAtlas/finalbossblues-icons_full_16.png ...
[FILE]         2026-05-10 00:17:35    -> Loaded 195310 bytes.
[FILE]         2026-05-10 00:17:35    -> Decoded 512x1024 pixels.
[FILE]         2026-05-10 00:17:35    -> Old size: 512x1024 -> 512x1024
[WARNING]      2026-05-10 00:17:35   Tileset Internal_Icons remapping (image size changed)...
[FILE]         2026-05-10 00:17:35    -> Reload result: Ok
[FILE]         2026-05-10 00:17:35    -> pixelData: Ok
[EVENT]        2026-05-10 00:17:35   TilesetImageLoaded
[EVENT]        2026-05-10 00:17:35   ProjectSelected
[WARNING]      2026-05-10 00:17:36   Full level render requested
[RENDER]       2026-05-10 00:17:36   Rendering all world...
[RENDER]       2026-05-10 00:17:36   Rendering world bg...
[RENDER]       2026-05-10 00:17:36   Rendering world bounds...
[FILE]         2026-05-10 00:17:36   Watching file: /home/angrycompany16/gamedev/go/mask_of_the_tomb/assets/sprites/environment/playerspace_tilemap.png
[FILE]         2026-05-10 00:17:36   Watching file: /home/angrycompany16/gamedev/go/mask_of_the_tomb/assets/sprites/environment/background_tilemap.png
[FILE]         2026-05-10 00:17:36   Watching file: /home/angrycompany16/gamedev/go/mask_of_the_tomb/assets/sprites/environment/midground_tilemap.png
[FILE]         2026-05-10 00:17:36   Watching file: /home/angrycompany16/gamedev/go/mask_of_the_tomb/assets/sprites/environment/props_tilemap.png
[FILE]         2026-05-10 00:17:36   Watching file: /home/angrycompany16/gamedev/go/mask_of_the_tomb/assets/sprites/environment/foreground_tilemap.png
[RENDER]       2026-05-10 00:17:36   Rendering world level data.Level#9458e630-c210-11ef-b2e6-e91d01cdbe5e "Level_0"...
[RENDER]       2026-05-10 00:17:36   Rendering world level fields data.Level#9458e630-c210-11ef-b2e6-e91d01cdbe5e "Level_0"...
[RENDER]       2026-05-10 00:17:36   Rendered level UI
[RENDER]       2026-05-10 00:17:36   Rendering world bg...
[GENERAL]      2026-05-10 00:17:36   Progress completed: "world.ldtk: Project..." (1.3s)
[USERACTION]   2026-05-10 00:17:37   Opened panel #22 ui.modal.panel.WorldPanel
[FILE]         2026-05-10 00:17:37   Loading HTML template worldPanel
[FILE]         2026-05-10 00:17:37   Loading HTML template levelInstanceForm
[RENDER]       2026-05-10 00:17:37   Rendering world level data.Level#9458e630-c210-11ef-b2e6-e91d01cdbe5e "Level_0"...
[RENDER]       2026-05-10 00:17:37   Rendering world level fields data.Level#9458e630-c210-11ef-b2e6-e91d01cdbe5e "Level_0"...
[RENDER]       2026-05-10 00:17:37   Rendering world bg...
[RENDER]       2026-05-10 00:17:37   Rendering world level data.Level#e1b36f30-1030-11f0-9400-498f42719145 "Level_1"...
[RENDER]       2026-05-10 00:17:37   Rendering world level fields data.Level#e1b36f30-1030-11f0-9400-498f42719145 "Level_1"...
[RENDER]       2026-05-10 00:17:37   Rendering world level data.Level#72fdb1f0-1030-11f0-b12c-0d473d78f427 "Level_6"...
[RENDER]       2026-05-10 00:17:37   Rendering world level fields data.Level#72fdb1f0-1030-11f0-b12c-0d473d78f427 "Level_6"...
[RENDER]       2026-05-10 00:17:42   Rendering world bg...
[RENDER]       2026-05-10 00:17:42   Rendering world bg...
[RENDER]       2026-05-10 00:17:43   Rendering world level data.Level#3069e2d0-1030-11f0-9400-2955d25c8088 "Level_2"...
[RENDER]       2026-05-10 00:17:43   Rendering world level fields data.Level#3069e2d0-1030-11f0-9400-2955d25c8088 "Level_2"...
[RENDER]       2026-05-10 00:17:43   Rendering world level data.Level#3d974c90-1030-11f0-9400-e92418126557 "Level_3"...
[RENDER]       2026-05-10 00:17:43   Rendering world level fields data.Level#3d974c90-1030-11f0-9400-e92418126557 "Level_3"...
[RENDER]       2026-05-10 00:17:43   Rendering world level fields data.Level#d19c6990-1030-11f0-b12c-9f5692af9d93 "Level_7"...
[RENDER]       2026-05-10 00:17:44   Rendering world level data.Level#1e4af520-1030-11f0-af50-ff93dd65ce54 "Level_4"...
[RENDER]       2026-05-10 00:17:44   Rendering world level fields data.Level#1e4af520-1030-11f0-af50-ff93dd65ce54 "Level_4"...
[RENDER]       2026-05-10 00:17:44   Rendering world level fields data.Level#e041e9d0-1030-11f0-b12c-59992e246da5 "Level_5"...
[RENDER]       2026-05-10 00:17:44   Rendering world level fields data.Level#e52cfcd0-1030-11f0-b12c-fb81b8dc6f61 "Level_8"...
[RENDER]       2026-05-10 00:17:44   Rendering world level data.Level#e041e9d0-1030-11f0-b12c-59992e246da5 "Level_5"...
[RENDER]       2026-05-10 00:17:44   Rendering world level fields data.Level#d5ae6780-1030-11f0-996f-efbed2df7e2d "Level_9"...
[RENDER]       2026-05-10 00:17:44   Rendering world level fields data.Level#86386280-1030-11f0-996f-3d5dc6593739 "Level_10"...
[RENDER]       2026-05-10 00:17:44   Rendering world level data.Level#d19c6990-1030-11f0-b12c-9f5692af9d93 "Level_7"...
[RENDER]       2026-05-10 00:17:44   Rendering world level fields data.Level#e358dc00-fa90-11f0-9536-757f38ccabb1 "Level_13"...
[RENDER]       2026-05-10 00:17:44   Rendering world level fields data.Level#cb3cd020-1030-11f0-996f-c1d1f3076de4 "Level_11"...
[RENDER]       2026-05-10 00:17:44   Rendering world level data.Level#e52cfcd0-1030-11f0-b12c-fb81b8dc6f61 "Level_8"...
[RENDER]       2026-05-10 00:17:44   Rendering world level fields data.Level#f2c71810-21a0-11f1-b962-971e9169e768 "Level_14"...
[RENDER]       2026-05-10 00:17:44   Rendering world level fields data.Level#bb093bd0-48b0-11f1-a703-bdb8256142e5 "Level_15"...
[RENDER]       2026-05-10 00:17:44   Rendering world level data.Level#d5ae6780-1030-11f0-996f-efbed2df7e2d "Level_9"...
[RENDER]       2026-05-10 00:17:44   Rendering world level data.Level#86386280-1030-11f0-996f-3d5dc6593739 "Level_10"...
[RENDER]       2026-05-10 00:17:44   Rendering world level data.Level#e358dc00-fa90-11f0-9536-757f38ccabb1 "Level_13"...
[RENDER]       2026-05-10 00:17:44   Rendering world level data.Level#cb3cd020-1030-11f0-996f-c1d1f3076de4 "Level_11"...
[RENDER]       2026-05-10 00:17:44   Rendering world level data.Level#f2c71810-21a0-11f1-b962-971e9169e768 "Level_14"...
[RENDER]       2026-05-10 00:17:44   Rendering world level data.Level#bb093bd0-48b0-11f1-a703-bdb8256142e5 "Level_15"...
[RENDER]       2026-05-10 00:17:45   Rendering world level data.Level#17922260-fa90-11f0-b873-2b970f47baa3 "Level_12"...
[RENDER]       2026-05-10 00:17:45   Rendering world level fields data.Level#17922260-fa90-11f0-b873-2b970f47baa3 "Level_12"...
[RENDER]       2026-05-10 00:17:45   Rendering world level fields data.Level#aeae20c0-48b0-11f1-a703-dfcfcea05a20 "Level_16"...
[RENDER]       2026-05-10 00:17:45   Rendering world level data.Level#aeae20c0-48b0-11f1-a703-dfcfcea05a20 "Level_16"...
[EVENT]        2026-05-10 00:17:47   LevelSelected 298
[USERACTION]   2026-05-10 00:17:47   Opened level data.Level#d5ae6780-1030-11f0-996f-efbed2df7e2d "Level_9"
[TIMELINE]     2026-05-10 00:17:47   Garbage collected level: #0
[RENDER]       2026-05-10 00:17:47   Rendering world level data.Level#e041e9d0-1030-11f0-b12c-59992e246da5 "Level_5"...
[RENDER]       2026-05-10 00:17:47   Rendering world level fields data.Level#d5ae6780-1030-11f0-996f-efbed2df7e2d "Level_9"...
[RENDER]       2026-05-10 00:17:47   Rendering world level data.Level#d5ae6780-1030-11f0-996f-efbed2df7e2d "Level_9"...
[RENDER]       2026-05-10 00:17:47   Rendering world level data.Level#17922260-fa90-11f0-b873-2b970f47baa3 "Level_12"...
[RENDER]       2026-05-10 00:17:47   Rendering world level data.Level#86386280-1030-11f0-996f-3d5dc6593739 "Level_10"...
[RENDER]       2026-05-10 00:17:47   Rendering world level data.Level#cb3cd020-1030-11f0-996f-c1d1f3076de4 "Level_11"...
[EVENT]        2026-05-10 00:17:48   LevelSelected 288
[USERACTION]   2026-05-10 00:17:48   Opened level data.Level#e041e9d0-1030-11f0-b12c-59992e246da5 "Level_5"
[WARNING]      2026-05-10 00:17:48   Full level render requested
[TIMELINE]     2026-05-10 00:17:48   Garbage collected level: #298
[RENDER]       2026-05-10 00:17:48   Rendering world bg...
[RENDER]       2026-05-10 00:17:48   Rendering world level data.Level#3d974c90-1030-11f0-9400-e92418126557 "Level_3"...
[RENDER]       2026-05-10 00:17:48   Rendering world level fields data.Level#e041e9d0-1030-11f0-b12c-59992e246da5 "Level_5"...
[RENDER]       2026-05-10 00:17:48   Rendering world level data.Level#1e4af520-1030-11f0-af50-ff93dd65ce54 "Level_4"...
[RENDER]       2026-05-10 00:17:48   Rendering world level data.Level#e041e9d0-1030-11f0-b12c-59992e246da5 "Level_5"...
[RENDER]       2026-05-10 00:17:48   Rendering world level data.Level#d5ae6780-1030-11f0-996f-efbed2df7e2d "Level_9"...
[RENDER]       2026-05-10 00:17:48   Rendering world level data.Level#86386280-1030-11f0-996f-3d5dc6593739 "Level_10"...
[RENDER]       2026-05-10 00:17:49   Rendering world level data.Level#cb3cd020-1030-11f0-996f-c1d1f3076de4 "Level_11"...
[EVENT]        2026-05-10 00:17:49   LevelSelected 366
[USERACTION]   2026-05-10 00:17:49   Opened level data.Level#cb3cd020-1030-11f0-996f-c1d1f3076de4 "Level_11"
[WARNING]      2026-05-10 00:17:49   Full level render requested
[TIMELINE]     2026-05-10 00:17:49   Garbage collected level: #288
[RENDER]       2026-05-10 00:17:49   Rendering world bg...
[RENDER]       2026-05-10 00:17:49   Rendering world level data.Level#3d974c90-1030-11f0-9400-e92418126557 "Level_3"...
[RENDER]       2026-05-10 00:17:49   Rendering world level fields data.Level#cb3cd020-1030-11f0-996f-c1d1f3076de4 "Level_11"...
[RENDER]       2026-05-10 00:17:49   Rendering world level data.Level#e041e9d0-1030-11f0-b12c-59992e246da5 "Level_5"...
[RENDER]       2026-05-10 00:17:49   Rendering world level data.Level#d5ae6780-1030-11f0-996f-efbed2df7e2d "Level_9"...
[RENDER]       2026-05-10 00:17:49   Rendering world level data.Level#86386280-1030-11f0-996f-3d5dc6593739 "Level_10"...
[RENDER]       2026-05-10 00:17:49   Rendering world level data.Level#cb3cd020-1030-11f0-996f-c1d1f3076de4 "Level_11"...
[RENDER]       2026-05-10 00:17:49   Rendering world level data.Level#f2c71810-21a0-11f1-b962-971e9169e768 "Level_14"...
[EVENT]        2026-05-10 00:17:49   LevelSelected 332
[USERACTION]   2026-05-10 00:17:49   Opened level data.Level#86386280-1030-11f0-996f-3d5dc6593739 "Level_10"
[WARNING]      2026-05-10 00:17:49   Full level render requested
[TIMELINE]     2026-05-10 00:17:49   Garbage collected level: #366
[RENDER]       2026-05-10 00:17:49   Rendering world level data.Level#e041e9d0-1030-11f0-b12c-59992e246da5 "Level_5"...
[RENDER]       2026-05-10 00:17:49   Rendering world level fields data.Level#86386280-1030-11f0-996f-3d5dc6593739 "Level_10"...
[RENDER]       2026-05-10 00:17:49   Rendering world bg...
[RENDER]       2026-05-10 00:17:49   Rendering world level data.Level#d5ae6780-1030-11f0-996f-efbed2df7e2d "Level_9"...
[RENDER]       2026-05-10 00:17:49   Rendering world level data.Level#17922260-fa90-11f0-b873-2b970f47baa3 "Level_12"...
[RENDER]       2026-05-10 00:17:50   Rendering world level data.Level#86386280-1030-11f0-996f-3d5dc6593739 "Level_10"...
[RENDER]       2026-05-10 00:17:50   Rendering world level data.Level#cb3cd020-1030-11f0-996f-c1d1f3076de4 "Level_11"...
[RENDER]       2026-05-10 00:17:50   Rendering world level data.Level#f2c71810-21a0-11f1-b962-971e9169e768 "Level_14"...
[RENDER]       2026-05-10 00:17:50   Rendering world level data.Level#bb093bd0-48b0-11f1-a703-bdb8256142e5 "Level_15"...
[RENDER]       2026-05-10 00:17:50   Rendering world level data.Level#aeae20c0-48b0-11f1-a703-dfcfcea05a20 "Level_16"...
[EVENT]        2026-05-10 00:17:50   LevelSelected 476
[USERACTION]   2026-05-10 00:17:50   Opened level data.Level#bb093bd0-48b0-11f1-a703-bdb8256142e5 "Level_15"
[WARNING]      2026-05-10 00:17:50   Full level render requested
[TIMELINE]     2026-05-10 00:17:50   Garbage collected level: #332
[RENDER]       2026-05-10 00:17:50   Rendering world bg...
[RENDER]       2026-05-10 00:17:50   Rendering world level data.Level#17922260-fa90-11f0-b873-2b970f47baa3 "Level_12"...
[RENDER]       2026-05-10 00:17:50   Rendering world level fields data.Level#bb093bd0-48b0-11f1-a703-bdb8256142e5 "Level_15"...
[RENDER]       2026-05-10 00:17:50   Rendering world level data.Level#86386280-1030-11f0-996f-3d5dc6593739 "Level_10"...
[RENDER]       2026-05-10 00:17:50   Rendering world level data.Level#cb3cd020-1030-11f0-996f-c1d1f3076de4 "Level_11"...
[RENDER]       2026-05-10 00:17:50   Rendering world level data.Level#f2c71810-21a0-11f1-b962-971e9169e768 "Level_14"...
[RENDER]       2026-05-10 00:17:50   Rendering world level data.Level#bb093bd0-48b0-11f1-a703-bdb8256142e5 "Level_15"...
[RENDER]       2026-05-10 00:17:51   Rendering world level data.Level#aeae20c0-48b0-11f1-a703-dfcfcea05a20 "Level_16"...
[EVENT]        2026-05-10 00:17:51   LevelSelected 379
[USERACTION]   2026-05-10 00:17:51   Opened level data.Level#f2c71810-21a0-11f1-b962-971e9169e768 "Level_14"
[WARNING]      2026-05-10 00:17:51   Full level render requested
[TIMELINE]     2026-05-10 00:17:51   Garbage collected level: #476
[RENDER]       2026-05-10 00:17:51   Rendering world level data.Level#86386280-1030-11f0-996f-3d5dc6593739 "Level_10"...
[RENDER]       2026-05-10 00:17:51   Rendering world level fields data.Level#f2c71810-21a0-11f1-b962-971e9169e768 "Level_14"...
[RENDER]       2026-05-10 00:17:51   Rendering world level data.Level#cb3cd020-1030-11f0-996f-c1d1f3076de4 "Level_11"...
[RENDER]       2026-05-10 00:17:51   Rendering world level data.Level#f2c71810-21a0-11f1-b962-971e9169e768 "Level_14"...
[RENDER]       2026-05-10 00:17:51   Rendering world level data.Level#bb093bd0-48b0-11f1-a703-bdb8256142e5 "Level_15"...
[EVENT]        2026-05-10 00:17:52   LevelSelected 477
[USERACTION]   2026-05-10 00:17:52   Opened level data.Level#aeae20c0-48b0-11f1-a703-dfcfcea05a20 "Level_16"
[WARNING]      2026-05-10 00:17:52   Full level render requested
[TIMELINE]     2026-05-10 00:17:52   Garbage collected level: #379
[RENDER]       2026-05-10 00:17:52   Rendering world bg...
[RENDER]       2026-05-10 00:17:52   Rendering world level data.Level#17922260-fa90-11f0-b873-2b970f47baa3 "Level_12"...
[RENDER]       2026-05-10 00:17:52   Rendering world level fields data.Level#aeae20c0-48b0-11f1-a703-dfcfcea05a20 "Level_16"...
[RENDER]       2026-05-10 00:17:52   Rendering world level data.Level#86386280-1030-11f0-996f-3d5dc6593739 "Level_10"...
[RENDER]       2026-05-10 00:17:52   Rendering world level data.Level#f2c71810-21a0-11f1-b962-971e9169e768 "Level_14"...
[RENDER]       2026-05-10 00:17:52   Rendering world level data.Level#bb093bd0-48b0-11f1-a703-bdb8256142e5 "Level_15"...
[RENDER]       2026-05-10 00:17:52   Rendering world level data.Level#aeae20c0-48b0-11f1-a703-dfcfcea05a20 "Level_16"...
[EVENT]        2026-05-10 00:17:52   LevelSelected 330
[USERACTION]   2026-05-10 00:17:52   Opened level data.Level#17922260-fa90-11f0-b873-2b970f47baa3 "Level_12"
[WARNING]      2026-05-10 00:17:52   Full level render requested
[TIMELINE]     2026-05-10 00:17:52   Garbage collected level: #477
[RENDER]       2026-05-10 00:17:52   Rendering world bg...
[RENDER]       2026-05-10 00:17:52   Rendering world level data.Level#d5ae6780-1030-11f0-996f-efbed2df7e2d "Level_9"...
[RENDER]       2026-05-10 00:17:52   Rendering world level fields data.Level#17922260-fa90-11f0-b873-2b970f47baa3 "Level_12"...
[RENDER]       2026-05-10 00:17:53   Rendering world level data.Level#17922260-fa90-11f0-b873-2b970f47baa3 "Level_12"...
[RENDER]       2026-05-10 00:17:53   Rendering world level data.Level#86386280-1030-11f0-996f-3d5dc6593739 "Level_10"...
[RENDER]       2026-05-10 00:17:53   Rendering world level data.Level#bb093bd0-48b0-11f1-a703-bdb8256142e5 "Level_15"...
[RENDER]       2026-05-10 00:17:53   Rendering world level data.Level#aeae20c0-48b0-11f1-a703-dfcfcea05a20 "Level_16"...
[EVENT]        2026-05-10 00:17:53   LevelSelected 477
[USERACTION]   2026-05-10 00:17:53   Opened level data.Level#aeae20c0-48b0-11f1-a703-dfcfcea05a20 "Level_16"
[WARNING]      2026-05-10 00:17:53   Full level render requested
[TIMELINE]     2026-05-10 00:17:53   Garbage collected level: #330
[RENDER]       2026-05-10 00:17:53   Rendering world bg...
[RENDER]       2026-05-10 00:17:53   Rendering world level data.Level#17922260-fa90-11f0-b873-2b970f47baa3 "Level_12"...
[RENDER]       2026-05-10 00:17:53   Rendering world level fields data.Level#aeae20c0-48b0-11f1-a703-dfcfcea05a20 "Level_16"...
[RENDER]       2026-05-10 00:17:54   Rendering world level data.Level#86386280-1030-11f0-996f-3d5dc6593739 "Level_10"...
[RENDER]       2026-05-10 00:17:54   Rendering world level data.Level#bb093bd0-48b0-11f1-a703-bdb8256142e5 "Level_15"...
[RENDER]       2026-05-10 00:17:54   Rendering world level data.Level#aeae20c0-48b0-11f1-a703-dfcfcea05a20 "Level_16"...
[EVENT]        2026-05-10 00:17:55   LevelSelected 477
[USERACTION]   2026-05-10 00:17:55   Opened level data.Level#aeae20c0-48b0-11f1-a703-dfcfcea05a20 "Level_16"
[RENDER]       2026-05-10 00:17:55   Rendering world level data.Level#17922260-fa90-11f0-b873-2b970f47baa3 "Level_12"...
[RENDER]       2026-05-10 00:17:55   Rendering world level fields data.Level#aeae20c0-48b0-11f1-a703-dfcfcea05a20 "Level_16"...
[RENDER]       2026-05-10 00:17:55   Rendering world level data.Level#86386280-1030-11f0-996f-3d5dc6593739 "Level_10"...
[RENDER]       2026-05-10 00:17:55   Rendering world level data.Level#bb093bd0-48b0-11f1-a703-bdb8256142e5 "Level_15"...
[USERACTION]   2026-05-10 00:17:55   Closed panel #22 ui.modal.panel.WorldPanel
[WARNING]      2026-05-10 00:17:55   Full level render requested
[RENDER]       2026-05-10 00:17:55   Rendering world bg...
[RENDER]       2026-05-10 00:17:55   Rendering world level data.Level#17922260-fa90-11f0-b873-2b970f47baa3 "Level_12"...
[RENDER]       2026-05-10 00:17:55   Rendering world level fields data.Level#aeae20c0-48b0-11f1-a703-dfcfcea05a20 "Level_16"...
[RENDER]       2026-05-10 00:17:55   Rendering world level data.Level#86386280-1030-11f0-996f-3d5dc6593739 "Level_10"...
[RENDER]       2026-05-10 00:17:56   Rendering world level data.Level#bb093bd0-48b0-11f1-a703-bdb8256142e5 "Level_15"...
[RENDER]       2026-05-10 00:17:56   Rendering world level data.Level#aeae20c0-48b0-11f1-a703-dfcfcea05a20 "Level_16"...
[USERACTION]   2026-05-10 00:17:56   Opened panel #56 ui.modal.panel.WorldPanel
[FILE]         2026-05-10 00:17:57   Reading HTML template worldPanel from cache
[FILE]         2026-05-10 00:17:57   Reading HTML template levelInstanceForm from cache
[RENDER]       2026-05-10 00:17:57   Rendering world bg...
[RENDER]       2026-05-10 00:17:57   Rendering world level data.Level#17922260-fa90-11f0-b873-2b970f47baa3 "Level_12"...
[RENDER]       2026-05-10 00:17:57   Rendering world level fields data.Level#aeae20c0-48b0-11f1-a703-dfcfcea05a20 "Level_16"...
[RENDER]       2026-05-10 00:17:57   Rendering world level data.Level#9458e630-c210-11ef-b2e6-e91d01cdbe5e "Level_0"...
[RENDER]       2026-05-10 00:17:57   Rendering world level data.Level#86386280-1030-11f0-996f-3d5dc6593739 "Level_10"...
[RENDER]       2026-05-10 00:17:57   Rendering world level data.Level#bb093bd0-48b0-11f1-a703-bdb8256142e5 "Level_15"...
[RENDER]       2026-05-10 00:17:57   Rendering world level data.Level#aeae20c0-48b0-11f1-a703-dfcfcea05a20 "Level_16"...
[EVENT]        2026-05-10 00:18:00   LevelSelected 379
[USERACTION]   2026-05-10 00:18:00   Opened level data.Level#f2c71810-21a0-11f1-b962-971e9169e768 "Level_14"
[TIMELINE]     2026-05-10 00:18:00   Garbage collected level: #477
[RENDER]       2026-05-10 00:18:00   Rendering world level data.Level#86386280-1030-11f0-996f-3d5dc6593739 "Level_10"...
[RENDER]       2026-05-10 00:18:00   Rendering world level fields data.Level#f2c71810-21a0-11f1-b962-971e9169e768 "Level_14"...
[RENDER]       2026-05-10 00:18:00   Rendering world level data.Level#cb3cd020-1030-11f0-996f-c1d1f3076de4 "Level_11"...
[RENDER]       2026-05-10 00:18:00   Rendering world level data.Level#f2c71810-21a0-11f1-b962-971e9169e768 "Level_14"...
[RENDER]       2026-05-10 00:18:00   Rendering world level data.Level#bb093bd0-48b0-11f1-a703-bdb8256142e5 "Level_15"...
[RENDER]       2026-05-10 00:18:00   Rendering world level data.Level#aeae20c0-48b0-11f1-a703-dfcfcea05a20 "Level_16"...
[EVENT]        2026-05-10 00:18:00   LevelSelected 476
[USERACTION]   2026-05-10 00:18:00   Opened level data.Level#bb093bd0-48b0-11f1-a703-bdb8256142e5 "Level_15"
[WARNING]      2026-05-10 00:18:01   Full level render requested
[TIMELINE]     2026-05-10 00:18:01   Garbage collected level: #379
[RENDER]       2026-05-10 00:18:01   Rendering world bg...
[RENDER]       2026-05-10 00:18:01   Rendering world level data.Level#17922260-fa90-11f0-b873-2b970f47baa3 "Level_12"...
[RENDER]       2026-05-10 00:18:01   Rendering world level fields data.Level#bb093bd0-48b0-11f1-a703-bdb8256142e5 "Level_15"...
[RENDER]       2026-05-10 00:18:01   Rendering world level data.Level#86386280-1030-11f0-996f-3d5dc6593739 "Level_10"...
[RENDER]       2026-05-10 00:18:01   Rendering world level data.Level#cb3cd020-1030-11f0-996f-c1d1f3076de4 "Level_11"...
[RENDER]       2026-05-10 00:18:01   Rendering world level data.Level#f2c71810-21a0-11f1-b962-971e9169e768 "Level_14"...
[RENDER]       2026-05-10 00:18:01   Rendering world level data.Level#bb093bd0-48b0-11f1-a703-bdb8256142e5 "Level_15"...
[RENDER]       2026-05-10 00:18:01   Rendering world level data.Level#aeae20c0-48b0-11f1-a703-dfcfcea05a20 "Level_16"...
[RENDER]       2026-05-10 00:18:07   Rendering world bg...
[RENDER]       2026-05-10 00:18:07   Rendering world bg...
[SAVE]         2026-05-10 00:23:33   Preparing project saving: /home/angrycompany16/gamedev/go/mask_of_the_tomb/assets/LDTK/world.ldtk...
[CACHE]        2026-05-10 00:23:33   Garbaging unused image LdtkIcons_336_208_16_16...
[CACHE]        2026-05-10 00:23:33   Disposing cached image LdtkIcons_336_208_16_16...
[CACHE]        2026-05-10 00:23:33   Garbaging unused image LdtkIcons_336_176_16_16...
[CACHE]        2026-05-10 00:23:33   Disposing cached image LdtkIcons_336_176_16_16...
[CACHE]        2026-05-10 00:23:33   Garbaging unused image LdtkIcons_176_16_16_16...
[CACHE]        2026-05-10 00:23:33   Disposing cached image LdtkIcons_176_16_16_16...
[SAVE]         2026-05-10 00:23:33   => PreChecks...
[SAVE]         2026-05-10 00:23:33   => BeforeSavingActions...
[EVENT]        2026-05-10 00:23:33   BeforeProjectSaving
[SAVE]         2026-05-10 00:23:33   => AutoLayers...
[SAVE]         2026-05-10 00:23:33   => Backup...
[SAVE]         2026-05-10 00:23:33   Backing up /home/angrycompany16/gamedev/go/mask_of_the_tomb/assets/LDTK to /home/angrycompany16/gamedev/go/mask_of_the_tomb/assets/LDTK/world/backups/94589810-c210-11ef-b2e6-99619d5a4f10_2026-05-10_00-23-33...
[SAVE]         2026-05-10 00:23:33     Found 1 files.
[GENERAL]      2026-05-10 00:23:33   Progress created.
[RENDER]       2026-05-10 00:23:33   Rendering world bg...
[GENERAL]      2026-05-10 00:23:33   Progress started: : "Backup", 2 operation(s)
[SAVE]         2026-05-10 00:23:33   Removing older backup: 94589810-c210-11ef-b2e6-99619d5a4f10_2026-05-06_22-27-46
[GENERAL]      2026-05-10 00:23:33   Progress completed: "Backup" (0s)
[SAVE]         2026-05-10 00:23:33     Done!
[GENERAL]      2026-05-10 00:23:33   Progress created.
[RENDER]       2026-05-10 00:23:33   Rendering world bg...
[GENERAL]      2026-05-10 00:23:33   Progress started: : "Preparing levels...", 17 operation(s)
[GENERAL]      2026-05-10 00:23:33   Progress completed: "Preparing levels..." (0s)
[SAVE]         2026-05-10 00:23:33   => SavingMainFile...
[GENERAL]      2026-05-10 00:23:33   Progress created.
[RENDER]       2026-05-10 00:23:33   Rendering world bg...
[GENERAL]      2026-05-10 00:23:33   Progress started: : "Saving main file...", 2 operation(s)
[SAVE]         2026-05-10 00:23:33     Preparing SavingData...
[SAVE]         2026-05-10 00:23:33     Writing /home/angrycompany16/gamedev/go/mask_of_the_tomb/assets/LDTK/world.ldtk...
[GENERAL]      2026-05-10 00:23:33   Progress completed: "Saving main file..." (0.5s)
[FILE]         2026-05-10 00:23:33   Emptying dir /home/angrycompany16/gamedev/go/mask_of_the_tomb/assets/LDTK/world (onlyExts=[ldtkl])...
[SAVE]         2026-05-10 00:23:33   => Done...
[SAVE]         2026-05-10 00:23:33   Saving complete (world.ldtk)
[FILE]         2026-05-10 00:23:33   Saved "world.ldtk".
[EVENT]        2026-05-10 00:23:33   ProjectSaved
[RENDER]       2026-05-10 00:23:33   Rendering world bg...
[RENDER]       2026-05-10 00:23:33   Rendering world level fields data.Level#3d974c90-1030-11f0-9400-e92418126557 "Level_3"...
[RENDER]       2026-05-10 00:23:33   Rendering world level fields data.Level#1e4af520-1030-11f0-af50-ff93dd65ce54 "Level_4"...
[RENDER]       2026-05-10 00:23:33   Rendering world level fields data.Level#e041e9d0-1030-11f0-b12c-59992e246da5 "Level_5"...
[RENDER]       2026-05-10 00:23:34   Rendering world level fields data.Level#d19c6990-1030-11f0-b12c-9f5692af9d93 "Level_7"...
[RENDER]       2026-05-10 00:23:34   Rendering world level fields data.Level#d5ae6780-1030-11f0-996f-efbed2df7e2d "Level_9"...
[RENDER]       2026-05-10 00:23:34   Rendering world level fields data.Level#17922260-fa90-11f0-b873-2b970f47baa3 "Level_12"...
[RENDER]       2026-05-10 00:23:34   Rendering world level fields data.Level#86386280-1030-11f0-996f-3d5dc6593739 "Level_10"...
[RENDER]       2026-05-10 00:23:34   Rendering world level fields data.Level#cb3cd020-1030-11f0-996f-c1d1f3076de4 "Level_11"...
[RENDER]       2026-05-10 00:23:34   Rendering world level fields data.Level#f2c71810-21a0-11f1-b962-971e9169e768 "Level_14"...
[RENDER]       2026-05-10 00:23:34   Rendering world level fields data.Level#bb093bd0-48b0-11f1-a703-bdb8256142e5 "Level_15"...
[RENDER]       2026-05-10 00:23:34   Rendering world level fields data.Level#aeae20c0-48b0-11f1-a703-dfcfcea05a20 "Level_16"...
[GENERAL]      2026-05-10 00:23:34   Exiting.


[BOOT]         2026-05-10 00:29:30   App started
[BOOT]         2026-05-10 00:29:30   Version: 1.5.3-64bits (build 484725)
[BOOT]         2026-05-10 00:29:30   ExePath: /usr/share/ldtk
[BOOT]         2026-05-10 00:29:30   Assets: /usr/share/ldtk/resources/app.asar/assets
[BOOT]         2026-05-10 00:29:30   ExtraFiles: /usr/share/ldtk/extraFiles
[BOOT]         2026-05-10 00:29:30   CWD: /home/angrycompany16/
[BOOT]         2026-05-10 00:29:30   Display: 1920x1080
[BOOT]         2026-05-10 00:29:30   Args: soloValues=[], args=[]
[FILE]         2026-05-10 00:29:30   Loading settings from /home/angrycompany16/.config/LDtk/settings...
[BOOT]         2026-05-10 00:29:30   AppZoomFactor: 1
[UPDATE]       2026-05-10 00:29:30   Fetching latest version from GitHub...
[BOOT]         2026-05-10 00:29:30   Calling appReady...
[BOOT]         2026-05-10 00:29:30   Start args: path=null levelIndex=null
[BOOT]         2026-05-10 00:29:30   Loading Home...
[GENERAL]      2026-05-10 00:29:30   Page started: page.Home()
[FILE]         2026-05-10 00:29:30   Loading page template: home from /usr/share/ldtk/resources/app.asar/assets/tpl/pages/home.html
[DEBUG]        2026-05-10 00:29:30   samplesDir=/usr/share/ldtk/extraFiles/samples
[UPDATE]       2026-05-10 00:29:30   Found 1.5.3
[UPDATE]       2026-05-10 00:29:30   No new update.
[GENERAL]      2026-05-10 00:29:32   Progress created.
[GENERAL]      2026-05-10 00:29:32   Progress started: : "world.ldtk: Project...", 5 operation(s)
[LOAD]         2026-05-10 00:29:32   Loading project world.ldtk...
[LOAD]         2026-05-10 00:29:32     Project appBuildId=484725 appJsonVersion=1.5.3 jsonVersion=1.5.3
[LOAD]         2026-05-10 00:29:32   Loading complete.


[BOOT]         2026-05-24 11:42:32   App started
[BOOT]         2026-05-24 11:42:32   Version: 1.5.3-64bits (build 484725)
[BOOT]         2026-05-24 11:42:32   ExePath: /usr/share/ldtk
[BOOT]         2026-05-24 11:42:32   Assets: /usr/share/ldtk/resources/app.asar/assets
[BOOT]         2026-05-24 11:42:32   ExtraFiles: /usr/share/ldtk/extraFiles
[BOOT]         2026-05-24 11:42:32   CWD: /home/angrycompany16/
[BOOT]         2026-05-24 11:42:32   Display: 1920x1080
[BOOT]         2026-05-24 11:42:32   Args: soloValues=[], args=[]
[FILE]         2026-05-24 11:42:32   Loading settings from /home/angrycompany16/.config/LDtk/settings...
[BOOT]         2026-05-24 11:42:32   AppZoomFactor: 1
[UPDATE]       2026-05-24 11:42:32   Fetching latest version from GitHub...
[BOOT]         2026-05-24 11:42:32   Calling appReady...
[BOOT]         2026-05-24 11:42:32   Start args: path=null levelIndex=null
[BOOT]         2026-05-24 11:42:32   Loading Home...
[GENERAL]      2026-05-24 11:42:32   Page started: page.Home()
[FILE]         2026-05-24 11:42:32   Loading page template: home from /usr/share/ldtk/resources/app.asar/assets/tpl/pages/home.html
[DEBUG]        2026-05-24 11:42:32   samplesDir=/usr/share/ldtk/extraFiles/samples
[UPDATE]       2026-05-24 11:42:32   Found 1.5.3
[UPDATE]       2026-05-24 11:42:32   No new update.
[GENERAL]      2026-05-24 11:42:35   Progress created.
[GENERAL]      2026-05-24 11:42:35   Progress started: : "world.ldtk: Project...", 5 operation(s)
[LOAD]         2026-05-24 11:42:35   Loading project world.ldtk...
[LOAD]         2026-05-24 11:42:35     Project appBuildId=484725 appJsonVersion=1.5.3 jsonVersion=1.5.3
[LOAD]         2026-05-24 11:42:35   Loading complete.
[GENERAL]      2026-05-24 11:42:35   Page started: page.Editor()
[FILE]         2026-05-24 11:42:35   Loading page template: editor from /usr/share/ldtk/resources/app.asar/assets/tpl/pages/editor.html
[FILE]         2026-05-24 11:42:35   Cleared all file watches
[EVENT]        2026-05-24 11:42:35   LayerInstanceSelected 266
[FILE]         2026-05-24 11:42:35   Reloading tileset: Playerspace_tilemap2 path=../sprites/environment/playerspace_tilemap.png
[FILE]         2026-05-24 11:42:35   Loading atlas image: ../sprites/environment/playerspace_tilemap.png...
[CACHE]        2026-05-24 11:42:35   Caching image ../sprites/environment/playerspace_tilemap.png...
[CACHE]        2026-05-24 11:42:35    -> identified as Png
[CACHE]        2026-05-24 11:42:35    -> base64 19416
[CACHE]        2026-05-24 11:42:35    -> pixels 128x528
[FILE]         2026-05-24 11:42:35    -> Loaded 14560 bytes.
[FILE]         2026-05-24 11:42:35    -> Decoded 128x528 pixels.
[FILE]         2026-05-24 11:42:35    -> Old size: 128x528 -> 128x528
[WARNING]      2026-05-24 11:42:35   Tileset Playerspace_tilemap2 remapping (image size changed)...
[FILE]         2026-05-24 11:42:35    -> Reload result: Ok
[FILE]         2026-05-24 11:42:35    -> pixelData: Ok
[EVENT]        2026-05-24 11:42:35   TilesetImageLoaded
[FILE]         2026-05-24 11:42:35   Reloading tileset: Background_tilemap path=../sprites/environment/background_tilemap.png
[FILE]         2026-05-24 11:42:35   Loading atlas image: ../sprites/environment/background_tilemap.png...
[CACHE]        2026-05-24 11:42:35   Caching image ../sprites/environment/background_tilemap.png...
[CACHE]        2026-05-24 11:42:35    -> identified as Png
[CACHE]        2026-05-24 11:42:35    -> base64 2876
[CACHE]        2026-05-24 11:42:35    -> pixels 128x440
[FILE]         2026-05-24 11:42:35    -> Loaded 2155 bytes.
[FILE]         2026-05-24 11:42:35    -> Decoded 128x440 pixels.
[FILE]         2026-05-24 11:42:35    -> Old size: 128x440 -> 128x440
[WARNING]      2026-05-24 11:42:35   Tileset Background_tilemap remapping (image size changed)...
[FILE]         2026-05-24 11:42:35    -> Reload result: Ok
[FILE]         2026-05-24 11:42:35    -> pixelData: Ok
[EVENT]        2026-05-24 11:42:35   TilesetImageLoaded
[FILE]         2026-05-24 11:42:35   Reloading tileset: Midground_tilemap path=../sprites/environment/midground_tilemap.png
[FILE]         2026-05-24 11:42:35   Loading atlas image: ../sprites/environment/midground_tilemap.png...
[CACHE]        2026-05-24 11:42:35   Caching image ../sprites/environment/midground_tilemap.png...
[CACHE]        2026-05-24 11:42:35    -> identified as Png
[CACHE]        2026-05-24 11:42:35    -> base64 3612
[CACHE]        2026-05-24 11:42:35    -> pixels 128x440
[FILE]         2026-05-24 11:42:35    -> Loaded 2707 bytes.
[FILE]         2026-05-24 11:42:35    -> Decoded 128x440 pixels.
[FILE]         2026-05-24 11:42:35    -> Old size: 128x440 -> 128x440
[WARNING]      2026-05-24 11:42:35   Tileset Midground_tilemap remapping (image size changed)...
[FILE]         2026-05-24 11:42:35    -> Reload result: Ok
[FILE]         2026-05-24 11:42:35    -> pixelData: Ok
[EVENT]        2026-05-24 11:42:35   TilesetImageLoaded
[FILE]         2026-05-24 11:42:36   Reloading tileset: Props_tilemap_DEPRECATED path=../sprites/environment/props_tilemap.png
[FILE]         2026-05-24 11:42:36   Loading atlas image: ../sprites/environment/props_tilemap.png...
[CACHE]        2026-05-24 11:42:36   Caching image ../sprites/environment/props_tilemap.png...
[CACHE]        2026-05-24 11:42:36    -> identified as Png
[CACHE]        2026-05-24 11:42:36    -> base64 256
[CACHE]        2026-05-24 11:42:36    -> pixels 32x32
[FILE]         2026-05-24 11:42:36    -> Loaded 191 bytes.
[FILE]         2026-05-24 11:42:36    -> Decoded 32x32 pixels.
[FILE]         2026-05-24 11:42:36    -> Old size: 32x32 -> 32x32
[WARNING]      2026-05-24 11:42:36   Tileset Props_tilemap_DEPRECATED remapping (image size changed)...
[FILE]         2026-05-24 11:42:36    -> Reload result: Ok
[FILE]         2026-05-24 11:42:36    -> pixelData: Ok
[EVENT]        2026-05-24 11:42:36   TilesetImageLoaded
[FILE]         2026-05-24 11:42:36   Reloading tileset: Foreground_tilemap_DEPRECATED path=../sprites/environment/foreground_tilemap.png
[FILE]         2026-05-24 11:42:36   Loading atlas image: ../sprites/environment/foreground_tilemap.png...
[CACHE]        2026-05-24 11:42:36   Caching image ../sprites/environment/foreground_tilemap.png...
[CACHE]        2026-05-24 11:42:36    -> identified as Png
[CACHE]        2026-05-24 11:42:36    -> base64 1168
[CACHE]        2026-05-24 11:42:36    -> pixels 128x256
[FILE]         2026-05-24 11:42:36    -> Loaded 876 bytes.
[FILE]         2026-05-24 11:42:36    -> Decoded 128x256 pixels.
[FILE]         2026-05-24 11:42:36    -> Old size: 128x256 -> 128x256
[WARNING]      2026-05-24 11:42:36   Tileset Foreground_tilemap_DEPRECATED remapping (image size changed)...
[FILE]         2026-05-24 11:42:36    -> Reload result: Ok
[FILE]         2026-05-24 11:42:36    -> pixelData: Ok
[EVENT]        2026-05-24 11:42:36   TilesetImageLoaded
[FILE]         2026-05-24 11:42:36   Reloading tileset: Internal_Icons path=null
[FILE]         2026-05-24 11:42:36   Loading atlas image: LdtkIcons...
[FILE]         2026-05-24 11:42:36   Loading embed atlas LdtkIcons: /usr/share/ldtk/resources/app.asar/assets/embedAtlas/finalbossblues-icons_full_16.png ...
[FILE]         2026-05-24 11:42:36    -> Loaded 195310 bytes.
[FILE]         2026-05-24 11:42:36    -> Decoded 512x1024 pixels.
[FILE]         2026-05-24 11:42:36    -> Old size: 512x1024 -> 512x1024
[WARNING]      2026-05-24 11:42:36   Tileset Internal_Icons remapping (image size changed)...
[FILE]         2026-05-24 11:42:36    -> Reload result: Ok
[FILE]         2026-05-24 11:42:36    -> pixelData: Ok
[EVENT]        2026-05-24 11:42:36   TilesetImageLoaded
[EVENT]        2026-05-24 11:42:36   ProjectSelected
[WARNING]      2026-05-24 11:42:36   Full level render requested
[RENDER]       2026-05-24 11:42:36   Rendering all world...
[RENDER]       2026-05-24 11:42:36   Rendering world bg...
[RENDER]       2026-05-24 11:42:36   Rendering world bounds...
[FILE]         2026-05-24 11:42:36   Watching file: /home/angrycompany16/gamedev/go/mask_of_the_tomb/assets/sprites/environment/playerspace_tilemap.png
[FILE]         2026-05-24 11:42:36   Watching file: /home/angrycompany16/gamedev/go/mask_of_the_tomb/assets/sprites/environment/background_tilemap.png
[FILE]         2026-05-24 11:42:36   Watching file: /home/angrycompany16/gamedev/go/mask_of_the_tomb/assets/sprites/environment/midground_tilemap.png
[FILE]         2026-05-24 11:42:36   Watching file: /home/angrycompany16/gamedev/go/mask_of_the_tomb/assets/sprites/environment/props_tilemap.png
[FILE]         2026-05-24 11:42:36   Watching file: /home/angrycompany16/gamedev/go/mask_of_the_tomb/assets/sprites/environment/foreground_tilemap.png
[RENDER]       2026-05-24 11:42:36   Rendering world level data.Level#9458e630-c210-11ef-b2e6-e91d01cdbe5e "Level_0"...
[RENDER]       2026-05-24 11:42:36   Rendering world level fields data.Level#9458e630-c210-11ef-b2e6-e91d01cdbe5e "Level_0"...
[RENDER]       2026-05-24 11:42:36   Rendered level UI
[RENDER]       2026-05-24 11:42:36   Rendering world bg...
[GENERAL]      2026-05-24 11:42:36   Progress completed: "world.ldtk: Project..." (1.5s)
[USERACTION]   2026-05-24 11:42:37   Opened panel #22 ui.modal.panel.WorldPanel
[FILE]         2026-05-24 11:42:37   Loading HTML template worldPanel
[FILE]         2026-05-24 11:42:37   Loading HTML template levelInstanceForm
[RENDER]       2026-05-24 11:42:37   Rendering world bg...
[RENDER]       2026-05-24 11:42:37   Rendering world level data.Level#9458e630-c210-11ef-b2e6-e91d01cdbe5e "Level_0"...
[RENDER]       2026-05-24 11:42:37   Rendering world level fields data.Level#9458e630-c210-11ef-b2e6-e91d01cdbe5e "Level_0"...
[RENDER]       2026-05-24 11:42:38   Rendering world level data.Level#e1b36f30-1030-11f0-9400-498f42719145 "Level_1"...
[RENDER]       2026-05-24 11:42:38   Rendering world level fields data.Level#e1b36f30-1030-11f0-9400-498f42719145 "Level_1"...
[RENDER]       2026-05-24 11:42:38   Rendering world level fields data.Level#72fdb1f0-1030-11f0-b12c-0d473d78f427 "Level_6"...
[RENDER]       2026-05-24 11:42:38   Rendering world level data.Level#3069e2d0-1030-11f0-9400-2955d25c8088 "Level_2"...
[RENDER]       2026-05-24 11:42:38   Rendering world level fields data.Level#3069e2d0-1030-11f0-9400-2955d25c8088 "Level_2"...
[RENDER]       2026-05-24 11:42:38   Rendering world level data.Level#72fdb1f0-1030-11f0-b12c-0d473d78f427 "Level_6"...
[RENDER]       2026-05-24 11:42:39   Rendering world level data.Level#3d974c90-1030-11f0-9400-e92418126557 "Level_3"...
[RENDER]       2026-05-24 11:42:39   Rendering world level fields data.Level#3d974c90-1030-11f0-9400-e92418126557 "Level_3"...
[RENDER]       2026-05-24 11:42:39   Rendering world level fields data.Level#1e4af520-1030-11f0-af50-ff93dd65ce54 "Level_4"...
[RENDER]       2026-05-24 11:42:39   Rendering world level fields data.Level#e041e9d0-1030-11f0-b12c-59992e246da5 "Level_5"...
[RENDER]       2026-05-24 11:42:39   Rendering world level data.Level#1e4af520-1030-11f0-af50-ff93dd65ce54 "Level_4"...
[RENDER]       2026-05-24 11:42:39   Rendering world level fields data.Level#d19c6990-1030-11f0-b12c-9f5692af9d93 "Level_7"...
[RENDER]       2026-05-24 11:42:39   Rendering world level fields data.Level#e52cfcd0-1030-11f0-b12c-fb81b8dc6f61 "Level_8"...
[RENDER]       2026-05-24 11:42:39   Rendering world level data.Level#e041e9d0-1030-11f0-b12c-59992e246da5 "Level_5"...
[RENDER]       2026-05-24 11:42:39   Rendering world level fields data.Level#d5ae6780-1030-11f0-996f-efbed2df7e2d "Level_9"...
[RENDER]       2026-05-24 11:42:39   Rendering world level fields data.Level#86386280-1030-11f0-996f-3d5dc6593739 "Level_10"...
[RENDER]       2026-05-24 11:42:39   Rendering world level data.Level#d19c6990-1030-11f0-b12c-9f5692af9d93 "Level_7"...
[RENDER]       2026-05-24 11:42:39   Rendering world level fields data.Level#e358dc00-fa90-11f0-9536-757f38ccabb1 "Level_13"...
[RENDER]       2026-05-24 11:42:39   Rendering world level fields data.Level#cb3cd020-1030-11f0-996f-c1d1f3076de4 "Level_11"...
[RENDER]       2026-05-24 11:42:39   Rendering world level data.Level#e52cfcd0-1030-11f0-b12c-fb81b8dc6f61 "Level_8"...
[RENDER]       2026-05-24 11:42:39   Rendering world level fields data.Level#f2c71810-21a0-11f1-b962-971e9169e768 "Level_14"...
[RENDER]       2026-05-24 11:42:39   Rendering world level fields data.Level#bb093bd0-48b0-11f1-a703-bdb8256142e5 "Level_15"...
[RENDER]       2026-05-24 11:42:40   Rendering world level data.Level#d5ae6780-1030-11f0-996f-efbed2df7e2d "Level_9"...
[RENDER]       2026-05-24 11:42:40   Rendering world level data.Level#86386280-1030-11f0-996f-3d5dc6593739 "Level_10"...
[RENDER]       2026-05-24 11:42:40   Rendering world level data.Level#e358dc00-fa90-11f0-9536-757f38ccabb1 "Level_13"...
[RENDER]       2026-05-24 11:42:40   Rendering world level data.Level#cb3cd020-1030-11f0-996f-c1d1f3076de4 "Level_11"...
[RENDER]       2026-05-24 11:42:40   Rendering world level data.Level#f2c71810-21a0-11f1-b962-971e9169e768 "Level_14"...
[RENDER]       2026-05-24 11:42:40   Rendering world level data.Level#bb093bd0-48b0-11f1-a703-bdb8256142e5 "Level_15"...
[RENDER]       2026-05-24 11:42:43   Rendering world level data.Level#17922260-fa90-11f0-b873-2b970f47baa3 "Level_12"...
[RENDER]       2026-05-24 11:42:43   Rendering world level fields data.Level#17922260-fa90-11f0-b873-2b970f47baa3 "Level_12"...
[RENDER]       2026-05-24 11:42:43   Rendering world level fields data.Level#aeae20c0-48b0-11f1-a703-dfcfcea05a20 "Level_16"...
[RENDER]       2026-05-24 11:42:43   Rendering world level fields data.Level#f83af220-48b0-11f1-8b32-f3318e75656e "Level_17"...
[RENDER]       2026-05-24 11:42:43   Rendering world level data.Level#aeae20c0-48b0-11f1-a703-dfcfcea05a20 "Level_16"...
[RENDER]       2026-05-24 11:42:43   Rendering world level data.Level#f83af220-48b0-11f1-8b32-f3318e75656e "Level_17"...
[EVENT]        2026-05-24 11:42:48   LevelSelected 291
[USERACTION]   2026-05-24 11:42:48   Opened level data.Level#d19c6990-1030-11f0-b12c-9f5692af9d93 "Level_7"
[TIMELINE]     2026-05-24 11:42:49   Garbage collected level: #0
[RENDER]       2026-05-24 11:42:49   Rendering world level data.Level#3069e2d0-1030-11f0-9400-2955d25c8088 "Level_2"...
[RENDER]       2026-05-24 11:42:49   Rendering world level fields data.Level#d19c6990-1030-11f0-b12c-9f5692af9d93 "Level_7"...
[RENDER]       2026-05-24 11:42:49   Rendering world level data.Level#3d974c90-1030-11f0-9400-e92418126557 "Level_3"...
[RENDER]       2026-05-24 11:42:49   Rendering world level data.Level#d19c6990-1030-11f0-b12c-9f5692af9d93 "Level_7"...
[EVENT]        2026-05-24 11:42:49   LevelSelected 291
[USERACTION]   2026-05-24 11:42:49   Opened level data.Level#d19c6990-1030-11f0-b12c-9f5692af9d93 "Level_7"
[RENDER]       2026-05-24 11:42:49   Rendering world level data.Level#3069e2d0-1030-11f0-9400-2955d25c8088 "Level_2"...
[RENDER]       2026-05-24 11:42:49   Rendering world level fields data.Level#d19c6990-1030-11f0-b12c-9f5692af9d93 "Level_7"...
[RENDER]       2026-05-24 11:42:49   Rendering world level data.Level#3d974c90-1030-11f0-9400-e92418126557 "Level_3"...
[USERACTION]   2026-05-24 11:42:49   Closed panel #22 ui.modal.panel.WorldPanel
[WARNING]      2026-05-24 11:42:49   Full level render requested
[RENDER]       2026-05-24 11:42:49   Rendering world bg...
[RENDER]       2026-05-24 11:42:49   Rendering world level data.Level#3d974c90-1030-11f0-9400-e92418126557 "Level_3"...
[RENDER]       2026-05-24 11:42:49   Rendering world level fields data.Level#d19c6990-1030-11f0-b12c-9f5692af9d93 "Level_7"...
[RENDER]       2026-05-24 11:42:49   Rendering world level data.Level#d19c6990-1030-11f0-b12c-9f5692af9d93 "Level_7"...
[RENDER]       2026-05-24 11:42:49   Rendering world level data.Level#3069e2d0-1030-11f0-9400-2955d25c8088 "Level_2"...
[USERACTION]   2026-05-24 11:42:50   Opened panel #31 ui.modal.panel.WorldPanel
[FILE]         2026-05-24 11:42:50   Reading HTML template worldPanel from cache
[FILE]         2026-05-24 11:42:50   Reading HTML template levelInstanceForm from cache
[RENDER]       2026-05-24 11:42:50   Rendering world bg...
[RENDER]       2026-05-24 11:42:50   Rendering world level data.Level#3069e2d0-1030-11f0-9400-2955d25c8088 "Level_2"...
[RENDER]       2026-05-24 11:42:50   Rendering world level fields data.Level#d19c6990-1030-11f0-b12c-9f5692af9d93 "Level_7"...
[RENDER]       2026-05-24 11:42:50   Rendering world level data.Level#3d974c90-1030-11f0-9400-e92418126557 "Level_3"...
[RENDER]       2026-05-24 11:42:50   Rendering world level data.Level#d19c6990-1030-11f0-b12c-9f5692af9d93 "Level_7"...
[EVENT]        2026-05-24 11:42:51   LevelSelected 274
[USERACTION]   2026-05-24 11:42:51   Opened level data.Level#3d974c90-1030-11f0-9400-e92418126557 "Level_3"
[TIMELINE]     2026-05-24 11:42:51   Garbage collected level: #291
[RENDER]       2026-05-24 11:42:51   Rendering world level data.Level#3d974c90-1030-11f0-9400-e92418126557 "Level_3"...
[RENDER]       2026-05-24 11:42:51   Rendering world level fields data.Level#3d974c90-1030-11f0-9400-e92418126557 "Level_3"...
[RENDER]       2026-05-24 11:42:51   Rendering world level data.Level#1e4af520-1030-11f0-af50-ff93dd65ce54 "Level_4"...
[RENDER]       2026-05-24 11:42:51   Rendering world level data.Level#e041e9d0-1030-11f0-b12c-59992e246da5 "Level_5"...
[EVENT]        2026-05-24 11:42:51   LevelSelected 274
[USERACTION]   2026-05-24 11:42:51   Opened level data.Level#3d974c90-1030-11f0-9400-e92418126557 "Level_3"
[RENDER]       2026-05-24 11:42:51   Rendering world level data.Level#3d974c90-1030-11f0-9400-e92418126557 "Level_3"...
[RENDER]       2026-05-24 11:42:51   Rendering world level fields data.Level#3d974c90-1030-11f0-9400-e92418126557 "Level_3"...
[RENDER]       2026-05-24 11:42:51   Rendering world level data.Level#1e4af520-1030-11f0-af50-ff93dd65ce54 "Level_4"...
[RENDER]       2026-05-24 11:42:51   Rendering world level data.Level#e041e9d0-1030-11f0-b12c-59992e246da5 "Level_5"...
[USERACTION]   2026-05-24 11:42:51   Closed panel #31 ui.modal.panel.WorldPanel
[WARNING]      2026-05-24 11:42:51   Full level render requested
[RENDER]       2026-05-24 11:42:51   Rendering world bg...
[RENDER]       2026-05-24 11:42:51   Rendering world level fields data.Level#3d974c90-1030-11f0-9400-e92418126557 "Level_3"...
[RENDER]       2026-05-24 11:42:51   Rendering world level data.Level#e041e9d0-1030-11f0-b12c-59992e246da5 "Level_5"...
[RENDER]       2026-05-24 11:42:51   Rendering world level data.Level#d19c6990-1030-11f0-b12c-9f5692af9d93 "Level_7"...
[RENDER]       2026-05-24 11:42:52   Rendering world level data.Level#1e4af520-1030-11f0-af50-ff93dd65ce54 "Level_4"...
[RENDER]       2026-05-24 11:42:52   Rendering world level data.Level#cb3cd020-1030-11f0-996f-c1d1f3076de4 "Level_11"...
[USERACTION]   2026-05-24 11:42:52   Opened panel #40 ui.modal.panel.WorldPanel
[FILE]         2026-05-24 11:42:52   Reading HTML template worldPanel from cache
[FILE]         2026-05-24 11:42:52   Reading HTML template levelInstanceForm from cache
[RENDER]       2026-05-24 11:42:52   Rendering world bg...
[RENDER]       2026-05-24 11:42:52   Rendering world level data.Level#3d974c90-1030-11f0-9400-e92418126557 "Level_3"...
[RENDER]       2026-05-24 11:42:52   Rendering world level fields data.Level#3d974c90-1030-11f0-9400-e92418126557 "Level_3"...
[RENDER]       2026-05-24 11:42:52   Rendering world level data.Level#9458e630-c210-11ef-b2e6-e91d01cdbe5e "Level_0"...
[RENDER]       2026-05-24 11:42:52   Rendering world level data.Level#1e4af520-1030-11f0-af50-ff93dd65ce54 "Level_4"...
[RENDER]       2026-05-24 11:42:52   Rendering world level data.Level#e041e9d0-1030-11f0-b12c-59992e246da5 "Level_5"...
[RENDER]       2026-05-24 11:42:52   Rendering world level data.Level#d19c6990-1030-11f0-b12c-9f5692af9d93 "Level_7"...
[RENDER]       2026-05-24 11:42:53   Rendering world level data.Level#cb3cd020-1030-11f0-996f-c1d1f3076de4 "Level_11"...
[EVENT]        2026-05-24 11:42:53   LevelSelected 296
[USERACTION]   2026-05-24 11:42:53   Opened level data.Level#e52cfcd0-1030-11f0-b12c-fb81b8dc6f61 "Level_8"
[TIMELINE]     2026-05-24 11:42:53   Garbage collected level: #274
[RENDER]       2026-05-24 11:42:53   Rendering world level data.Level#3d974c90-1030-11f0-9400-e92418126557 "Level_3"...
[RENDER]       2026-05-24 11:42:53   Rendering world level fields data.Level#e52cfcd0-1030-11f0-b12c-fb81b8dc6f61 "Level_8"...
[RENDER]       2026-05-24 11:42:53   Rendering world level data.Level#1e4af520-1030-11f0-af50-ff93dd65ce54 "Level_4"...
[RENDER]       2026-05-24 11:42:53   Rendering world level data.Level#e52cfcd0-1030-11f0-b12c-fb81b8dc6f61 "Level_8"...
[RENDER]       2026-05-24 11:42:53   Rendering world level data.Level#e358dc00-fa90-11f0-9536-757f38ccabb1 "Level_13"...
[EVENT]        2026-05-24 11:42:53   LevelSelected 296
[USERACTION]   2026-05-24 11:42:53   Opened level data.Level#e52cfcd0-1030-11f0-b12c-fb81b8dc6f61 "Level_8"
[RENDER]       2026-05-24 11:42:53   Rendering world level data.Level#1e4af520-1030-11f0-af50-ff93dd65ce54 "Level_4"...
[RENDER]       2026-05-24 11:42:53   Rendering world level fields data.Level#e52cfcd0-1030-11f0-b12c-fb81b8dc6f61 "Level_8"...
[RENDER]       2026-05-24 11:42:53   Rendering world level data.Level#e52cfcd0-1030-11f0-b12c-fb81b8dc6f61 "Level_8"...
[USERACTION]   2026-05-24 11:42:53   Closed panel #40 ui.modal.panel.WorldPanel
[WARNING]      2026-05-24 11:42:53   Full level render requested
[RENDER]       2026-05-24 11:42:53   Rendering world bg...
[RENDER]       2026-05-24 11:42:54   Rendering world level data.Level#1e4af520-1030-11f0-af50-ff93dd65ce54 "Level_4"...
[RENDER]       2026-05-24 11:42:54   Rendering world level fields data.Level#e52cfcd0-1030-11f0-b12c-fb81b8dc6f61 "Level_8"...
[RENDER]       2026-05-24 11:42:54   Rendering world level data.Level#e358dc00-fa90-11f0-9536-757f38ccabb1 "Level_13"...
[USERACTION]   2026-05-24 11:42:55   Opened panel #51 ui.modal.panel.WorldPanel
[FILE]         2026-05-24 11:42:55   Reading HTML template worldPanel from cache
[FILE]         2026-05-24 11:42:55   Reading HTML template levelInstanceForm from cache
[RENDER]       2026-05-24 11:42:55   Rendering world bg...
[RENDER]       2026-05-24 11:42:55   Rendering world level data.Level#1e4af520-1030-11f0-af50-ff93dd65ce54 "Level_4"...
[RENDER]       2026-05-24 11:42:55   Rendering world level fields data.Level#e52cfcd0-1030-11f0-b12c-fb81b8dc6f61 "Level_8"...
[RENDER]       2026-05-24 11:42:55   Rendering world level data.Level#e52cfcd0-1030-11f0-b12c-fb81b8dc6f61 "Level_8"...
[RENDER]       2026-05-24 11:42:55   Rendering world level data.Level#e358dc00-fa90-11f0-9536-757f38ccabb1 "Level_13"...
[EVENT]        2026-05-24 11:42:55   LevelSelected 287
[USERACTION]   2026-05-24 11:42:55   Opened level data.Level#1e4af520-1030-11f0-af50-ff93dd65ce54 "Level_4"
[TIMELINE]     2026-05-24 11:42:56   Garbage collected level: #296
[RENDER]       2026-05-24 11:42:56   Rendering world level data.Level#3d974c90-1030-11f0-9400-e92418126557 "Level_3"...
[RENDER]       2026-05-24 11:42:56   Rendering world level fields data.Level#1e4af520-1030-11f0-af50-ff93dd65ce54 "Level_4"...
[RENDER]       2026-05-24 11:42:56   Rendering world level data.Level#1e4af520-1030-11f0-af50-ff93dd65ce54 "Level_4"...
[RENDER]       2026-05-24 11:42:56   Rendering world level data.Level#e041e9d0-1030-11f0-b12c-59992e246da5 "Level_5"...
[RENDER]       2026-05-24 11:42:56   Rendering world level data.Level#e52cfcd0-1030-11f0-b12c-fb81b8dc6f61 "Level_8"...
[EVENT]        2026-05-24 11:42:56   LevelSelected 288
[USERACTION]   2026-05-24 11:42:56   Opened level data.Level#e041e9d0-1030-11f0-b12c-59992e246da5 "Level_5"
[WARNING]      2026-05-24 11:42:56   Full level render requested
[TIMELINE]     2026-05-24 11:42:56   Garbage collected level: #287
[RENDER]       2026-05-24 11:42:56   Rendering world bg...
[RENDER]       2026-05-24 11:42:56   Rendering world level data.Level#3d974c90-1030-11f0-9400-e92418126557 "Level_3"...
[RENDER]       2026-05-24 11:42:56   Rendering world level fields data.Level#e041e9d0-1030-11f0-b12c-59992e246da5 "Level_5"...
[RENDER]       2026-05-24 11:42:56   Rendering world level data.Level#1e4af520-1030-11f0-af50-ff93dd65ce54 "Level_4"...
[RENDER]       2026-05-24 11:42:57   Rendering world level data.Level#e041e9d0-1030-11f0-b12c-59992e246da5 "Level_5"...
[RENDER]       2026-05-24 11:42:57   Rendering world level data.Level#d5ae6780-1030-11f0-996f-efbed2df7e2d "Level_9"...
[EVENT]        2026-05-24 11:42:57   LevelSelected 288
[USERACTION]   2026-05-24 11:42:57   Opened level data.Level#e041e9d0-1030-11f0-b12c-59992e246da5 "Level_5"
[RENDER]       2026-05-24 11:42:57   Rendering world level data.Level#3d974c90-1030-11f0-9400-e92418126557 "Level_3"...
[RENDER]       2026-05-24 11:42:57   Rendering world level fields data.Level#e041e9d0-1030-11f0-b12c-59992e246da5 "Level_5"...
[RENDER]       2026-05-24 11:42:57   Rendering world level data.Level#1e4af520-1030-11f0-af50-ff93dd65ce54 "Level_4"...
[USERACTION]   2026-05-24 11:42:57   Closed panel #51 ui.modal.panel.WorldPanel
[WARNING]      2026-05-24 11:42:57   Full level render requested
[RENDER]       2026-05-24 11:42:57   Rendering world bg...
[RENDER]       2026-05-24 11:42:57   Rendering world level data.Level#3d974c90-1030-11f0-9400-e92418126557 "Level_3"...
[RENDER]       2026-05-24 11:42:57   Rendering world level fields data.Level#e041e9d0-1030-11f0-b12c-59992e246da5 "Level_5"...
[RENDER]       2026-05-24 11:42:57   Rendering world level data.Level#1e4af520-1030-11f0-af50-ff93dd65ce54 "Level_4"...
[RENDER]       2026-05-24 11:42:57   Rendering world level data.Level#e041e9d0-1030-11f0-b12c-59992e246da5 "Level_5"...
[RENDER]       2026-05-24 11:42:57   Rendering world level data.Level#d5ae6780-1030-11f0-996f-efbed2df7e2d "Level_9"...
[RENDER]       2026-05-24 11:42:57   Rendering world level data.Level#86386280-1030-11f0-996f-3d5dc6593739 "Level_10"...
[RENDER]       2026-05-24 11:42:57   Rendering world level data.Level#cb3cd020-1030-11f0-996f-c1d1f3076de4 "Level_11"...
[USERACTION]   2026-05-24 11:42:58   Opened panel #64 ui.modal.panel.WorldPanel
[FILE]         2026-05-24 11:42:58   Reading HTML template worldPanel from cache
[FILE]         2026-05-24 11:42:58   Reading HTML template levelInstanceForm from cache
[RENDER]       2026-05-24 11:42:58   Rendering world bg...
[RENDER]       2026-05-24 11:42:58   Rendering world level data.Level#3d974c90-1030-11f0-9400-e92418126557 "Level_3"...
[RENDER]       2026-05-24 11:42:58   Rendering world level fields data.Level#e041e9d0-1030-11f0-b12c-59992e246da5 "Level_5"...
[RENDER]       2026-05-24 11:42:58   Rendering world level data.Level#1e4af520-1030-11f0-af50-ff93dd65ce54 "Level_4"...
[RENDER]       2026-05-24 11:42:58   Rendering world level data.Level#e041e9d0-1030-11f0-b12c-59992e246da5 "Level_5"...
[RENDER]       2026-05-24 11:42:58   Rendering world level data.Level#d5ae6780-1030-11f0-996f-efbed2df7e2d "Level_9"...
[RENDER]       2026-05-24 11:42:58   Rendering world level data.Level#86386280-1030-11f0-996f-3d5dc6593739 "Level_10"...
[RENDER]       2026-05-24 11:42:58   Rendering world level data.Level#cb3cd020-1030-11f0-996f-c1d1f3076de4 "Level_11"...
[EVENT]        2026-05-24 11:43:00   LevelSelected 287
[USERACTION]   2026-05-24 11:43:00   Opened level data.Level#1e4af520-1030-11f0-af50-ff93dd65ce54 "Level_4"
[TIMELINE]     2026-05-24 11:43:00   Garbage collected level: #288
[RENDER]       2026-05-24 11:43:00   Rendering world level data.Level#3d974c90-1030-11f0-9400-e92418126557 "Level_3"...
[RENDER]       2026-05-24 11:43:00   Rendering world level fields data.Level#1e4af520-1030-11f0-af50-ff93dd65ce54 "Level_4"...
[RENDER]       2026-05-24 11:43:01   Rendering world level data.Level#1e4af520-1030-11f0-af50-ff93dd65ce54 "Level_4"...
[EVENT]        2026-05-24 11:43:01   LevelSelected 287
[USERACTION]   2026-05-24 11:43:01   Opened level data.Level#1e4af520-1030-11f0-af50-ff93dd65ce54 "Level_4"
[RENDER]       2026-05-24 11:43:01   Rendering world level data.Level#3d974c90-1030-11f0-9400-e92418126557 "Level_3"...
[RENDER]       2026-05-24 11:43:01   Rendering world level fields data.Level#1e4af520-1030-11f0-af50-ff93dd65ce54 "Level_4"...
[RENDER]       2026-05-24 11:43:01   Rendering world level data.Level#1e4af520-1030-11f0-af50-ff93dd65ce54 "Level_4"...
[USERACTION]   2026-05-24 11:43:01   Closed panel #64 ui.modal.panel.WorldPanel
[WARNING]      2026-05-24 11:43:01   Full level render requested
[RENDER]       2026-05-24 11:43:01   Rendering world bg...
[RENDER]       2026-05-24 11:43:01   Rendering world level data.Level#3d974c90-1030-11f0-9400-e92418126557 "Level_3"...
[RENDER]       2026-05-24 11:43:01   Rendering world level fields data.Level#1e4af520-1030-11f0-af50-ff93dd65ce54 "Level_4"...
[RENDER]       2026-05-24 11:43:01   Rendering world level data.Level#e041e9d0-1030-11f0-b12c-59992e246da5 "Level_5"...
[RENDER]       2026-05-24 11:43:01   Rendering world level data.Level#e52cfcd0-1030-11f0-b12c-fb81b8dc6f61 "Level_8"...
[SAVE]         2026-05-24 11:43:01   Preparing project saving: /home/angrycompany16/gamedev/go/mask_of_the_tomb/assets/LDTK/world.ldtk...
[CACHE]        2026-05-24 11:43:01   Garbaging unused image LdtkIcons_336_208_16_16...
[CACHE]        2026-05-24 11:43:01   Disposing cached image LdtkIcons_336_208_16_16...
[CACHE]        2026-05-24 11:43:01   Garbaging unused image LdtkIcons_336_176_16_16...
[CACHE]        2026-05-24 11:43:01   Disposing cached image LdtkIcons_336_176_16_16...
[CACHE]        2026-05-24 11:43:01   Garbaging unused image LdtkIcons_176_16_16_16...
[CACHE]        2026-05-24 11:43:01   Disposing cached image LdtkIcons_176_16_16_16...
[SAVE]         2026-05-24 11:43:01   => PreChecks...
[SAVE]         2026-05-24 11:43:01   => BeforeSavingActions...
[EVENT]        2026-05-24 11:43:01   BeforeProjectSaving
[SAVE]         2026-05-24 11:43:01   => AutoLayers...
[SAVE]         2026-05-24 11:43:01   => Backup...
[SAVE]         2026-05-24 11:43:01   Backing up /home/angrycompany16/gamedev/go/mask_of_the_tomb/assets/LDTK to /home/angrycompany16/gamedev/go/mask_of_the_tomb/assets/LDTK/world/backups/94589810-c210-11ef-b2e6-99619d5a4f10_2026-05-24_11-43-01...
[SAVE]         2026-05-24 11:43:01     Found 1 files.
[GENERAL]      2026-05-24 11:43:01   Progress created.
[RENDER]       2026-05-24 11:43:01   Rendering world bg...
[GENERAL]      2026-05-24 11:43:01   Progress started: : "Backup", 2 operation(s)
[SAVE]         2026-05-24 11:43:01   Removing older backup: 94589810-c210-11ef-b2e6-99619d5a4f10_2026-05-10_01-13-43
[GENERAL]      2026-05-24 11:43:01   Progress completed: "Backup" (0s)
[SAVE]         2026-05-24 11:43:01     Done!
[GENERAL]      2026-05-24 11:43:01   Progress created.
[RENDER]       2026-05-24 11:43:01   Rendering world bg...
[GENERAL]      2026-05-24 11:43:01   Progress started: : "Preparing levels...", 18 operation(s)
[GENERAL]      2026-05-24 11:43:02   Progress completed: "Preparing levels..." (0s)
[SAVE]         2026-05-24 11:43:02   => SavingMainFile...
[GENERAL]      2026-05-24 11:43:02   Progress created.
[RENDER]       2026-05-24 11:43:02   Rendering world bg...
[GENERAL]      2026-05-24 11:43:02   Progress started: : "Saving main file...", 2 operation(s)
[SAVE]         2026-05-24 11:43:02     Preparing SavingData...
[SAVE]         2026-05-24 11:43:02     Writing /home/angrycompany16/gamedev/go/mask_of_the_tomb/assets/LDTK/world.ldtk...
[GENERAL]      2026-05-24 11:43:02   Progress completed: "Saving main file..." (0.4s)
[FILE]         2026-05-24 11:43:02   Emptying dir /home/angrycompany16/gamedev/go/mask_of_the_tomb/assets/LDTK/world (onlyExts=[ldtkl])...
[SAVE]         2026-05-24 11:43:02   => Done...
[SAVE]         2026-05-24 11:43:02   Saving complete (world.ldtk)
[FILE]         2026-05-24 11:43:02   Saved "world.ldtk".
[EVENT]        2026-05-24 11:43:02   ProjectSaved
[RENDER]       2026-05-24 11:43:02   Rendering world bg...
[RENDER]       2026-05-24 11:43:02   Rendering world level fields data.Level#1e4af520-1030-11f0-af50-ff93dd65ce54 "Level_4"...
[USERACTION]   2026-05-24 11:43:03   Opened panel #81 ui.modal.panel.WorldPanel
[FILE]         2026-05-24 11:43:03   Reading HTML template worldPanel from cache
[FILE]         2026-05-24 11:43:03   Reading HTML template levelInstanceForm from cache
[RENDER]       2026-05-24 11:43:03   Rendering world bg...
[RENDER]       2026-05-24 11:43:03   Rendering world level data.Level#3d974c90-1030-11f0-9400-e92418126557 "Level_3"...
[RENDER]       2026-05-24 11:43:03   Rendering world level fields data.Level#3d974c90-1030-11f0-9400-e92418126557 "Level_3"...
[RENDER]       2026-05-24 11:43:03   Rendering world level fields data.Level#1e4af520-1030-11f0-af50-ff93dd65ce54 "Level_4"...
[RENDER]       2026-05-24 11:43:03   Rendering world level fields data.Level#e041e9d0-1030-11f0-b12c-59992e246da5 "Level_5"...
[RENDER]       2026-05-24 11:43:03   Rendering world level fields data.Level#e52cfcd0-1030-11f0-b12c-fb81b8dc6f61 "Level_8"...
[RENDER]       2026-05-24 11:43:03   Rendering world level data.Level#1e4af520-1030-11f0-af50-ff93dd65ce54 "Level_4"...
[RENDER]       2026-05-24 11:43:03   Rendering world level fields data.Level#d19c6990-1030-11f0-b12c-9f5692af9d93 "Level_7"...
[RENDER]       2026-05-24 11:43:03   Rendering world level fields data.Level#d5ae6780-1030-11f0-996f-efbed2df7e2d "Level_9"...
[RENDER]       2026-05-24 11:43:03   Rendering world level fields data.Level#86386280-1030-11f0-996f-3d5dc6593739 "Level_10"...
[RENDER]       2026-05-24 11:43:03   Rendering world level data.Level#e041e9d0-1030-11f0-b12c-59992e246da5 "Level_5"...
[RENDER]       2026-05-24 11:43:03   Rendering world level fields data.Level#e358dc00-fa90-11f0-9536-757f38ccabb1 "Level_13"...
[RENDER]       2026-05-24 11:43:03   Rendering world level fields data.Level#cb3cd020-1030-11f0-996f-c1d1f3076de4 "Level_11"...
[RENDER]       2026-05-24 11:43:03   Rendering world level data.Level#e52cfcd0-1030-11f0-b12c-fb81b8dc6f61 "Level_8"...
[EVENT]        2026-05-24 11:43:03   LevelSelected 274
[USERACTION]   2026-05-24 11:43:03   Opened level data.Level#3d974c90-1030-11f0-9400-e92418126557 "Level_3"
[TIMELINE]     2026-05-24 11:43:03   Garbage collected level: #287
[RENDER]       2026-05-24 11:43:03   Rendering world level data.Level#3d974c90-1030-11f0-9400-e92418126557 "Level_3"...
[RENDER]       2026-05-24 11:43:03   Rendering world level fields data.Level#3d974c90-1030-11f0-9400-e92418126557 "Level_3"...
[RENDER]       2026-05-24 11:43:04   Rendering world level data.Level#1e4af520-1030-11f0-af50-ff93dd65ce54 "Level_4"...
[EVENT]        2026-05-24 11:43:04   LevelSelected 274
[USERACTION]   2026-05-24 11:43:04   Opened level data.Level#3d974c90-1030-11f0-9400-e92418126557 "Level_3"
[RENDER]       2026-05-24 11:43:04   Rendering world level data.Level#3d974c90-1030-11f0-9400-e92418126557 "Level_3"...
[RENDER]       2026-05-24 11:43:04   Rendering world level fields data.Level#3d974c90-1030-11f0-9400-e92418126557 "Level_3"...
[RENDER]       2026-05-24 11:43:04   Rendering world level data.Level#1e4af520-1030-11f0-af50-ff93dd65ce54 "Level_4"...
[USERACTION]   2026-05-24 11:43:04   Closed panel #81 ui.modal.panel.WorldPanel
[WARNING]      2026-05-24 11:43:04   Full level render requested
[RENDER]       2026-05-24 11:43:04   Rendering world bg...
[RENDER]       2026-05-24 11:43:04   Rendering world level fields data.Level#3d974c90-1030-11f0-9400-e92418126557 "Level_3"...
[RENDER]       2026-05-24 11:43:04   Rendering world level data.Level#1e4af520-1030-11f0-af50-ff93dd65ce54 "Level_4"...
[RENDER]       2026-05-24 11:43:04   Rendering world level data.Level#e041e9d0-1030-11f0-b12c-59992e246da5 "Level_5"...
[RENDER]       2026-05-24 11:43:04   Rendering world level data.Level#d19c6990-1030-11f0-b12c-9f5692af9d93 "Level_7"...
[RENDER]       2026-05-24 11:43:04   Rendering world level data.Level#cb3cd020-1030-11f0-996f-c1d1f3076de4 "Level_11"...
[EVENT]        2026-05-24 11:43:11   LayerInstanceSelected 178
[RENDER]       2026-05-24 11:43:11   Rendered level UI
[RENDER]       2026-05-24 11:43:11   Rendering world bg...
[RENDER]       2026-05-24 11:43:11   Rendering world bg...
[EVENT]        2026-05-24 11:43:14   ToolValueSelected
[RENDER]       2026-05-24 11:43:16   Rendering world bg...
[EVENT]        2026-05-24 11:43:19   ToolValueSelected
[EVENT]        2026-05-24 11:43:28   LayerInstanceEditedByTool
[EVENT]        2026-05-24 11:43:28   LevelJsonCacheInvalidated
[RENDER]       2026-05-24 11:43:28   Rendering world level fields data.Level#3d974c90-1030-11f0-9400-e92418126557 "Level_3"...
[EVENT]        2026-05-24 11:43:28   LayerInstanceEditedByTool
[USERACTION]   2026-05-24 11:43:28   TileTool: mode=Add, in LayerInst#178 "MidgroundSprites" [Tiles]
[SAVE]         2026-05-24 11:43:30   Preparing project saving: /home/angrycompany16/gamedev/go/mask_of_the_tomb/assets/LDTK/world.ldtk...
[CACHE]        2026-05-24 11:43:30   Garbaging unused image LdtkIcons_336_208_16_16...
[CACHE]        2026-05-24 11:43:30   Disposing cached image LdtkIcons_336_208_16_16...
[CACHE]        2026-05-24 11:43:30   Garbaging unused image LdtkIcons_336_176_16_16...
[CACHE]        2026-05-24 11:43:30   Disposing cached image LdtkIcons_336_176_16_16...
[CACHE]        2026-05-24 11:43:30   Garbaging unused image LdtkIcons_176_16_16_16...
[CACHE]        2026-05-24 11:43:30   Disposing cached image LdtkIcons_176_16_16_16...
[SAVE]         2026-05-24 11:43:30   => PreChecks...
[SAVE]         2026-05-24 11:43:30   => BeforeSavingActions...
[EVENT]        2026-05-24 11:43:30   BeforeProjectSaving
[SAVE]         2026-05-24 11:43:30   => AutoLayers...
[SAVE]         2026-05-24 11:43:30   => Backup...
[SAVE]         2026-05-24 11:43:30   Backing up /home/angrycompany16/gamedev/go/mask_of_the_tomb/assets/LDTK to /home/angrycompany16/gamedev/go/mask_of_the_tomb/assets/LDTK/world/backups/94589810-c210-11ef-b2e6-99619d5a4f10_2026-05-24_11-43-30...
[SAVE]         2026-05-24 11:43:30     Found 1 files.
[GENERAL]      2026-05-24 11:43:30   Progress created.
[RENDER]       2026-05-24 11:43:30   Rendering world bg...
[GENERAL]      2026-05-24 11:43:30   Progress started: : "Backup", 2 operation(s)
[SAVE]         2026-05-24 11:43:30   Removing older backup: 94589810-c210-11ef-b2e6-99619d5a4f10_2026-05-10_01-15-19
[GENERAL]      2026-05-24 11:43:30   Progress completed: "Backup" (0s)
[SAVE]         2026-05-24 11:43:30     Done!
[GENERAL]      2026-05-24 11:43:30   Progress created.
[RENDER]       2026-05-24 11:43:30   Rendering world bg...
[GENERAL]      2026-05-24 11:43:31   Progress started: : "Preparing levels...", 18 operation(s)
[GENERAL]      2026-05-24 11:43:31   Progress completed: "Preparing levels..." (0s)
[SAVE]         2026-05-24 11:43:31   => SavingMainFile...
[GENERAL]      2026-05-24 11:43:31   Progress created.
[RENDER]       2026-05-24 11:43:31   Rendering world bg...
[GENERAL]      2026-05-24 11:43:31   Progress started: : "Saving main file...", 2 operation(s)
[SAVE]         2026-05-24 11:43:31     Preparing SavingData...
[SAVE]         2026-05-24 11:43:31     Writing /home/angrycompany16/gamedev/go/mask_of_the_tomb/assets/LDTK/world.ldtk...
[GENERAL]      2026-05-24 11:43:31   Progress completed: "Saving main file..." (0.4s)
[FILE]         2026-05-24 11:43:31   Emptying dir /home/angrycompany16/gamedev/go/mask_of_the_tomb/assets/LDTK/world (onlyExts=[ldtkl])...
[SAVE]         2026-05-24 11:43:31   => Done...
[SAVE]         2026-05-24 11:43:31   Saving complete (world.ldtk)
[FILE]         2026-05-24 11:43:31   Saved "world.ldtk".
[EVENT]        2026-05-24 11:43:31   ProjectSaved
[RENDER]       2026-05-24 11:43:31   Rendering world bg...
[RENDER]       2026-05-24 11:43:31   Rendering world level fields data.Level#3d974c90-1030-11f0-9400-e92418126557 "Level_3"...
[SAVE]         2026-05-24 11:46:37   Preparing project saving: /home/angrycompany16/gamedev/go/mask_of_the_tomb/assets/LDTK/world.ldtk...
[SAVE]         2026-05-24 11:46:37   => PreChecks...
[SAVE]         2026-05-24 11:46:37   => BeforeSavingActions...
[EVENT]        2026-05-24 11:46:37   BeforeProjectSaving
[SAVE]         2026-05-24 11:46:37   => AutoLayers...
[SAVE]         2026-05-24 11:46:37   => Backup...
[SAVE]         2026-05-24 11:46:37   Backing up /home/angrycompany16/gamedev/go/mask_of_the_tomb/assets/LDTK to /home/angrycompany16/gamedev/go/mask_of_the_tomb/assets/LDTK/world/backups/94589810-c210-11ef-b2e6-99619d5a4f10_2026-05-24_11-46-37...
[SAVE]         2026-05-24 11:46:37     Found 1 files.
[GENERAL]      2026-05-24 11:46:37   Progress created.
[RENDER]       2026-05-24 11:46:37   Rendering world bg...
[GENERAL]      2026-05-24 11:46:37   Progress started: : "Backup", 2 operation(s)
[SAVE]         2026-05-24 11:46:37   Removing older backup: 94589810-c210-11ef-b2e6-99619d5a4f10_2026-05-10_01-17-35
[GENERAL]      2026-05-24 11:46:37   Progress completed: "Backup" (0s)
[SAVE]         2026-05-24 11:46:37     Done!
[GENERAL]      2026-05-24 11:46:37   Progress created.
[RENDER]       2026-05-24 11:46:37   Rendering world bg...
[GENERAL]      2026-05-24 11:46:37   Progress started: : "Preparing levels...", 18 operation(s)
[GENERAL]      2026-05-24 11:46:37   Progress completed: "Preparing levels..." (0s)
[SAVE]         2026-05-24 11:46:37   => SavingMainFile...
[GENERAL]      2026-05-24 11:46:37   Progress created.
[RENDER]       2026-05-24 11:46:37   Rendering world bg...
[GENERAL]      2026-05-24 11:46:37   Progress started: : "Saving main file...", 2 operation(s)
[SAVE]         2026-05-24 11:46:37     Preparing SavingData...
[SAVE]         2026-05-24 11:46:37     Writing /home/angrycompany16/gamedev/go/mask_of_the_tomb/assets/LDTK/world.ldtk...
[GENERAL]      2026-05-24 11:46:37   Progress completed: "Saving main file..." (0.4s)
[FILE]         2026-05-24 11:46:37   Emptying dir /home/angrycompany16/gamedev/go/mask_of_the_tomb/assets/LDTK/world (onlyExts=[ldtkl])...
[SAVE]         2026-05-24 11:46:37   => Done...
[SAVE]         2026-05-24 11:46:37   Saving complete (world.ldtk)
[FILE]         2026-05-24 11:46:37   Saved "world.ldtk".
[EVENT]        2026-05-24 11:46:37   ProjectSaved
[RENDER]       2026-05-24 11:46:37   Rendering world bg...
[RENDER]       2026-05-24 11:46:37   Rendering world level fields data.Level#3d974c90-1030-11f0-9400-e92418126557 "Level_3"...
[GENERAL]      2026-05-24 12:49:46   Exiting.


[BOOT]         2026-06-29 19:38:48   App started
[BOOT]         2026-06-29 19:38:48   Version: 1.5.3-64bits (build 484725)
[BOOT]         2026-06-29 19:38:48   ExePath: /usr/share/ldtk
[BOOT]         2026-06-29 19:38:48   Assets: /usr/share/ldtk/resources/app.asar/assets
[BOOT]         2026-06-29 19:38:48   ExtraFiles: /usr/share/ldtk/extraFiles
[BOOT]         2026-06-29 19:38:48   CWD: /home/angrycompany16/
[BOOT]         2026-06-29 19:38:48   Display: 1920x1080
[BOOT]         2026-06-29 19:38:48   Args: soloValues=[], args=[]
[FILE]         2026-06-29 19:38:48   Loading settings from /home/angrycompany16/.config/LDtk/settings...
[BOOT]         2026-06-29 19:38:48   AppZoomFactor: 1
[UPDATE]       2026-06-29 19:38:48   Fetching latest version from GitHub...
[BOOT]         2026-06-29 19:38:48   Calling appReady...
[BOOT]         2026-06-29 19:38:48   Start args: path=null levelIndex=null
[BOOT]         2026-06-29 19:38:48   Loading Home...
[GENERAL]      2026-06-29 19:38:48   Page started: page.Home()
[FILE]         2026-06-29 19:38:48   Loading page template: home from /usr/share/ldtk/resources/app.asar/assets/tpl/pages/home.html
[DEBUG]        2026-06-29 19:38:48   samplesDir=/usr/share/ldtk/extraFiles/samples
[UPDATE]       2026-06-29 19:38:49   Found 1.5.3
[UPDATE]       2026-06-29 19:38:49   No new update.
[GENERAL]      2026-06-29 19:39:25   Progress created.
[GENERAL]      2026-06-29 19:39:25   Progress started: : "world.ldtk: Project...", 5 operation(s)
[LOAD]         2026-06-29 19:39:25   Loading project world.ldtk...
[LOAD]         2026-06-29 19:39:25     Project appBuildId=484725 appJsonVersion=1.5.3 jsonVersion=1.5.3
[LOAD]         2026-06-29 19:39:26   Loading complete.
[GENERAL]      2026-06-29 19:39:26   Page started: page.Editor()
[FILE]         2026-06-29 19:39:26   Loading page template: editor from /usr/share/ldtk/resources/app.asar/assets/tpl/pages/editor.html
[FILE]         2026-06-29 19:39:26   Cleared all file watches
[EVENT]        2026-06-29 19:39:26   LayerInstanceSelected 266
[FILE]         2026-06-29 19:39:26   Reloading tileset: Playerspace_tilemap2 path=../sprites/environment/playerspace_tilemap.png
[FILE]         2026-06-29 19:39:26   Loading atlas image: ../sprites/environment/playerspace_tilemap.png...
[CACHE]        2026-06-29 19:39:26   Caching image ../sprites/environment/playerspace_tilemap.png...
[CACHE]        2026-06-29 19:39:26    -> identified as Png
[CACHE]        2026-06-29 19:39:26    -> base64 19416
[CACHE]        2026-06-29 19:39:26    -> pixels 128x528
[FILE]         2026-06-29 19:39:26    -> Loaded 14560 bytes.
[FILE]         2026-06-29 19:39:26    -> Decoded 128x528 pixels.
[FILE]         2026-06-29 19:39:26    -> Old size: 128x528 -> 128x528
[WARNING]      2026-06-29 19:39:26   Tileset Playerspace_tilemap2 remapping (image size changed)...
[FILE]         2026-06-29 19:39:26    -> Reload result: Ok
[FILE]         2026-06-29 19:39:26    -> pixelData: Ok
[EVENT]        2026-06-29 19:39:26   TilesetImageLoaded
[FILE]         2026-06-29 19:39:26   Reloading tileset: Background_tilemap path=../sprites/environment/background_tilemap.png
[FILE]         2026-06-29 19:39:26   Loading atlas image: ../sprites/environment/background_tilemap.png...
[CACHE]        2026-06-29 19:39:26   Caching image ../sprites/environment/background_tilemap.png...
[CACHE]        2026-06-29 19:39:26    -> identified as Png
[CACHE]        2026-06-29 19:39:26    -> base64 2876
[CACHE]        2026-06-29 19:39:26    -> pixels 128x440
[FILE]         2026-06-29 19:39:26    -> Loaded 2155 bytes.
[FILE]         2026-06-29 19:39:26    -> Decoded 128x440 pixels.
[FILE]         2026-06-29 19:39:26    -> Old size: 128x440 -> 128x440
[WARNING]      2026-06-29 19:39:26   Tileset Background_tilemap remapping (image size changed)...
[FILE]         2026-06-29 19:39:26    -> Reload result: Ok
[FILE]         2026-06-29 19:39:26    -> pixelData: Ok
[EVENT]        2026-06-29 19:39:26   TilesetImageLoaded
[FILE]         2026-06-29 19:39:26   Reloading tileset: Midground_tilemap path=../sprites/environment/midground_tilemap.png
[FILE]         2026-06-29 19:39:26   Loading atlas image: ../sprites/environment/midground_tilemap.png...
[CACHE]        2026-06-29 19:39:26   Caching image ../sprites/environment/midground_tilemap.png...
[CACHE]        2026-06-29 19:39:26    -> identified as Png
[CACHE]        2026-06-29 19:39:26    -> base64 3612
[CACHE]        2026-06-29 19:39:26    -> pixels 128x440
[FILE]         2026-06-29 19:39:26    -> Loaded 2707 bytes.
[FILE]         2026-06-29 19:39:26    -> Decoded 128x440 pixels.
[FILE]         2026-06-29 19:39:26    -> Old size: 128x440 -> 128x440
[WARNING]      2026-06-29 19:39:26   Tileset Midground_tilemap remapping (image size changed)...
[FILE]         2026-06-29 19:39:26    -> Reload result: Ok
[FILE]         2026-06-29 19:39:26    -> pixelData: Ok
[EVENT]        2026-06-29 19:39:26   TilesetImageLoaded
[FILE]         2026-06-29 19:39:26   Reloading tileset: Props_tilemap_DEPRECATED path=../sprites/environment/props_tilemap.png
[FILE]         2026-06-29 19:39:26   Loading atlas image: ../sprites/environment/props_tilemap.png...
[CACHE]        2026-06-29 19:39:26   Caching image ../sprites/environment/props_tilemap.png...
[CACHE]        2026-06-29 19:39:26    -> identified as Png
[CACHE]        2026-06-29 19:39:26    -> base64 256
[CACHE]        2026-06-29 19:39:26    -> pixels 32x32
[FILE]         2026-06-29 19:39:26    -> Loaded 191 bytes.
[FILE]         2026-06-29 19:39:26    -> Decoded 32x32 pixels.
[FILE]         2026-06-29 19:39:26    -> Old size: 32x32 -> 32x32
[WARNING]      2026-06-29 19:39:26   Tileset Props_tilemap_DEPRECATED remapping (image size changed)...
[FILE]         2026-06-29 19:39:26    -> Reload result: Ok
[FILE]         2026-06-29 19:39:26    -> pixelData: Ok
[EVENT]        2026-06-29 19:39:26   TilesetImageLoaded
[FILE]         2026-06-29 19:39:26   Reloading tileset: Foreground_tilemap_DEPRECATED path=../sprites/environment/foreground_tilemap.png
[FILE]         2026-06-29 19:39:26   Loading atlas image: ../sprites/environment/foreground_tilemap.png...
[CACHE]        2026-06-29 19:39:26   Caching image ../sprites/environment/foreground_tilemap.png...
[CACHE]        2026-06-29 19:39:26    -> identified as Png
[CACHE]        2026-06-29 19:39:26    -> base64 1168
[CACHE]        2026-06-29 19:39:26    -> pixels 128x256
[FILE]         2026-06-29 19:39:26    -> Loaded 876 bytes.
[FILE]         2026-06-29 19:39:26    -> Decoded 128x256 pixels.
[FILE]         2026-06-29 19:39:26    -> Old size: 128x256 -> 128x256
[WARNING]      2026-06-29 19:39:26   Tileset Foreground_tilemap_DEPRECATED remapping (image size changed)...
[FILE]         2026-06-29 19:39:26    -> Reload result: Ok
[FILE]         2026-06-29 19:39:26    -> pixelData: Ok
[EVENT]        2026-06-29 19:39:26   TilesetImageLoaded
[FILE]         2026-06-29 19:39:26   Reloading tileset: Internal_Icons path=null
[FILE]         2026-06-29 19:39:26   Loading atlas image: LdtkIcons...
[FILE]         2026-06-29 19:39:26   Loading embed atlas LdtkIcons: /usr/share/ldtk/resources/app.asar/assets/embedAtlas/finalbossblues-icons_full_16.png ...
[FILE]         2026-06-29 19:39:26    -> Loaded 195310 bytes.
[FILE]         2026-06-29 19:39:26    -> Decoded 512x1024 pixels.
[FILE]         2026-06-29 19:39:26    -> Old size: 512x1024 -> 512x1024
[WARNING]      2026-06-29 19:39:26   Tileset Internal_Icons remapping (image size changed)...
[FILE]         2026-06-29 19:39:26    -> Reload result: Ok
[FILE]         2026-06-29 19:39:26    -> pixelData: Ok
[EVENT]        2026-06-29 19:39:26   TilesetImageLoaded
[EVENT]        2026-06-29 19:39:26   ProjectSelected
[WARNING]      2026-06-29 19:39:26   Full level render requested
[RENDER]       2026-06-29 19:39:26   Rendering all world...
[RENDER]       2026-06-29 19:39:26   Rendering world bg...
[RENDER]       2026-06-29 19:39:26   Rendering world bounds...
[FILE]         2026-06-29 19:39:26   Watching file: /home/angrycompany16/dev/go/mask_of_the_tomb/assets/sprites/environment/playerspace_tilemap.png
[FILE]         2026-06-29 19:39:26   Watching file: /home/angrycompany16/dev/go/mask_of_the_tomb/assets/sprites/environment/background_tilemap.png
[FILE]         2026-06-29 19:39:26   Watching file: /home/angrycompany16/dev/go/mask_of_the_tomb/assets/sprites/environment/midground_tilemap.png
[FILE]         2026-06-29 19:39:26   Watching file: /home/angrycompany16/dev/go/mask_of_the_tomb/assets/sprites/environment/props_tilemap.png
[FILE]         2026-06-29 19:39:26   Watching file: /home/angrycompany16/dev/go/mask_of_the_tomb/assets/sprites/environment/foreground_tilemap.png
[RENDER]       2026-06-29 19:39:26   Rendering world level data.Level#9458e630-c210-11ef-b2e6-e91d01cdbe5e "Level_0"...
[RENDER]       2026-06-29 19:39:26   Rendering world level fields data.Level#9458e630-c210-11ef-b2e6-e91d01cdbe5e "Level_0"...
[RENDER]       2026-06-29 19:39:26   Rendered level UI
[RENDER]       2026-06-29 19:39:26   Rendering world bg...
[RENDER]       2026-06-29 19:39:26   Rendering world bg...
[GENERAL]      2026-06-29 19:39:27   Progress completed: "world.ldtk: Project..." (1.4s)
[USERACTION]   2026-06-29 19:39:29   Opened panel #26 ui.modal.panel.WorldPanel
[FILE]         2026-06-29 19:39:29   Loading HTML template worldPanel
[FILE]         2026-06-29 19:39:29   Loading HTML template levelInstanceForm
[RENDER]       2026-06-29 19:39:29   Rendering world bg...
[RENDER]       2026-06-29 19:39:29   Rendering world level data.Level#9458e630-c210-11ef-b2e6-e91d01cdbe5e "Level_0"...
[RENDER]       2026-06-29 19:39:29   Rendering world level fields data.Level#9458e630-c210-11ef-b2e6-e91d01cdbe5e "Level_0"...
[RENDER]       2026-06-29 19:39:30   Rendering world level data.Level#e1b36f30-1030-11f0-9400-498f42719145 "Level_1"...
[RENDER]       2026-06-29 19:39:30   Rendering world level fields data.Level#e1b36f30-1030-11f0-9400-498f42719145 "Level_1"...
[RENDER]       2026-06-29 19:39:30   Rendering world level data.Level#3069e2d0-1030-11f0-9400-2955d25c8088 "Level_2"...
[RENDER]       2026-06-29 19:39:30   Rendering world level fields data.Level#3069e2d0-1030-11f0-9400-2955d25c8088 "Level_2"...
[RENDER]       2026-06-29 19:39:30   Rendering world level fields data.Level#72fdb1f0-1030-11f0-b12c-0d473d78f427 "Level_6"...
[RENDER]       2026-06-29 19:39:30   Rendering world level data.Level#72fdb1f0-1030-11f0-b12c-0d473d78f427 "Level_6"...
[RENDER]       2026-06-29 19:39:30   Rendering world level data.Level#d19c6990-1030-11f0-b12c-9f5692af9d93 "Level_7"...
[RENDER]       2026-06-29 19:39:30   Rendering world level fields data.Level#d19c6990-1030-11f0-b12c-9f5692af9d93 "Level_7"...
[RENDER]       2026-06-29 19:39:30   Rendering world level data.Level#3d974c90-1030-11f0-9400-e92418126557 "Level_3"...
[RENDER]       2026-06-29 19:39:30   Rendering world level fields data.Level#3d974c90-1030-11f0-9400-e92418126557 "Level_3"...
[RENDER]       2026-06-29 19:39:31   Rendering world level data.Level#1e4af520-1030-11f0-af50-ff93dd65ce54 "Level_4"...
[RENDER]       2026-06-29 19:39:31   Rendering world level fields data.Level#1e4af520-1030-11f0-af50-ff93dd65ce54 "Level_4"...
[RENDER]       2026-06-29 19:39:31   Rendering world level fields data.Level#e041e9d0-1030-11f0-b12c-59992e246da5 "Level_5"...
[RENDER]       2026-06-29 19:39:31   Rendering world level fields data.Level#e52cfcd0-1030-11f0-b12c-fb81b8dc6f61 "Level_8"...
[RENDER]       2026-06-29 19:39:32   Rendering world level data.Level#e041e9d0-1030-11f0-b12c-59992e246da5 "Level_5"...
[RENDER]       2026-06-29 19:39:32   Rendering world level fields data.Level#d5ae6780-1030-11f0-996f-efbed2df7e2d "Level_9"...
[RENDER]       2026-06-29 19:39:32   Rendering world level fields data.Level#17922260-fa90-11f0-b873-2b970f47baa3 "Level_12"...
[RENDER]       2026-06-29 19:39:32   Rendering world level data.Level#e52cfcd0-1030-11f0-b12c-fb81b8dc6f61 "Level_8"...
[RENDER]       2026-06-29 19:39:32   Rendering world level fields data.Level#86386280-1030-11f0-996f-3d5dc6593739 "Level_10"...
[RENDER]       2026-06-29 19:39:32   Rendering world level fields data.Level#e358dc00-fa90-11f0-9536-757f38ccabb1 "Level_13"...
[RENDER]       2026-06-29 19:39:32   Rendering world level data.Level#d5ae6780-1030-11f0-996f-efbed2df7e2d "Level_9"...
[RENDER]       2026-06-29 19:39:32   Rendering world level fields data.Level#cb3cd020-1030-11f0-996f-c1d1f3076de4 "Level_11"...
[RENDER]       2026-06-29 19:39:32   Rendering world level fields data.Level#f2c71810-21a0-11f1-b962-971e9169e768 "Level_14"...
[RENDER]       2026-06-29 19:39:32   Rendering world level data.Level#17922260-fa90-11f0-b873-2b970f47baa3 "Level_12"...
[RENDER]       2026-06-29 19:39:32   Rendering world level fields data.Level#bb093bd0-48b0-11f1-a703-bdb8256142e5 "Level_15"...
[RENDER]       2026-06-29 19:39:32   Rendering world level fields data.Level#aeae20c0-48b0-11f1-a703-dfcfcea05a20 "Level_16"...
[RENDER]       2026-06-29 19:39:32   Rendering world level data.Level#86386280-1030-11f0-996f-3d5dc6593739 "Level_10"...
[RENDER]       2026-06-29 19:39:32   Rendering world level fields data.Level#f83af220-48b0-11f1-8b32-f3318e75656e "Level_17"...
[RENDER]       2026-06-29 19:39:32   Rendering world level data.Level#e358dc00-fa90-11f0-9536-757f38ccabb1 "Level_13"...
[RENDER]       2026-06-29 19:39:32   Rendering world level data.Level#cb3cd020-1030-11f0-996f-c1d1f3076de4 "Level_11"...
[RENDER]       2026-06-29 19:39:32   Rendering world level data.Level#f2c71810-21a0-11f1-b962-971e9169e768 "Level_14"...
[RENDER]       2026-06-29 19:39:32   Rendering world level data.Level#bb093bd0-48b0-11f1-a703-bdb8256142e5 "Level_15"...
[RENDER]       2026-06-29 19:39:32   Rendering world level data.Level#aeae20c0-48b0-11f1-a703-dfcfcea05a20 "Level_16"...
[RENDER]       2026-06-29 19:39:32   Rendering world level data.Level#f83af220-48b0-11f1-8b32-f3318e75656e "Level_17"...
[EVENT]        2026-06-29 19:39:37   LevelSelected 332
[USERACTION]   2026-06-29 19:39:37   Opened level data.Level#86386280-1030-11f0-996f-3d5dc6593739 "Level_10"
[TIMELINE]     2026-06-29 19:39:37   Garbage collected level: #0
[USERACTION]   2026-06-29 19:39:37   Closed panel #26 ui.modal.panel.WorldPanel
[WARNING]      2026-06-29 19:39:37   Full level render requested
[RENDER]       2026-06-29 19:39:37   Rendering world bg...
[RENDER]       2026-06-29 19:39:37   Rendering world level data.Level#e041e9d0-1030-11f0-b12c-59992e246da5 "Level_5"...
[RENDER]       2026-06-29 19:39:38   Rendering world level fields data.Level#86386280-1030-11f0-996f-3d5dc6593739 "Level_10"...
[RENDER]       2026-06-29 19:39:38   Rendering world level data.Level#d5ae6780-1030-11f0-996f-efbed2df7e2d "Level_9"...
[RENDER]       2026-06-29 19:39:38   Rendering world level data.Level#86386280-1030-11f0-996f-3d5dc6593739 "Level_10"...
[RENDER]       2026-06-29 19:39:38   Rendering world level data.Level#cb3cd020-1030-11f0-996f-c1d1f3076de4 "Level_11"...
[RENDER]       2026-06-29 19:39:38   Rendering world level data.Level#17922260-fa90-11f0-b873-2b970f47baa3 "Level_12"...
[USERACTION]   2026-06-29 19:39:39   Opened panel #35 ui.modal.panel.WorldPanel
[FILE]         2026-06-29 19:39:39   Reading HTML template worldPanel from cache
[FILE]         2026-06-29 19:39:39   Reading HTML template levelInstanceForm from cache
[RENDER]       2026-06-29 19:39:39   Rendering world bg...
[RENDER]       2026-06-29 19:39:39   Rendering world level data.Level#e041e9d0-1030-11f0-b12c-59992e246da5 "Level_5"...
[RENDER]       2026-06-29 19:39:39   Rendering world level fields data.Level#86386280-1030-11f0-996f-3d5dc6593739 "Level_10"...
[RENDER]       2026-06-29 19:39:39   Rendering world level data.Level#d5ae6780-1030-11f0-996f-efbed2df7e2d "Level_9"...
[RENDER]       2026-06-29 19:39:39   Rendering world level data.Level#17922260-fa90-11f0-b873-2b970f47baa3 "Level_12"...
[RENDER]       2026-06-29 19:39:39   Rendering world level data.Level#86386280-1030-11f0-996f-3d5dc6593739 "Level_10"...
[RENDER]       2026-06-29 19:39:39   Rendering world level data.Level#cb3cd020-1030-11f0-996f-c1d1f3076de4 "Level_11"...
[RENDER]       2026-06-29 19:39:39   Rendering world level data.Level#f2c71810-21a0-11f1-b962-971e9169e768 "Level_14"...
[RENDER]       2026-06-29 19:39:39   Rendering world level data.Level#bb093bd0-48b0-11f1-a703-bdb8256142e5 "Level_15"...
[RENDER]       2026-06-29 19:39:39   Rendering world level data.Level#aeae20c0-48b0-11f1-a703-dfcfcea05a20 "Level_16"...
[RENDER]       2026-06-29 19:39:39   Rendering world level data.Level#f83af220-48b0-11f1-8b32-f3318e75656e "Level_17"...
[EVENT]        2026-06-29 19:39:40   LevelSelected 274
[USERACTION]   2026-06-29 19:39:40   Opened level data.Level#3d974c90-1030-11f0-9400-e92418126557 "Level_3"
[TIMELINE]     2026-06-29 19:39:40   Garbage collected level: #332
[USERACTION]   2026-06-29 19:39:40   Closed panel #35 ui.modal.panel.WorldPanel
[WARNING]      2026-06-29 19:39:40   Full level render requested
[RENDER]       2026-06-29 19:39:40   Rendering world bg...
[RENDER]       2026-06-29 19:39:40   Rendering world level data.Level#3d974c90-1030-11f0-9400-e92418126557 "Level_3"...
[RENDER]       2026-06-29 19:39:40   Rendering world level fields data.Level#3d974c90-1030-11f0-9400-e92418126557 "Level_3"...
[RENDER]       2026-06-29 19:39:40   Rendering world level data.Level#e041e9d0-1030-11f0-b12c-59992e246da5 "Level_5"...
[RENDER]       2026-06-29 19:39:40   Rendering world level data.Level#d19c6990-1030-11f0-b12c-9f5692af9d93 "Level_7"...
[RENDER]       2026-06-29 19:39:40   Rendering world level data.Level#cb3cd020-1030-11f0-996f-c1d1f3076de4 "Level_11"...
[RENDER]       2026-06-29 19:39:40   Rendering world level data.Level#1e4af520-1030-11f0-af50-ff93dd65ce54 "Level_4"...
[USERACTION]   2026-06-29 19:39:40   Opened panel #44 ui.modal.panel.WorldPanel
[FILE]         2026-06-29 19:39:40   Reading HTML template worldPanel from cache
[FILE]         2026-06-29 19:39:40   Reading HTML template levelInstanceForm from cache
[RENDER]       2026-06-29 19:39:40   Rendering world bg...
[RENDER]       2026-06-29 19:39:40   Rendering world level data.Level#3d974c90-1030-11f0-9400-e92418126557 "Level_3"...
[RENDER]       2026-06-29 19:39:40   Rendering world level fields data.Level#3d974c90-1030-11f0-9400-e92418126557 "Level_3"...
[RENDER]       2026-06-29 19:39:40   Rendering world level data.Level#1e4af520-1030-11f0-af50-ff93dd65ce54 "Level_4"...
[RENDER]       2026-06-29 19:39:40   Rendering world level data.Level#e041e9d0-1030-11f0-b12c-59992e246da5 "Level_5"...
[RENDER]       2026-06-29 19:39:41   Rendering world level data.Level#d19c6990-1030-11f0-b12c-9f5692af9d93 "Level_7"...
[RENDER]       2026-06-29 19:39:41   Rendering world level data.Level#86386280-1030-11f0-996f-3d5dc6593739 "Level_10"...
[RENDER]       2026-06-29 19:39:41   Rendering world level data.Level#cb3cd020-1030-11f0-996f-c1d1f3076de4 "Level_11"...
[EVENT]        2026-06-29 19:39:42   LevelSelected 287
[USERACTION]   2026-06-29 19:39:42   Opened level data.Level#1e4af520-1030-11f0-af50-ff93dd65ce54 "Level_4"
[TIMELINE]     2026-06-29 19:39:42   Garbage collected level: #274
[USERACTION]   2026-06-29 19:39:42   Closed panel #44 ui.modal.panel.WorldPanel
[RENDER]       2026-06-29 19:39:42   Rendering world level data.Level#3d974c90-1030-11f0-9400-e92418126557 "Level_3"...
[RENDER]       2026-06-29 19:39:42   Rendering world level fields data.Level#1e4af520-1030-11f0-af50-ff93dd65ce54 "Level_4"...
[WARNING]      2026-06-29 19:39:43   Full level render requested
[RENDER]       2026-06-29 19:39:43   Rendering world bg...
[RENDER]       2026-06-29 19:39:43   Rendering world level data.Level#1e4af520-1030-11f0-af50-ff93dd65ce54 "Level_4"...
[RENDER]       2026-06-29 19:39:43   Rendering world level data.Level#e041e9d0-1030-11f0-b12c-59992e246da5 "Level_5"...
[USERACTION]   2026-06-29 19:39:44   Opened panel #55 ui.modal.panel.WorldPanel
[FILE]         2026-06-29 19:39:44   Reading HTML template worldPanel from cache
[FILE]         2026-06-29 19:39:44   Reading HTML template levelInstanceForm from cache
[RENDER]       2026-06-29 19:39:44   Rendering world bg...
[RENDER]       2026-06-29 19:39:44   Rendering world level data.Level#3d974c90-1030-11f0-9400-e92418126557 "Level_3"...
[RENDER]       2026-06-29 19:39:44   Rendering world level fields data.Level#1e4af520-1030-11f0-af50-ff93dd65ce54 "Level_4"...
[RENDER]       2026-06-29 19:39:44   Rendering world level data.Level#1e4af520-1030-11f0-af50-ff93dd65ce54 "Level_4"...
[RENDER]       2026-06-29 19:39:44   Rendering world level data.Level#e041e9d0-1030-11f0-b12c-59992e246da5 "Level_5"...
[RENDER]       2026-06-29 19:39:44   Rendering world level data.Level#e52cfcd0-1030-11f0-b12c-fb81b8dc6f61 "Level_8"...
[EVENT]        2026-06-29 19:39:45   LevelSelected 287
[USERACTION]   2026-06-29 19:39:45   Opened level data.Level#1e4af520-1030-11f0-af50-ff93dd65ce54 "Level_4"
[RENDER]       2026-06-29 19:39:45   Rendering world level data.Level#3d974c90-1030-11f0-9400-e92418126557 "Level_3"...
[RENDER]       2026-06-29 19:39:45   Rendering world level fields data.Level#1e4af520-1030-11f0-af50-ff93dd65ce54 "Level_4"...
[RENDER]       2026-06-29 19:39:45   Rendering world level data.Level#1e4af520-1030-11f0-af50-ff93dd65ce54 "Level_4"...
[USERACTION]   2026-06-29 19:39:45   Closed panel #55 ui.modal.panel.WorldPanel
[WARNING]      2026-06-29 19:39:45   Full level render requested
[RENDER]       2026-06-29 19:39:45   Rendering world bg...
[RENDER]       2026-06-29 19:39:45   Rendering world level data.Level#3d974c90-1030-11f0-9400-e92418126557 "Level_3"...
[RENDER]       2026-06-29 19:39:46   Rendering world level fields data.Level#1e4af520-1030-11f0-af50-ff93dd65ce54 "Level_4"...
[RENDER]       2026-06-29 19:39:46   Rendering world level data.Level#e041e9d0-1030-11f0-b12c-59992e246da5 "Level_5"...
[RENDER]       2026-06-29 19:39:46   Rendering world level data.Level#e52cfcd0-1030-11f0-b12c-fb81b8dc6f61 "Level_8"...
[SAVE]         2026-06-29 19:39:47   Preparing project saving: /home/angrycompany16/dev/go/mask_of_the_tomb/assets/LDTK/world.ldtk...
[CACHE]        2026-06-29 19:39:47   Garbaging unused image LdtkIcons_336_208_16_16...
[CACHE]        2026-06-29 19:39:47   Disposing cached image LdtkIcons_336_208_16_16...
[CACHE]        2026-06-29 19:39:47   Garbaging unused image LdtkIcons_336_176_16_16...
[CACHE]        2026-06-29 19:39:47   Disposing cached image LdtkIcons_336_176_16_16...
[CACHE]        2026-06-29 19:39:47   Garbaging unused image LdtkIcons_176_16_16_16...
[CACHE]        2026-06-29 19:39:47   Disposing cached image LdtkIcons_176_16_16_16...
[SAVE]         2026-06-29 19:39:47   => PreChecks...
[SAVE]         2026-06-29 19:39:47   => BeforeSavingActions...
[EVENT]        2026-06-29 19:39:47   BeforeProjectSaving
[SAVE]         2026-06-29 19:39:47   => AutoLayers...
[SAVE]         2026-06-29 19:39:47   => Backup...
[SAVE]         2026-06-29 19:39:47   Backing up /home/angrycompany16/dev/go/mask_of_the_tomb/assets/LDTK to /home/angrycompany16/dev/go/mask_of_the_tomb/assets/LDTK/world/backups/94589810-c210-11ef-b2e6-99619d5a4f10_2026-06-29_19-39-47...
[SAVE]         2026-06-29 19:39:47     Found 1 files.
[GENERAL]      2026-06-29 19:39:47   Progress created.
[RENDER]       2026-06-29 19:39:47   Rendering world bg...
[GENERAL]      2026-06-29 19:39:47   Progress started: : "Backup", 2 operation(s)
[SAVE]         2026-06-29 19:39:47   Removing older backup: 94589810-c210-11ef-b2e6-99619d5a4f10_2026-05-10_01-17-46
[GENERAL]      2026-06-29 19:39:47   Progress completed: "Backup" (0s)
[SAVE]         2026-06-29 19:39:47     Done!
[GENERAL]      2026-06-29 19:39:47   Progress created.
[RENDER]       2026-06-29 19:39:47   Rendering world bg...
[GENERAL]      2026-06-29 19:39:47   Progress started: : "Preparing levels...", 18 operation(s)
[GENERAL]      2026-06-29 19:39:47   Progress completed: "Preparing levels..." (0s)
[SAVE]         2026-06-29 19:39:47   => SavingMainFile...
[GENERAL]      2026-06-29 19:39:47   Progress created.
[RENDER]       2026-06-29 19:39:47   Rendering world bg...
[GENERAL]      2026-06-29 19:39:47   Progress started: : "Saving main file...", 2 operation(s)
[SAVE]         2026-06-29 19:39:47     Preparing SavingData...
[SAVE]         2026-06-29 19:39:47     Writing /home/angrycompany16/dev/go/mask_of_the_tomb/assets/LDTK/world.ldtk...
[GENERAL]      2026-06-29 19:39:47   Progress completed: "Saving main file..." (0.4s)
[FILE]         2026-06-29 19:39:47   Emptying dir /home/angrycompany16/dev/go/mask_of_the_tomb/assets/LDTK/world (onlyExts=[ldtkl])...
[SAVE]         2026-06-29 19:39:47   => Done...
[SAVE]         2026-06-29 19:39:47   Saving complete (world.ldtk)
[FILE]         2026-06-29 19:39:47   Saved "world.ldtk".
[EVENT]        2026-06-29 19:39:47   ProjectSaved
[RENDER]       2026-06-29 19:39:47   Rendering world bg...
[RENDER]       2026-06-29 19:39:47   Rendering world level fields data.Level#1e4af520-1030-11f0-af50-ff93dd65ce54 "Level_4"...
[RENDER]       2026-06-29 19:39:50   Rendering world bg...
[RENDER]       2026-06-29 19:39:50   Rendering world bg...
[USERACTION]   2026-06-29 19:39:50   Opened panel #74 ui.modal.panel.EditEntityDefs
[FILE]         2026-06-29 19:39:50   Loading HTML template editEntityDefs
[FILE]         2026-06-29 19:39:50   Loading HTML template fieldDefsForm
[FILE]         2026-06-29 19:39:50   Loading HTML template pivotEditor
[RENDER]       2026-06-29 19:39:50   Rendering world bg...
[RENDER]       2026-06-29 19:39:50   Rendering world bg...
[RENDER]       2026-06-29 19:39:55   Rendering world bg...
[RENDER]       2026-06-29 19:39:58   Rendering world bg...
[RENDER]       2026-06-29 19:39:58   Rendering world bg...
[RENDER]       2026-06-29 19:39:58   Rendering world bg...
[RENDER]       2026-06-29 19:39:59   Rendering world bg...
[RENDER]       2026-06-29 19:39:59   Rendering world bg...
[FILE]         2026-06-29 19:40:01   Reading HTML template pivotEditor from cache
[EVENT]        2026-06-29 19:40:01   EntityDefAdded
[FILE]         2026-06-29 19:40:01   Reading HTML template pivotEditor from cache
[EVENT]        2026-06-29 19:40:03   EntityDefChanged
[EVENT]        2026-06-29 19:40:03   LevelJsonCacheInvalidated
[EVENT]        2026-06-29 19:40:03   LevelJsonCacheInvalidated
[EVENT]        2026-06-29 19:40:03   LevelJsonCacheInvalidated
[EVENT]        2026-06-29 19:40:03   LevelJsonCacheInvalidated
[EVENT]        2026-06-29 19:40:03   LevelJsonCacheInvalidated
[EVENT]        2026-06-29 19:40:03   LevelJsonCacheInvalidated
[EVENT]        2026-06-29 19:40:03   LevelJsonCacheInvalidated
[EVENT]        2026-06-29 19:40:03   LevelJsonCacheInvalidated
[EVENT]        2026-06-29 19:40:03   LevelJsonCacheInvalidated
[EVENT]        2026-06-29 19:40:03   LevelJsonCacheInvalidated
[EVENT]        2026-06-29 19:40:03   LevelJsonCacheInvalidated
[EVENT]        2026-06-29 19:40:03   LevelJsonCacheInvalidated
[EVENT]        2026-06-29 19:40:03   LevelJsonCacheInvalidated
[EVENT]        2026-06-29 19:40:03   LevelJsonCacheInvalidated
[EVENT]        2026-06-29 19:40:03   LevelJsonCacheInvalidated
[EVENT]        2026-06-29 19:40:03   LevelJsonCacheInvalidated
[EVENT]        2026-06-29 19:40:03   LevelJsonCacheInvalidated
[EVENT]        2026-06-29 19:40:03   LevelJsonCacheInvalidated
[FILE]         2026-06-29 19:40:03   Reading HTML template pivotEditor from cache
[RENDER]       2026-06-29 19:40:03   Rendering world level fields data.Level#1e4af520-1030-11f0-af50-ff93dd65ce54 "Level_4"...
[RENDER]       2026-06-29 19:40:03   Rendering world bg...
[RENDER]       2026-06-29 19:40:04   Rendering world bg...
[RENDER]       2026-06-29 19:40:04   Rendering world bg...
[RENDER]       2026-06-29 19:40:04   Rendering world bg...
[RENDER]       2026-06-29 19:40:04   Rendering world bg...
[RENDER]       2026-06-29 19:40:05   Rendering world bg...
[EVENT]        2026-06-29 19:40:10   EntityDefChanged
[FILE]         2026-06-29 19:40:10   Reading HTML template pivotEditor from cache
[RENDER]       2026-06-29 19:40:10   Rendering world bg...
[RENDER]       2026-06-29 19:40:11   Rendering world bg...
[RENDER]       2026-06-29 19:40:11   Rendering world bg...
[RENDER]       2026-06-29 19:40:11   Rendering world bg...
[RENDER]       2026-06-29 19:40:12   Rendering world bg...
[RENDER]       2026-06-29 19:40:12   Rendering world bg...
[EVENT]        2026-06-29 19:40:15   EntityDefChanged
[FILE]         2026-06-29 19:40:15   Reading HTML template pivotEditor from cache
[RENDER]       2026-06-29 19:40:15   Rendering world bg...
[RENDER]       2026-06-29 19:40:15   Rendering world bg...
[RENDER]       2026-06-29 19:40:16   Rendering world bg...
[RENDER]       2026-06-29 19:40:16   Rendering world bg...
[RENDER]       2026-06-29 19:40:16   Rendering world bg...
[RENDER]       2026-06-29 19:40:16   Rendering world bg...
[RENDER]       2026-06-29 19:40:25   Rendering world bg...
[RENDER]       2026-06-29 19:40:27   Rendering world bg...
[RENDER]       2026-06-29 19:40:28   Rendering world bg...
[RENDER]       2026-06-29 19:40:28   Rendering world bg...
[RENDER]       2026-06-29 19:40:29   Rendering world bg...
[RENDER]       2026-06-29 19:40:29   Rendering world bg...
[RENDER]       2026-06-29 19:40:31   Rendering world bg...
[RENDER]       2026-06-29 19:40:31   Rendering world bg...
[RENDER]       2026-06-29 19:40:31   Rendering world bg...
[RENDER]       2026-06-29 19:40:32   Rendering world bg...
[RENDER]       2026-06-29 19:40:33   Rendering world bg...
[RENDER]       2026-06-29 19:40:33   Rendering world bg...
[RENDER]       2026-06-29 19:40:33   Rendering world bg...
[RENDER]       2026-06-29 19:40:34   Rendering world bg...
[RENDER]       2026-06-29 19:40:34   Rendering world bg...
[RENDER]       2026-06-29 19:40:35   Rendering world bg...
[RENDER]       2026-06-29 19:40:36   Rendering world bg...
[RENDER]       2026-06-29 19:40:37   Rendering world bg...
[RENDER]       2026-06-29 19:40:37   Rendering world bg...
[EVENT]        2026-06-29 19:40:48   EntityDefChanged
[FILE]         2026-06-29 19:40:48   Reading HTML template pivotEditor from cache
[RENDER]       2026-06-29 19:40:48   Rendering world bg...
[USERACTION]   2026-06-29 19:40:50   Closed panel #74 ui.modal.panel.EditEntityDefs
[EVENT]        2026-06-29 19:40:52   LayerInstanceEditedByTool
[USERACTION]   2026-06-29 19:40:52   EntityTool: mode=Add, in LayerInst#266 "Entities" [Entities]
[FILE]         2026-06-29 19:40:52   Loading HTML template entityInstanceEditor
[USERACTION]   2026-06-29 19:40:52   Added entity EntityInst "DefaultSpawnPos" @224,120
[EVENT]        2026-06-29 19:40:52   EntityInstanceAdded 7
[RENDER]       2026-06-29 19:40:52   Rendering world bg...
[EVENT]        2026-06-29 19:40:56   EntityInstanceRemoved 7
[EVENT]        2026-06-29 19:40:56   LayerInstanceEditedByTool
[RENDER]       2026-06-29 19:40:56   Rendering world bg...
[USERACTION]   2026-06-29 19:40:56   EntityTool: mode=Remove, in LayerInst#266 "Entities" [Entities]
[RENDER]       2026-06-29 19:40:57   Rendering world bg...
[EVENT]        2026-06-29 19:40:59   LayerInstanceEditedByTool
[USERACTION]   2026-06-29 19:40:59   EntityTool: mode=Add, in LayerInst#266 "Entities" [Entities]
[FILE]         2026-06-29 19:40:59   Reading HTML template entityInstanceEditor from cache
[USERACTION]   2026-06-29 19:40:59   Added entity EntityInst "Sprite" @216,136
[EVENT]        2026-06-29 19:40:59   EntityInstanceAdded 484
[RENDER]       2026-06-29 19:40:59   Rendering world bg...
[FILE]         2026-06-29 19:41:01   Reading HTML template entityInstanceEditor from cache
[RENDER]       2026-06-29 19:41:01   Rendering world bg...
[EVENT]        2026-06-29 19:41:02   EntityInstanceChanged 484
[EVENT]        2026-06-29 19:41:02   LayerInstanceChangedGlobally 266
[EVENT]        2026-06-29 19:41:02   LayerInstanceEditedByTool
[USERACTION]   2026-06-29 19:41:02   SelectionTool: mode=Add, in LayerInst#266 "Entities" [Entities]
[RENDER]       2026-06-29 19:41:02   Rendering world bg...
[RENDER]       2026-06-29 19:41:04   Rendering world bg...
[RENDER]       2026-06-29 19:41:04   Rendering world bg...
[RENDER]       2026-06-29 19:41:04   Rendering world bg...
[RENDER]       2026-06-29 19:41:04   Rendering world bg...
[USERACTION]   2026-06-29 19:41:05   Opened panel #219 ui.modal.panel.EditEntityDefs
[FILE]         2026-06-29 19:41:05   Reading HTML template editEntityDefs from cache
[FILE]         2026-06-29 19:41:05   Reading HTML template fieldDefsForm from cache
[FILE]         2026-06-29 19:41:05   Reading HTML template pivotEditor from cache
[RENDER]       2026-06-29 19:41:05   Rendering world bg...
[RENDER]       2026-06-29 19:41:05   Rendering world bg...
[RENDER]       2026-06-29 19:41:05   Rendering world bg...
[RENDER]       2026-06-29 19:41:06   Rendering world bg...
[RENDER]       2026-06-29 19:41:06   Rendering world bg...
[RENDER]       2026-06-29 19:41:06   Rendering world bg...
[EVENT]        2026-06-29 19:41:08   EntityDefChanged
[FILE]         2026-06-29 19:41:08   Reading HTML template pivotEditor from cache
[RENDER]       2026-06-29 19:41:08   Rendering world bg...
[RENDER]       2026-06-29 19:41:08   Rendering world bg...
[RENDER]       2026-06-29 19:41:08   Rendering world bg...
[RENDER]       2026-06-29 19:41:09   Rendering world bg...
[RENDER]       2026-06-29 19:41:09   Rendering world bg...
[RENDER]       2026-06-29 19:41:09   Rendering world bg...
[RENDER]       2026-06-29 19:41:09   Rendering world bg...
[RENDER]       2026-06-29 19:41:09   Rendering world bg...
[RENDER]       2026-06-29 19:41:09   Rendering world bg...
[RENDER]       2026-06-29 19:41:10   Rendering world bg...
[RENDER]       2026-06-29 19:41:10   Rendering world bg...
[RENDER]       2026-06-29 19:41:11   Rendering world bg...
[RENDER]       2026-06-29 19:41:11   Rendering world bg...
[EVENT]        2026-06-29 19:41:14   EntityDefChanged
[FILE]         2026-06-29 19:41:14   Reading HTML template pivotEditor from cache
[RENDER]       2026-06-29 19:41:14   Rendering world bg...
[RENDER]       2026-06-29 19:41:14   Rendering world bg...
[RENDER]       2026-06-29 19:41:15   Rendering world bg...
[RENDER]       2026-06-29 19:41:15   Rendering world bg...
[EVENT]        2026-06-29 19:41:18   EntityDefChanged
[FILE]         2026-06-29 19:41:18   Reading HTML template pivotEditor from cache
[RENDER]       2026-06-29 19:41:18   Rendering world bg...
[RENDER]       2026-06-29 19:41:18   Rendering world bg...
[RENDER]       2026-06-29 19:41:19   Rendering world bg...
[RENDER]       2026-06-29 19:41:19   Rendering world bg...
[USERACTION]   2026-06-29 19:41:22   Closed panel #219 ui.modal.panel.EditEntityDefs
[RENDER]       2026-06-29 19:41:24   Rendering world bg...
[RENDER]       2026-06-29 19:41:24   Rendering world bg...
[RENDER]       2026-06-29 19:41:24   Rendering world bg...
[RENDER]       2026-06-29 19:41:24   Rendering world bg...
[RENDER]       2026-06-29 19:41:24   Rendering world bg...
[RENDER]       2026-06-29 19:41:25   Rendering world bg...
[RENDER]       2026-06-29 19:41:25   Rendering world bg...
[RENDER]       2026-06-29 19:41:25   Rendering world bg...
[RENDER]       2026-06-29 19:41:25   Rendering world bg...
[RENDER]       2026-06-29 19:41:25   Rendering world bg...
[USERACTION]   2026-06-29 19:41:26   Opened panel #283 ui.modal.panel.EditEntityDefs
[FILE]         2026-06-29 19:41:26   Reading HTML template editEntityDefs from cache
[FILE]         2026-06-29 19:41:26   Reading HTML template fieldDefsForm from cache
[FILE]         2026-06-29 19:41:26   Reading HTML template pivotEditor from cache
[RENDER]       2026-06-29 19:41:26   Rendering world bg...
[RENDER]       2026-06-29 19:41:26   Rendering world bg...
[RENDER]       2026-06-29 19:41:26   Rendering world bg...
[RENDER]       2026-06-29 19:41:26   Rendering world bg...
[RENDER]       2026-06-29 19:41:27   Rendering world bg...
[EVENT]        2026-06-29 19:41:27   EntityDefChanged
[FILE]         2026-06-29 19:41:27   Reading HTML template pivotEditor from cache
[RENDER]       2026-06-29 19:41:27   Rendering world bg...
[RENDER]       2026-06-29 19:41:27   Rendering world bg...
[EVENT]        2026-06-29 19:41:28   EntityDefChanged
[FILE]         2026-06-29 19:41:28   Reading HTML template pivotEditor from cache
[RENDER]       2026-06-29 19:41:28   Rendering world bg...
[RENDER]       2026-06-29 19:41:28   Rendering world bg...
[RENDER]       2026-06-29 19:41:32   Rendering world bg...
[RENDER]       2026-06-29 19:41:32   Rendering world bg...
[RENDER]       2026-06-29 19:41:33   Rendering world bg...
[RENDER]       2026-06-29 19:41:33   Rendering world bg...
[EVENT]        2026-06-29 19:41:38   EntityDefChanged
[FILE]         2026-06-29 19:41:38   Reading HTML template pivotEditor from cache
[RENDER]       2026-06-29 19:41:39   Rendering world bg...
[USERACTION]   2026-06-29 19:41:40   Closed panel #283 ui.modal.panel.EditEntityDefs
[FILE]         2026-06-29 19:41:41   Reading HTML template entityInstanceEditor from cache
[RENDER]       2026-06-29 19:41:41   Rendering world bg...
[EVENT]        2026-06-29 19:41:42   EntityInstanceChanged 484
[RENDER]       2026-06-29 19:41:42   Rendering world bg...
[EVENT]        2026-06-29 19:41:42   EntityInstanceChanged 484
[RENDER]       2026-06-29 19:41:42   Rendering world bg...
[EVENT]        2026-06-29 19:41:42   EntityInstanceChanged 484
[RENDER]       2026-06-29 19:41:42   Rendering world bg...
[EVENT]        2026-06-29 19:41:42   EntityInstanceChanged 484
[RENDER]       2026-06-29 19:41:42   Rendering world bg...
[EVENT]        2026-06-29 19:41:42   EntityInstanceChanged 484
[RENDER]       2026-06-29 19:41:42   Rendering world bg...
[EVENT]        2026-06-29 19:41:42   EntityInstanceChanged 484
[RENDER]       2026-06-29 19:41:42   Rendering world bg...
[EVENT]        2026-06-29 19:41:42   EntityInstanceChanged 484
[RENDER]       2026-06-29 19:41:42   Rendering world bg...
[EVENT]        2026-06-29 19:41:42   EntityInstanceChanged 484
[RENDER]       2026-06-29 19:41:42   Rendering world bg...
[EVENT]        2026-06-29 19:41:42   EntityInstanceChanged 484
[RENDER]       2026-06-29 19:41:42   Rendering world bg...
[EVENT]        2026-06-29 19:41:42   EntityInstanceChanged 484
[RENDER]       2026-06-29 19:41:42   Rendering world bg...
[EVENT]        2026-06-29 19:41:42   EntityInstanceChanged 484
[RENDER]       2026-06-29 19:41:42   Rendering world bg...
[EVENT]        2026-06-29 19:41:42   EntityInstanceChanged 484
[RENDER]       2026-06-29 19:41:42   Rendering world bg...
[EVENT]        2026-06-29 19:41:42   EntityInstanceChanged 484
[RENDER]       2026-06-29 19:41:42   Rendering world bg...
[EVENT]        2026-06-29 19:41:42   EntityInstanceChanged 484
[RENDER]       2026-06-29 19:41:42   Rendering world bg...
[EVENT]        2026-06-29 19:41:42   EntityInstanceChanged 484
[RENDER]       2026-06-29 19:41:42   Rendering world bg...
[EVENT]        2026-06-29 19:41:42   EntityInstanceChanged 484
[RENDER]       2026-06-29 19:41:42   Rendering world bg...
[EVENT]        2026-06-29 19:41:42   EntityInstanceChanged 484
[RENDER]       2026-06-29 19:41:42   Rendering world bg...
[EVENT]        2026-06-29 19:41:42   EntityInstanceChanged 484
[RENDER]       2026-06-29 19:41:42   Rendering world bg...
[EVENT]        2026-06-29 19:41:42   EntityInstanceChanged 484
[RENDER]       2026-06-29 19:41:42   Rendering world bg...
[EVENT]        2026-06-29 19:41:42   EntityInstanceChanged 484
[RENDER]       2026-06-29 19:41:42   Rendering world bg...
[EVENT]        2026-06-29 19:41:42   EntityInstanceChanged 484
[RENDER]       2026-06-29 19:41:42   Rendering world bg...
[EVENT]        2026-06-29 19:41:42   EntityInstanceChanged 484
[RENDER]       2026-06-29 19:41:42   Rendering world bg...
[EVENT]        2026-06-29 19:41:43   EntityInstanceChanged 484
[RENDER]       2026-06-29 19:41:43   Rendering world bg...
[EVENT]        2026-06-29 19:41:44   EntityInstanceChanged 484
[RENDER]       2026-06-29 19:41:44   Rendering world bg...
[EVENT]        2026-06-29 19:41:44   EntityInstanceChanged 484
[RENDER]       2026-06-29 19:41:44   Rendering world bg...
[EVENT]        2026-06-29 19:41:44   EntityInstanceChanged 484
[RENDER]       2026-06-29 19:41:44   Rendering world bg...
[EVENT]        2026-06-29 19:41:44   EntityInstanceChanged 484
[RENDER]       2026-06-29 19:41:44   Rendering world bg...
[EVENT]        2026-06-29 19:41:44   EntityInstanceChanged 484
[RENDER]       2026-06-29 19:41:44   Rendering world bg...
[EVENT]        2026-06-29 19:41:44   EntityInstanceChanged 484
[RENDER]       2026-06-29 19:41:44   Rendering world bg...
[EVENT]        2026-06-29 19:41:44   EntityInstanceChanged 484
[RENDER]       2026-06-29 19:41:44   Rendering world bg...
[EVENT]        2026-06-29 19:41:44   EntityInstanceChanged 484
[RENDER]       2026-06-29 19:41:44   Rendering world bg...
[EVENT]        2026-06-29 19:41:44   EntityInstanceChanged 484
[RENDER]       2026-06-29 19:41:44   Rendering world bg...
[EVENT]        2026-06-29 19:41:44   EntityInstanceChanged 484
[RENDER]       2026-06-29 19:41:44   Rendering world bg...
[EVENT]        2026-06-29 19:41:44   EntityInstanceChanged 484
[RENDER]       2026-06-29 19:41:44   Rendering world bg...
[EVENT]        2026-06-29 19:41:44   EntityInstanceChanged 484
[RENDER]       2026-06-29 19:41:44   Rendering world bg...
[EVENT]        2026-06-29 19:41:44   EntityInstanceChanged 484
[RENDER]       2026-06-29 19:41:44   Rendering world bg...
[EVENT]        2026-06-29 19:41:44   EntityInstanceChanged 484
[RENDER]       2026-06-29 19:41:44   Rendering world bg...
[EVENT]        2026-06-29 19:41:44   EntityInstanceChanged 484
[RENDER]       2026-06-29 19:41:44   Rendering world bg...
[EVENT]        2026-06-29 19:41:44   EntityInstanceChanged 484
[RENDER]       2026-06-29 19:41:44   Rendering world bg...
[EVENT]        2026-06-29 19:41:44   EntityInstanceChanged 484
[RENDER]       2026-06-29 19:41:44   Rendering world bg...
[EVENT]        2026-06-29 19:41:44   EntityInstanceChanged 484
[RENDER]       2026-06-29 19:41:44   Rendering world bg...
[EVENT]        2026-06-29 19:41:44   EntityInstanceChanged 484
[RENDER]       2026-06-29 19:41:44   Rendering world bg...
[EVENT]        2026-06-29 19:41:44   EntityInstanceChanged 484
[RENDER]       2026-06-29 19:41:44   Rendering world bg...
[EVENT]        2026-06-29 19:41:44   EntityInstanceChanged 484
[RENDER]       2026-06-29 19:41:44   Rendering world bg...
[EVENT]        2026-06-29 19:41:44   EntityInstanceChanged 484
[RENDER]       2026-06-29 19:41:44   Rendering world bg...
[EVENT]        2026-06-29 19:41:44   EntityInstanceChanged 484
[RENDER]       2026-06-29 19:41:44   Rendering world bg...
[EVENT]        2026-06-29 19:41:44   EntityInstanceChanged 484
[RENDER]       2026-06-29 19:41:44   Rendering world bg...
[EVENT]        2026-06-29 19:41:44   EntityInstanceChanged 484
[RENDER]       2026-06-29 19:41:44   Rendering world bg...
[EVENT]        2026-06-29 19:41:44   EntityInstanceChanged 484
[RENDER]       2026-06-29 19:41:44   Rendering world bg...
[EVENT]        2026-06-29 19:41:44   EntityInstanceChanged 484
[RENDER]       2026-06-29 19:41:44   Rendering world bg...
[EVENT]        2026-06-29 19:41:44   EntityInstanceChanged 484
[RENDER]       2026-06-29 19:41:44   Rendering world bg...
[EVENT]        2026-06-29 19:41:44   EntityInstanceChanged 484
[RENDER]       2026-06-29 19:41:44   Rendering world bg...
[EVENT]        2026-06-29 19:41:44   EntityInstanceChanged 484
[RENDER]       2026-06-29 19:41:44   Rendering world bg...
[EVENT]        2026-06-29 19:41:44   EntityInstanceChanged 484
[RENDER]       2026-06-29 19:41:44   Rendering world bg...
[EVENT]        2026-06-29 19:41:44   EntityInstanceChanged 484
[RENDER]       2026-06-29 19:41:44   Rendering world bg...
[EVENT]        2026-06-29 19:41:44   EntityInstanceChanged 484
[RENDER]       2026-06-29 19:41:44   Rendering world bg...
[EVENT]        2026-06-29 19:41:44   EntityInstanceChanged 484
[RENDER]       2026-06-29 19:41:44   Rendering world bg...
[EVENT]        2026-06-29 19:41:44   EntityInstanceChanged 484
[RENDER]       2026-06-29 19:41:44   Rendering world bg...
[EVENT]        2026-06-29 19:41:44   EntityInstanceChanged 484
[RENDER]       2026-06-29 19:41:44   Rendering world bg...
[EVENT]        2026-06-29 19:41:44   EntityInstanceChanged 484
[RENDER]       2026-06-29 19:41:45   Rendering world bg...
[EVENT]        2026-06-29 19:41:45   EntityInstanceChanged 484
[RENDER]       2026-06-29 19:41:45   Rendering world bg...
[EVENT]        2026-06-29 19:41:45   EntityInstanceChanged 484
[RENDER]       2026-06-29 19:41:45   Rendering world bg...
[EVENT]        2026-06-29 19:41:45   EntityInstanceChanged 484
[RENDER]       2026-06-29 19:41:45   Rendering world bg...
[EVENT]        2026-06-29 19:41:45   EntityInstanceChanged 484
[RENDER]       2026-06-29 19:41:45   Rendering world bg...
[EVENT]        2026-06-29 19:41:45   EntityInstanceChanged 484
[RENDER]       2026-06-29 19:41:45   Rendering world bg...
[EVENT]        2026-06-29 19:41:45   EntityInstanceChanged 484
[RENDER]       2026-06-29 19:41:45   Rendering world bg...
[EVENT]        2026-06-29 19:41:45   EntityInstanceChanged 484
[RENDER]       2026-06-29 19:41:45   Rendering world bg...
[EVENT]        2026-06-29 19:41:45   EntityInstanceChanged 484
[RENDER]       2026-06-29 19:41:45   Rendering world bg...
[EVENT]        2026-06-29 19:41:45   EntityInstanceChanged 484
[RENDER]       2026-06-29 19:41:45   Rendering world bg...
[EVENT]        2026-06-29 19:41:45   EntityInstanceChanged 484
[RENDER]       2026-06-29 19:41:45   Rendering world bg...
[EVENT]        2026-06-29 19:41:45   EntityInstanceChanged 484
[RENDER]       2026-06-29 19:41:45   Rendering world bg...
[EVENT]        2026-06-29 19:41:45   EntityInstanceChanged 484
[RENDER]       2026-06-29 19:41:45   Rendering world bg...
[EVENT]        2026-06-29 19:41:45   EntityInstanceChanged 484
[RENDER]       2026-06-29 19:41:45   Rendering world bg...
[EVENT]        2026-06-29 19:41:45   EntityInstanceChanged 484
[RENDER]       2026-06-29 19:41:45   Rendering world bg...
[EVENT]        2026-06-29 19:41:45   EntityInstanceChanged 484
[RENDER]       2026-06-29 19:41:45   Rendering world bg...
[EVENT]        2026-06-29 19:41:46   EntityInstanceChanged 484
[RENDER]       2026-06-29 19:41:46   Rendering world bg...
[EVENT]        2026-06-29 19:41:46   EntityInstanceChanged 484
[RENDER]       2026-06-29 19:41:46   Rendering world bg...
[EVENT]        2026-06-29 19:41:46   EntityInstanceChanged 484
[RENDER]       2026-06-29 19:41:46   Rendering world bg...
[EVENT]        2026-06-29 19:41:46   EntityInstanceChanged 484
[RENDER]       2026-06-29 19:41:46   Rendering world bg...
[EVENT]        2026-06-29 19:41:46   EntityInstanceChanged 484
[RENDER]       2026-06-29 19:41:46   Rendering world bg...
[EVENT]        2026-06-29 19:41:46   EntityInstanceChanged 484
[RENDER]       2026-06-29 19:41:46   Rendering world bg...
[EVENT]        2026-06-29 19:41:46   EntityInstanceChanged 484
[RENDER]       2026-06-29 19:41:46   Rendering world bg...
[EVENT]        2026-06-29 19:41:46   EntityInstanceChanged 484
[RENDER]       2026-06-29 19:41:46   Rendering world bg...
[EVENT]        2026-06-29 19:41:46   EntityInstanceChanged 484
[RENDER]       2026-06-29 19:41:46   Rendering world bg...
[EVENT]        2026-06-29 19:41:46   EntityInstanceChanged 484
[RENDER]       2026-06-29 19:41:46   Rendering world bg...
[EVENT]        2026-06-29 19:41:46   EntityInstanceChanged 484
[RENDER]       2026-06-29 19:41:46   Rendering world bg...
[EVENT]        2026-06-29 19:41:46   EntityInstanceChanged 484
[RENDER]       2026-06-29 19:41:46   Rendering world bg...
[EVENT]        2026-06-29 19:41:46   EntityInstanceChanged 484
[RENDER]       2026-06-29 19:41:46   Rendering world bg...
[EVENT]        2026-06-29 19:41:46   EntityInstanceChanged 484
[RENDER]       2026-06-29 19:41:46   Rendering world bg...
[EVENT]        2026-06-29 19:41:46   EntityInstanceChanged 484
[RENDER]       2026-06-29 19:41:46   Rendering world bg...
[EVENT]        2026-06-29 19:41:46   EntityInstanceChanged 484
[RENDER]       2026-06-29 19:41:46   Rendering world bg...
[EVENT]        2026-06-29 19:41:46   EntityInstanceChanged 484
[RENDER]       2026-06-29 19:41:46   Rendering world bg...
[EVENT]        2026-06-29 19:41:46   EntityInstanceChanged 484
[RENDER]       2026-06-29 19:41:46   Rendering world bg...
[EVENT]        2026-06-29 19:41:46   EntityInstanceChanged 484
[RENDER]       2026-06-29 19:41:46   Rendering world bg...
[EVENT]        2026-06-29 19:41:46   EntityInstanceChanged 484
[RENDER]       2026-06-29 19:41:46   Rendering world bg...
[EVENT]        2026-06-29 19:41:46   EntityInstanceChanged 484
[RENDER]       2026-06-29 19:41:46   Rendering world bg...
[EVENT]        2026-06-29 19:41:46   EntityInstanceChanged 484
[RENDER]       2026-06-29 19:41:46   Rendering world bg...
[EVENT]        2026-06-29 19:41:46   EntityInstanceChanged 484
[RENDER]       2026-06-29 19:41:46   Rendering world bg...
[EVENT]        2026-06-29 19:41:46   EntityInstanceChanged 484
[RENDER]       2026-06-29 19:41:46   Rendering world bg...
[EVENT]        2026-06-29 19:41:46   EntityInstanceChanged 484
[RENDER]       2026-06-29 19:41:46   Rendering world bg...
[EVENT]        2026-06-29 19:41:46   EntityInstanceChanged 484
[RENDER]       2026-06-29 19:41:46   Rendering world bg...
[EVENT]        2026-06-29 19:41:46   EntityInstanceChanged 484
[RENDER]       2026-06-29 19:41:46   Rendering world bg...
[EVENT]        2026-06-29 19:41:46   EntityInstanceChanged 484
[RENDER]       2026-06-29 19:41:46   Rendering world bg...
[EVENT]        2026-06-29 19:41:46   EntityInstanceChanged 484
[RENDER]       2026-06-29 19:41:46   Rendering world bg...
[EVENT]        2026-06-29 19:41:46   EntityInstanceChanged 484
[RENDER]       2026-06-29 19:41:46   Rendering world bg...
[EVENT]        2026-06-29 19:41:46   EntityInstanceChanged 484
[RENDER]       2026-06-29 19:41:46   Rendering world bg...
[EVENT]        2026-06-29 19:41:46   EntityInstanceChanged 484
[RENDER]       2026-06-29 19:41:46   Rendering world bg...
[EVENT]        2026-06-29 19:41:46   EntityInstanceChanged 484
[RENDER]       2026-06-29 19:41:46   Rendering world bg...
[EVENT]        2026-06-29 19:41:46   EntityInstanceChanged 484
[RENDER]       2026-06-29 19:41:46   Rendering world bg...
[EVENT]        2026-06-29 19:41:46   EntityInstanceChanged 484
[RENDER]       2026-06-29 19:41:46   Rendering world bg...
[EVENT]        2026-06-29 19:41:46   EntityInstanceChanged 484
[RENDER]       2026-06-29 19:41:46   Rendering world bg...
[EVENT]        2026-06-29 19:41:46   EntityInstanceChanged 484
[RENDER]       2026-06-29 19:41:46   Rendering world bg...
[EVENT]        2026-06-29 19:41:46   EntityInstanceChanged 484
[RENDER]       2026-06-29 19:41:46   Rendering world bg...
[EVENT]        2026-06-29 19:41:46   EntityInstanceChanged 484
[RENDER]       2026-06-29 19:41:46   Rendering world bg...
[EVENT]        2026-06-29 19:41:46   EntityInstanceChanged 484
[RENDER]       2026-06-29 19:41:46   Rendering world bg...
[EVENT]        2026-06-29 19:41:46   EntityInstanceChanged 484
[RENDER]       2026-06-29 19:41:46   Rendering world bg...
[EVENT]        2026-06-29 19:41:46   EntityInstanceChanged 484
[RENDER]       2026-06-29 19:41:46   Rendering world bg...
[EVENT]        2026-06-29 19:41:47   EntityInstanceChanged 484
[RENDER]       2026-06-29 19:41:47   Rendering world bg...
[EVENT]        2026-06-29 19:41:47   EntityInstanceChanged 484
[RENDER]       2026-06-29 19:41:47   Rendering world bg...
[EVENT]        2026-06-29 19:41:47   EntityInstanceChanged 484
[RENDER]       2026-06-29 19:41:47   Rendering world bg...
[EVENT]        2026-06-29 19:41:47   EntityInstanceChanged 484
[RENDER]       2026-06-29 19:41:47   Rendering world bg...
[EVENT]        2026-06-29 19:41:47   EntityInstanceChanged 484
[RENDER]       2026-06-29 19:41:47   Rendering world bg...
[EVENT]        2026-06-29 19:41:47   EntityInstanceChanged 484
[RENDER]       2026-06-29 19:41:47   Rendering world bg...
[EVENT]        2026-06-29 19:41:47   EntityInstanceChanged 484
[RENDER]       2026-06-29 19:41:47   Rendering world bg...
[EVENT]        2026-06-29 19:41:47   EntityInstanceChanged 484
[RENDER]       2026-06-29 19:41:47   Rendering world bg...
[EVENT]        2026-06-29 19:41:47   EntityInstanceChanged 484
[RENDER]       2026-06-29 19:41:47   Rendering world bg...
[EVENT]        2026-06-29 19:41:47   EntityInstanceChanged 484
[RENDER]       2026-06-29 19:41:47   Rendering world bg...
[EVENT]        2026-06-29 19:41:47   EntityInstanceChanged 484
[RENDER]       2026-06-29 19:41:47   Rendering world bg...
[EVENT]        2026-06-29 19:41:47   EntityInstanceChanged 484
[RENDER]       2026-06-29 19:41:47   Rendering world bg...
[EVENT]        2026-06-29 19:41:47   EntityInstanceChanged 484
[RENDER]       2026-06-29 19:41:47   Rendering world bg...
[EVENT]        2026-06-29 19:41:47   EntityInstanceChanged 484
[RENDER]       2026-06-29 19:41:47   Rendering world bg...
[EVENT]        2026-06-29 19:41:47   EntityInstanceChanged 484
[RENDER]       2026-06-29 19:41:47   Rendering world bg...
[EVENT]        2026-06-29 19:41:47   EntityInstanceChanged 484
[RENDER]       2026-06-29 19:41:47   Rendering world bg...
[EVENT]        2026-06-29 19:41:47   EntityInstanceChanged 484
[RENDER]       2026-06-29 19:41:47   Rendering world bg...
[EVENT]        2026-06-29 19:41:47   EntityInstanceChanged 484
[RENDER]       2026-06-29 19:41:47   Rendering world bg...
[EVENT]        2026-06-29 19:41:47   EntityInstanceChanged 484
[RENDER]       2026-06-29 19:41:47   Rendering world bg...
[EVENT]        2026-06-29 19:41:47   EntityInstanceChanged 484
[RENDER]       2026-06-29 19:41:47   Rendering world bg...
[EVENT]        2026-06-29 19:41:47   EntityInstanceChanged 484
[RENDER]       2026-06-29 19:41:47   Rendering world bg...
[EVENT]        2026-06-29 19:41:47   EntityInstanceChanged 484
[RENDER]       2026-06-29 19:41:47   Rendering world bg...
[EVENT]        2026-06-29 19:41:47   EntityInstanceChanged 484
[RENDER]       2026-06-29 19:41:47   Rendering world bg...
[EVENT]        2026-06-29 19:41:47   EntityInstanceChanged 484
[RENDER]       2026-06-29 19:41:47   Rendering world bg...
[EVENT]        2026-06-29 19:41:47   EntityInstanceChanged 484
[RENDER]       2026-06-29 19:41:47   Rendering world bg...
[EVENT]        2026-06-29 19:41:47   EntityInstanceChanged 484
[RENDER]       2026-06-29 19:41:47   Rendering world bg...
[EVENT]        2026-06-29 19:41:47   EntityInstanceChanged 484
[RENDER]       2026-06-29 19:41:47   Rendering world bg...
[EVENT]        2026-06-29 19:41:47   EntityInstanceChanged 484
[RENDER]       2026-06-29 19:41:47   Rendering world bg...
[EVENT]        2026-06-29 19:41:47   EntityInstanceChanged 484
[RENDER]       2026-06-29 19:41:47   Rendering world bg...
[EVENT]        2026-06-29 19:41:47   EntityInstanceChanged 484
[RENDER]       2026-06-29 19:41:47   Rendering world bg...
[EVENT]        2026-06-29 19:41:47   EntityInstanceChanged 484
[RENDER]       2026-06-29 19:41:47   Rendering world bg...
[EVENT]        2026-06-29 19:41:47   EntityInstanceChanged 484
[RENDER]       2026-06-29 19:41:47   Rendering world bg...
[EVENT]        2026-06-29 19:41:47   EntityInstanceChanged 484
[RENDER]       2026-06-29 19:41:47   Rendering world bg...
[EVENT]        2026-06-29 19:41:47   EntityInstanceChanged 484
[RENDER]       2026-06-29 19:41:47   Rendering world bg...
[EVENT]        2026-06-29 19:41:47   EntityInstanceChanged 484
[RENDER]       2026-06-29 19:41:47   Rendering world bg...
[EVENT]        2026-06-29 19:41:47   EntityInstanceChanged 484
[RENDER]       2026-06-29 19:41:47   Rendering world bg...
[EVENT]        2026-06-29 19:41:47   EntityInstanceChanged 484
[RENDER]       2026-06-29 19:41:47   Rendering world bg...
[EVENT]        2026-06-29 19:41:47   EntityInstanceChanged 484
[RENDER]       2026-06-29 19:41:47   Rendering world bg...
[EVENT]        2026-06-29 19:41:47   EntityInstanceChanged 484
[RENDER]       2026-06-29 19:41:47   Rendering world bg...
[EVENT]        2026-06-29 19:41:48   EntityInstanceChanged 484
[RENDER]       2026-06-29 19:41:48   Rendering world bg...
[EVENT]        2026-06-29 19:41:48   EntityInstanceChanged 484
[RENDER]       2026-06-29 19:41:48   Rendering world bg...
[EVENT]        2026-06-29 19:41:48   EntityInstanceChanged 484
[RENDER]       2026-06-29 19:41:48   Rendering world bg...
[EVENT]        2026-06-29 19:41:48   EntityInstanceChanged 484
[RENDER]       2026-06-29 19:41:48   Rendering world bg...
[EVENT]        2026-06-29 19:41:48   EntityInstanceChanged 484
[RENDER]       2026-06-29 19:41:48   Rendering world bg...
[EVENT]        2026-06-29 19:41:48   EntityInstanceChanged 484
[RENDER]       2026-06-29 19:41:48   Rendering world bg...
[EVENT]        2026-06-29 19:41:48   EntityInstanceChanged 484
[RENDER]       2026-06-29 19:41:48   Rendering world bg...
[EVENT]        2026-06-29 19:41:48   EntityInstanceChanged 484
[RENDER]       2026-06-29 19:41:48   Rendering world bg...
[EVENT]        2026-06-29 19:41:48   EntityInstanceChanged 484
[RENDER]       2026-06-29 19:41:48   Rendering world bg...
[EVENT]        2026-06-29 19:41:48   EntityInstanceChanged 484
[RENDER]       2026-06-29 19:41:48   Rendering world bg...
[EVENT]        2026-06-29 19:41:48   EntityInstanceChanged 484
[RENDER]       2026-06-29 19:41:48   Rendering world bg...
[EVENT]        2026-06-29 19:41:48   EntityInstanceChanged 484
[RENDER]       2026-06-29 19:41:48   Rendering world bg...
[EVENT]        2026-06-29 19:41:48   EntityInstanceChanged 484
[RENDER]       2026-06-29 19:41:48   Rendering world bg...
[EVENT]        2026-06-29 19:41:48   EntityInstanceChanged 484
[RENDER]       2026-06-29 19:41:48   Rendering world bg...
[EVENT]        2026-06-29 19:41:48   EntityInstanceChanged 484
[RENDER]       2026-06-29 19:41:48   Rendering world bg...
[EVENT]        2026-06-29 19:41:48   EntityInstanceChanged 484
[RENDER]       2026-06-29 19:41:48   Rendering world bg...
[EVENT]        2026-06-29 19:41:48   EntityInstanceChanged 484
[RENDER]       2026-06-29 19:41:48   Rendering world bg...
[EVENT]        2026-06-29 19:41:48   EntityInstanceChanged 484
[RENDER]       2026-06-29 19:41:48   Rendering world bg...
[EVENT]        2026-06-29 19:41:48   EntityInstanceChanged 484
[RENDER]       2026-06-29 19:41:48   Rendering world bg...
[EVENT]        2026-06-29 19:41:48   EntityInstanceChanged 484
[RENDER]       2026-06-29 19:41:48   Rendering world bg...
[EVENT]        2026-06-29 19:41:48   EntityInstanceChanged 484
[RENDER]       2026-06-29 19:41:48   Rendering world bg...
[EVENT]        2026-06-29 19:41:48   EntityInstanceChanged 484
[RENDER]       2026-06-29 19:41:48   Rendering world bg...
[EVENT]        2026-06-29 19:41:48   EntityInstanceChanged 484
[RENDER]       2026-06-29 19:41:48   Rendering world bg...
[EVENT]        2026-06-29 19:41:48   EntityInstanceChanged 484
[RENDER]       2026-06-29 19:41:48   Rendering world bg...
[EVENT]        2026-06-29 19:41:48   EntityInstanceChanged 484
[RENDER]       2026-06-29 19:41:48   Rendering world bg...
[EVENT]        2026-06-29 19:41:48   EntityInstanceChanged 484
[RENDER]       2026-06-29 19:41:48   Rendering world bg...
[EVENT]        2026-06-29 19:41:48   EntityInstanceChanged 484
[RENDER]       2026-06-29 19:41:48   Rendering world bg...
[EVENT]        2026-06-29 19:41:48   EntityInstanceChanged 484
[RENDER]       2026-06-29 19:41:48   Rendering world bg...
[EVENT]        2026-06-29 19:41:48   EntityInstanceChanged 484
[RENDER]       2026-06-29 19:41:48   Rendering world bg...
[EVENT]        2026-06-29 19:41:49   EntityInstanceChanged 484
[RENDER]       2026-06-29 19:41:49   Rendering world bg...
[EVENT]        2026-06-29 19:41:49   EntityInstanceChanged 484
[RENDER]       2026-06-29 19:41:49   Rendering world bg...
[EVENT]        2026-06-29 19:41:49   EntityInstanceChanged 484
[RENDER]       2026-06-29 19:41:49   Rendering world bg...
[EVENT]        2026-06-29 19:41:49   EntityInstanceChanged 484
[RENDER]       2026-06-29 19:41:49   Rendering world bg...
[EVENT]        2026-06-29 19:41:49   EntityInstanceChanged 484
[RENDER]       2026-06-29 19:41:49   Rendering world bg...
[EVENT]        2026-06-29 19:41:49   EntityInstanceChanged 484
[RENDER]       2026-06-29 19:41:49   Rendering world bg...
[EVENT]        2026-06-29 19:41:49   EntityInstanceChanged 484
[RENDER]       2026-06-29 19:41:49   Rendering world bg...
[EVENT]        2026-06-29 19:41:49   EntityInstanceChanged 484
[RENDER]       2026-06-29 19:41:49   Rendering world bg...
[EVENT]        2026-06-29 19:41:49   EntityInstanceChanged 484
[RENDER]       2026-06-29 19:41:49   Rendering world bg...
[EVENT]        2026-06-29 19:41:49   EntityInstanceChanged 484
[RENDER]       2026-06-29 19:41:49   Rendering world bg...
[EVENT]        2026-06-29 19:41:49   EntityInstanceChanged 484
[RENDER]       2026-06-29 19:41:49   Rendering world bg...
[EVENT]        2026-06-29 19:41:49   EntityInstanceChanged 484
[RENDER]       2026-06-29 19:41:49   Rendering world bg...
[EVENT]        2026-06-29 19:41:49   EntityInstanceChanged 484
[RENDER]       2026-06-29 19:41:49   Rendering world bg...
[EVENT]        2026-06-29 19:41:49   EntityInstanceChanged 484
[RENDER]       2026-06-29 19:41:49   Rendering world bg...
[EVENT]        2026-06-29 19:41:49   EntityInstanceChanged 484
[RENDER]       2026-06-29 19:41:49   Rendering world bg...
[EVENT]        2026-06-29 19:41:49   EntityInstanceChanged 484
[RENDER]       2026-06-29 19:41:49   Rendering world bg...
[EVENT]        2026-06-29 19:41:49   EntityInstanceChanged 484
[RENDER]       2026-06-29 19:41:49   Rendering world bg...
[EVENT]        2026-06-29 19:41:49   EntityInstanceChanged 484
[RENDER]       2026-06-29 19:41:49   Rendering world bg...
[EVENT]        2026-06-29 19:41:49   EntityInstanceChanged 484
[RENDER]       2026-06-29 19:41:49   Rendering world bg...
[EVENT]        2026-06-29 19:41:49   EntityInstanceChanged 484
[RENDER]       2026-06-29 19:41:49   Rendering world bg...
[EVENT]        2026-06-29 19:41:49   EntityInstanceChanged 484
[RENDER]       2026-06-29 19:41:49   Rendering world bg...
[EVENT]        2026-06-29 19:41:49   EntityInstanceChanged 484
[RENDER]       2026-06-29 19:41:49   Rendering world bg...
[EVENT]        2026-06-29 19:41:49   EntityInstanceChanged 484
[RENDER]       2026-06-29 19:41:49   Rendering world bg...
[EVENT]        2026-06-29 19:41:49   EntityInstanceChanged 484
[RENDER]       2026-06-29 19:41:49   Rendering world bg...
[EVENT]        2026-06-29 19:41:49   EntityInstanceChanged 484
[RENDER]       2026-06-29 19:41:49   Rendering world bg...
[EVENT]        2026-06-29 19:41:49   EntityInstanceChanged 484
[RENDER]       2026-06-29 19:41:49   Rendering world bg...
[EVENT]        2026-06-29 19:41:49   EntityInstanceChanged 484
[RENDER]       2026-06-29 19:41:49   Rendering world bg...
[EVENT]        2026-06-29 19:41:49   EntityInstanceChanged 484
[RENDER]       2026-06-29 19:41:49   Rendering world bg...
[EVENT]        2026-06-29 19:41:49   EntityInstanceChanged 484
[RENDER]       2026-06-29 19:41:49   Rendering world bg...
[EVENT]        2026-06-29 19:41:49   EntityInstanceChanged 484
[RENDER]       2026-06-29 19:41:49   Rendering world bg...
[EVENT]        2026-06-29 19:41:49   EntityInstanceChanged 484
[RENDER]       2026-06-29 19:41:49   Rendering world bg...
[EVENT]        2026-06-29 19:41:50   EntityInstanceChanged 484
[RENDER]       2026-06-29 19:41:50   Rendering world bg...
[EVENT]        2026-06-29 19:41:50   EntityInstanceChanged 484
[RENDER]       2026-06-29 19:41:50   Rendering world bg...
[EVENT]        2026-06-29 19:41:50   EntityInstanceChanged 484
[RENDER]       2026-06-29 19:41:50   Rendering world bg...
[EVENT]        2026-06-29 19:41:50   EntityInstanceChanged 484
[RENDER]       2026-06-29 19:41:50   Rendering world bg...
[EVENT]        2026-06-29 19:41:50   EntityInstanceChanged 484
[RENDER]       2026-06-29 19:41:50   Rendering world bg...
[EVENT]        2026-06-29 19:41:50   EntityInstanceChanged 484
[RENDER]       2026-06-29 19:41:50   Rendering world bg...
[EVENT]        2026-06-29 19:41:50   EntityInstanceChanged 484
[RENDER]       2026-06-29 19:41:50   Rendering world bg...
[EVENT]        2026-06-29 19:41:50   EntityInstanceChanged 484
[RENDER]       2026-06-29 19:41:50   Rendering world bg...
[EVENT]        2026-06-29 19:41:50   EntityInstanceChanged 484
[RENDER]       2026-06-29 19:41:50   Rendering world bg...
[EVENT]        2026-06-29 19:41:50   EntityInstanceChanged 484
[RENDER]       2026-06-29 19:41:50   Rendering world bg...
[EVENT]        2026-06-29 19:41:50   EntityInstanceChanged 484
[RENDER]       2026-06-29 19:41:50   Rendering world bg...
[EVENT]        2026-06-29 19:41:50   EntityInstanceChanged 484
[RENDER]       2026-06-29 19:41:50   Rendering world bg...
[EVENT]        2026-06-29 19:41:50   EntityInstanceChanged 484
[RENDER]       2026-06-29 19:41:50   Rendering world bg...
[EVENT]        2026-06-29 19:41:50   EntityInstanceChanged 484
[RENDER]       2026-06-29 19:41:50   Rendering world bg...
[EVENT]        2026-06-29 19:41:50   EntityInstanceChanged 484
[RENDER]       2026-06-29 19:41:50   Rendering world bg...
[EVENT]        2026-06-29 19:41:50   EntityInstanceChanged 484
[RENDER]       2026-06-29 19:41:50   Rendering world bg...
[EVENT]        2026-06-29 19:41:50   EntityInstanceChanged 484
[RENDER]       2026-06-29 19:41:50   Rendering world bg...
[EVENT]        2026-06-29 19:41:50   EntityInstanceChanged 484
[RENDER]       2026-06-29 19:41:50   Rendering world bg...
[EVENT]        2026-06-29 19:41:50   EntityInstanceChanged 484
[RENDER]       2026-06-29 19:41:50   Rendering world bg...
[EVENT]        2026-06-29 19:41:50   EntityInstanceChanged 484
[RENDER]       2026-06-29 19:41:50   Rendering world bg...
[EVENT]        2026-06-29 19:41:50   EntityInstanceChanged 484
[RENDER]       2026-06-29 19:41:50   Rendering world bg...
[EVENT]        2026-06-29 19:41:50   EntityInstanceChanged 484
[RENDER]       2026-06-29 19:41:50   Rendering world bg...
[EVENT]        2026-06-29 19:41:50   EntityInstanceChanged 484
[RENDER]       2026-06-29 19:41:50   Rendering world bg...
[EVENT]        2026-06-29 19:41:50   EntityInstanceChanged 484
[RENDER]       2026-06-29 19:41:50   Rendering world bg...
[EVENT]        2026-06-29 19:41:50   EntityInstanceChanged 484
[RENDER]       2026-06-29 19:41:50   Rendering world bg...
[EVENT]        2026-06-29 19:41:50   EntityInstanceChanged 484
[RENDER]       2026-06-29 19:41:50   Rendering world bg...
[EVENT]        2026-06-29 19:41:50   EntityInstanceChanged 484
[RENDER]       2026-06-29 19:41:50   Rendering world bg...
[EVENT]        2026-06-29 19:41:50   EntityInstanceChanged 484
[RENDER]       2026-06-29 19:41:50   Rendering world bg...
[EVENT]        2026-06-29 19:41:50   EntityInstanceChanged 484
[RENDER]       2026-06-29 19:41:50   Rendering world bg...
[EVENT]        2026-06-29 19:41:50   EntityInstanceChanged 484
[RENDER]       2026-06-29 19:41:50   Rendering world bg...
[EVENT]        2026-06-29 19:41:50   EntityInstanceChanged 484
[RENDER]       2026-06-29 19:41:50   Rendering world bg...
[EVENT]        2026-06-29 19:41:50   EntityInstanceChanged 484
[RENDER]       2026-06-29 19:41:50   Rendering world bg...
[EVENT]        2026-06-29 19:41:50   EntityInstanceChanged 484
[RENDER]       2026-06-29 19:41:50   Rendering world bg...
[EVENT]        2026-06-29 19:41:50   EntityInstanceChanged 484
[RENDER]       2026-06-29 19:41:50   Rendering world bg...
[EVENT]        2026-06-29 19:41:50   EntityInstanceChanged 484
[RENDER]       2026-06-29 19:41:50   Rendering world bg...
[EVENT]        2026-06-29 19:41:50   EntityInstanceChanged 484
[RENDER]       2026-06-29 19:41:50   Rendering world bg...
[EVENT]        2026-06-29 19:41:50   EntityInstanceChanged 484
[RENDER]       2026-06-29 19:41:50   Rendering world bg...
[EVENT]        2026-06-29 19:41:50   EntityInstanceChanged 484
[RENDER]       2026-06-29 19:41:50   Rendering world bg...
[EVENT]        2026-06-29 19:41:50   EntityInstanceChanged 484
[RENDER]       2026-06-29 19:41:50   Rendering world bg...
[EVENT]        2026-06-29 19:41:50   EntityInstanceChanged 484
[RENDER]       2026-06-29 19:41:50   Rendering world bg...
[EVENT]        2026-06-29 19:41:50   EntityInstanceChanged 484
[RENDER]       2026-06-29 19:41:51   Rendering world bg...
[EVENT]        2026-06-29 19:41:51   EntityInstanceChanged 484
[RENDER]       2026-06-29 19:41:51   Rendering world bg...
[EVENT]        2026-06-29 19:41:51   EntityInstanceChanged 484
[RENDER]       2026-06-29 19:41:51   Rendering world bg...
[EVENT]        2026-06-29 19:41:51   EntityInstanceChanged 484
[RENDER]       2026-06-29 19:41:51   Rendering world bg...
[EVENT]        2026-06-29 19:41:51   EntityInstanceChanged 484
[RENDER]       2026-06-29 19:41:51   Rendering world bg...
[EVENT]        2026-06-29 19:41:51   EntityInstanceChanged 484
[RENDER]       2026-06-29 19:41:51   Rendering world bg...
[EVENT]        2026-06-29 19:41:51   EntityInstanceChanged 484
[RENDER]       2026-06-29 19:41:51   Rendering world bg...
[EVENT]        2026-06-29 19:41:51   EntityInstanceChanged 484
[RENDER]       2026-06-29 19:41:51   Rendering world bg...
[EVENT]        2026-06-29 19:41:51   EntityInstanceChanged 484
[RENDER]       2026-06-29 19:41:51   Rendering world bg...
[EVENT]        2026-06-29 19:41:51   EntityInstanceChanged 484
[RENDER]       2026-06-29 19:41:51   Rendering world bg...
[EVENT]        2026-06-29 19:41:51   EntityInstanceChanged 484
[RENDER]       2026-06-29 19:41:51   Rendering world bg...
[EVENT]        2026-06-29 19:41:51   EntityInstanceChanged 484
[RENDER]       2026-06-29 19:41:51   Rendering world bg...
[EVENT]        2026-06-29 19:41:51   EntityInstanceChanged 484
[RENDER]       2026-06-29 19:41:51   Rendering world bg...
[EVENT]        2026-06-29 19:41:51   EntityInstanceChanged 484
[RENDER]       2026-06-29 19:41:51   Rendering world bg...
[EVENT]        2026-06-29 19:41:51   EntityInstanceChanged 484
[RENDER]       2026-06-29 19:41:51   Rendering world bg...
[EVENT]        2026-06-29 19:41:51   EntityInstanceChanged 484
[RENDER]       2026-06-29 19:41:51   Rendering world bg...
[EVENT]        2026-06-29 19:41:51   EntityInstanceChanged 484
[RENDER]       2026-06-29 19:41:51   Rendering world bg...
[EVENT]        2026-06-29 19:41:51   EntityInstanceChanged 484
[RENDER]       2026-06-29 19:41:51   Rendering world bg...
[EVENT]        2026-06-29 19:41:51   EntityInstanceChanged 484
[RENDER]       2026-06-29 19:41:51   Rendering world bg...
[EVENT]        2026-06-29 19:41:51   EntityInstanceChanged 484
[RENDER]       2026-06-29 19:41:51   Rendering world bg...
[EVENT]        2026-06-29 19:41:51   EntityInstanceChanged 484
[RENDER]       2026-06-29 19:41:51   Rendering world bg...
[EVENT]        2026-06-29 19:41:51   EntityInstanceChanged 484
[RENDER]       2026-06-29 19:41:51   Rendering world bg...
[EVENT]        2026-06-29 19:41:51   EntityInstanceChanged 484
[RENDER]       2026-06-29 19:41:51   Rendering world bg...
[EVENT]        2026-06-29 19:41:51   EntityInstanceChanged 484
[RENDER]       2026-06-29 19:41:51   Rendering world bg...
[EVENT]        2026-06-29 19:41:51   EntityInstanceChanged 484
[RENDER]       2026-06-29 19:41:51   Rendering world bg...
[EVENT]        2026-06-29 19:41:51   EntityInstanceChanged 484
[RENDER]       2026-06-29 19:41:51   Rendering world bg...
[EVENT]        2026-06-29 19:41:51   EntityInstanceChanged 484
[RENDER]       2026-06-29 19:41:51   Rendering world bg...
[EVENT]        2026-06-29 19:41:51   EntityInstanceChanged 484
[RENDER]       2026-06-29 19:41:51   Rendering world bg...
[EVENT]        2026-06-29 19:41:51   EntityInstanceChanged 484
[RENDER]       2026-06-29 19:41:51   Rendering world bg...
[EVENT]        2026-06-29 19:41:51   EntityInstanceChanged 484
[RENDER]       2026-06-29 19:41:51   Rendering world bg...
[EVENT]        2026-06-29 19:41:51   EntityInstanceChanged 484
[RENDER]       2026-06-29 19:41:51   Rendering world bg...
[EVENT]        2026-06-29 19:41:51   EntityInstanceChanged 484
[RENDER]       2026-06-29 19:41:51   Rendering world bg...
[EVENT]        2026-06-29 19:41:51   EntityInstanceChanged 484
[RENDER]       2026-06-29 19:41:51   Rendering world bg...
[EVENT]        2026-06-29 19:41:51   EntityInstanceChanged 484
[RENDER]       2026-06-29 19:41:51   Rendering world bg...
[EVENT]        2026-06-29 19:41:51   EntityInstanceChanged 484
[RENDER]       2026-06-29 19:41:51   Rendering world bg...
[EVENT]        2026-06-29 19:41:51   EntityInstanceChanged 484
[RENDER]       2026-06-29 19:41:51   Rendering world bg...
[EVENT]        2026-06-29 19:41:51   EntityInstanceChanged 484
[RENDER]       2026-06-29 19:41:51   Rendering world bg...
[EVENT]        2026-06-29 19:41:51   EntityInstanceChanged 484
[RENDER]       2026-06-29 19:41:51   Rendering world bg...
[EVENT]        2026-06-29 19:41:51   EntityInstanceChanged 484
[RENDER]       2026-06-29 19:41:51   Rendering world bg...
[EVENT]        2026-06-29 19:41:51   EntityInstanceChanged 484
[RENDER]       2026-06-29 19:41:51   Rendering world bg...
[EVENT]        2026-06-29 19:41:51   EntityInstanceChanged 484
[RENDER]       2026-06-29 19:41:51   Rendering world bg...
[EVENT]        2026-06-29 19:41:51   EntityInstanceChanged 484
[RENDER]       2026-06-29 19:41:51   Rendering world bg...
[EVENT]        2026-06-29 19:41:51   EntityInstanceChanged 484
[RENDER]       2026-06-29 19:41:51   Rendering world bg...
[EVENT]        2026-06-29 19:41:51   EntityInstanceChanged 484
[RENDER]       2026-06-29 19:41:51   Rendering world bg...
[EVENT]        2026-06-29 19:41:51   EntityInstanceChanged 484
[RENDER]       2026-06-29 19:41:51   Rendering world bg...
[EVENT]        2026-06-29 19:41:51   EntityInstanceChanged 484
[RENDER]       2026-06-29 19:41:51   Rendering world bg...
[EVENT]        2026-06-29 19:41:51   EntityInstanceChanged 484
[RENDER]       2026-06-29 19:41:51   Rendering world bg...
[EVENT]        2026-06-29 19:41:51   EntityInstanceChanged 484
[RENDER]       2026-06-29 19:41:51   Rendering world bg...
[EVENT]        2026-06-29 19:41:51   EntityInstanceChanged 484
[RENDER]       2026-06-29 19:41:51   Rendering world bg...
[EVENT]        2026-06-29 19:41:51   EntityInstanceChanged 484
[RENDER]       2026-06-29 19:41:51   Rendering world bg...
[EVENT]        2026-06-29 19:41:51   EntityInstanceChanged 484
[RENDER]       2026-06-29 19:41:51   Rendering world bg...
[EVENT]        2026-06-29 19:41:51   EntityInstanceChanged 484
[RENDER]       2026-06-29 19:41:51   Rendering world bg...
[EVENT]        2026-06-29 19:41:51   EntityInstanceChanged 484
[RENDER]       2026-06-29 19:41:51   Rendering world bg...
[EVENT]        2026-06-29 19:41:51   EntityInstanceChanged 484
[RENDER]       2026-06-29 19:41:51   Rendering world bg...
[EVENT]        2026-06-29 19:41:51   EntityInstanceChanged 484
[RENDER]       2026-06-29 19:41:51   Rendering world bg...
[EVENT]        2026-06-29 19:41:51   EntityInstanceChanged 484
[RENDER]       2026-06-29 19:41:51   Rendering world bg...
[EVENT]        2026-06-29 19:41:52   EntityInstanceChanged 484
[RENDER]       2026-06-29 19:41:52   Rendering world bg...
[EVENT]        2026-06-29 19:41:52   EntityInstanceChanged 484
[RENDER]       2026-06-29 19:41:52   Rendering world bg...
[EVENT]        2026-06-29 19:41:52   EntityInstanceChanged 484
[RENDER]       2026-06-29 19:41:52   Rendering world bg...
[EVENT]        2026-06-29 19:41:52   EntityInstanceChanged 484
[RENDER]       2026-06-29 19:41:52   Rendering world bg...
[EVENT]        2026-06-29 19:41:52   EntityInstanceChanged 484
[RENDER]       2026-06-29 19:41:52   Rendering world bg...
[EVENT]        2026-06-29 19:41:52   EntityInstanceChanged 484
[RENDER]       2026-06-29 19:41:52   Rendering world bg...
[EVENT]        2026-06-29 19:41:52   EntityInstanceChanged 484
[RENDER]       2026-06-29 19:41:52   Rendering world bg...
[EVENT]        2026-06-29 19:41:52   EntityInstanceChanged 484
[RENDER]       2026-06-29 19:41:52   Rendering world bg...
[EVENT]        2026-06-29 19:41:52   EntityInstanceChanged 484
[RENDER]       2026-06-29 19:41:52   Rendering world bg...
[EVENT]        2026-06-29 19:41:52   EntityInstanceChanged 484
[RENDER]       2026-06-29 19:41:52   Rendering world bg...
[EVENT]        2026-06-29 19:41:52   EntityInstanceChanged 484
[RENDER]       2026-06-29 19:41:52   Rendering world bg...
[EVENT]        2026-06-29 19:41:52   EntityInstanceChanged 484
[RENDER]       2026-06-29 19:41:52   Rendering world bg...
[EVENT]        2026-06-29 19:41:52   EntityInstanceChanged 484
[RENDER]       2026-06-29 19:41:52   Rendering world bg...
[EVENT]        2026-06-29 19:41:52   EntityInstanceChanged 484
[RENDER]       2026-06-29 19:41:52   Rendering world bg...
[EVENT]        2026-06-29 19:41:52   EntityInstanceChanged 484
[RENDER]       2026-06-29 19:41:52   Rendering world bg...
[EVENT]        2026-06-29 19:41:52   EntityInstanceChanged 484
[RENDER]       2026-06-29 19:41:52   Rendering world bg...
[EVENT]        2026-06-29 19:41:52   EntityInstanceChanged 484
[RENDER]       2026-06-29 19:41:52   Rendering world bg...
[EVENT]        2026-06-29 19:41:52   EntityInstanceChanged 484
[RENDER]       2026-06-29 19:41:52   Rendering world bg...
[EVENT]        2026-06-29 19:41:52   EntityInstanceChanged 484
[RENDER]       2026-06-29 19:41:52   Rendering world bg...
[EVENT]        2026-06-29 19:41:52   EntityInstanceChanged 484
[RENDER]       2026-06-29 19:41:52   Rendering world bg...
[EVENT]        2026-06-29 19:41:52   EntityInstanceChanged 484
[RENDER]       2026-06-29 19:41:52   Rendering world bg...
[EVENT]        2026-06-29 19:41:52   EntityInstanceChanged 484
[RENDER]       2026-06-29 19:41:52   Rendering world bg...
[EVENT]        2026-06-29 19:41:52   EntityInstanceChanged 484
[RENDER]       2026-06-29 19:41:52   Rendering world bg...
[EVENT]        2026-06-29 19:41:52   EntityInstanceChanged 484
[RENDER]       2026-06-29 19:41:52   Rendering world bg...
[EVENT]        2026-06-29 19:41:52   EntityInstanceChanged 484
[RENDER]       2026-06-29 19:41:52   Rendering world bg...
[EVENT]        2026-06-29 19:41:52   EntityInstanceChanged 484
[RENDER]       2026-06-29 19:41:52   Rendering world bg...
[EVENT]        2026-06-29 19:41:52   EntityInstanceChanged 484
[RENDER]       2026-06-29 19:41:52   Rendering world bg...
[EVENT]        2026-06-29 19:41:52   EntityInstanceChanged 484
[RENDER]       2026-06-29 19:41:52   Rendering world bg...
[EVENT]        2026-06-29 19:41:52   EntityInstanceChanged 484
[RENDER]       2026-06-29 19:41:52   Rendering world bg...
[EVENT]        2026-06-29 19:41:52   EntityInstanceChanged 484
[RENDER]       2026-06-29 19:41:52   Rendering world bg...
[EVENT]        2026-06-29 19:41:52   EntityInstanceChanged 484
[RENDER]       2026-06-29 19:41:52   Rendering world bg...
[EVENT]        2026-06-29 19:41:52   EntityInstanceChanged 484
[RENDER]       2026-06-29 19:41:52   Rendering world bg...
[EVENT]        2026-06-29 19:41:52   EntityInstanceChanged 484
[RENDER]       2026-06-29 19:41:52   Rendering world bg...
[EVENT]        2026-06-29 19:41:52   EntityInstanceChanged 484
[RENDER]       2026-06-29 19:41:52   Rendering world bg...
[EVENT]        2026-06-29 19:41:52   EntityInstanceChanged 484
[RENDER]       2026-06-29 19:41:52   Rendering world bg...
[EVENT]        2026-06-29 19:41:52   EntityInstanceChanged 484
[RENDER]       2026-06-29 19:41:52   Rendering world bg...
[EVENT]        2026-06-29 19:41:52   EntityInstanceChanged 484
[RENDER]       2026-06-29 19:41:52   Rendering world bg...
[EVENT]        2026-06-29 19:41:52   EntityInstanceChanged 484
[RENDER]       2026-06-29 19:41:52   Rendering world bg...
[EVENT]        2026-06-29 19:41:52   EntityInstanceChanged 484
[RENDER]       2026-06-29 19:41:52   Rendering world bg...
[EVENT]        2026-06-29 19:41:52   EntityInstanceChanged 484
[RENDER]       2026-06-29 19:41:52   Rendering world bg...
[EVENT]        2026-06-29 19:41:52   EntityInstanceChanged 484
[RENDER]       2026-06-29 19:41:52   Rendering world bg...
[EVENT]        2026-06-29 19:41:52   EntityInstanceChanged 484
[RENDER]       2026-06-29 19:41:52   Rendering world bg...
[EVENT]        2026-06-29 19:41:53   EntityInstanceChanged 484
[RENDER]       2026-06-29 19:41:53   Rendering world bg...
[EVENT]        2026-06-29 19:41:53   EntityInstanceChanged 484
[RENDER]       2026-06-29 19:41:53   Rendering world bg...
[EVENT]        2026-06-29 19:41:53   EntityInstanceChanged 484
[RENDER]       2026-06-29 19:41:53   Rendering world bg...
[EVENT]        2026-06-29 19:41:53   EntityInstanceChanged 484
[RENDER]       2026-06-29 19:41:53   Rendering world bg...
[EVENT]        2026-06-29 19:41:53   EntityInstanceChanged 484
[RENDER]       2026-06-29 19:41:53   Rendering world bg...
[EVENT]        2026-06-29 19:41:53   EntityInstanceChanged 484
[RENDER]       2026-06-29 19:41:53   Rendering world bg...
[EVENT]        2026-06-29 19:41:53   EntityInstanceChanged 484
[RENDER]       2026-06-29 19:41:53   Rendering world bg...
[EVENT]        2026-06-29 19:41:53   EntityInstanceChanged 484
[RENDER]       2026-06-29 19:41:53   Rendering world bg...
[EVENT]        2026-06-29 19:41:53   EntityInstanceChanged 484
[RENDER]       2026-06-29 19:41:53   Rendering world bg...
[EVENT]        2026-06-29 19:41:53   EntityInstanceChanged 484
[RENDER]       2026-06-29 19:41:53   Rendering world bg...
[EVENT]        2026-06-29 19:41:53   EntityInstanceChanged 484
[RENDER]       2026-06-29 19:41:53   Rendering world bg...
[EVENT]        2026-06-29 19:41:53   EntityInstanceChanged 484
[RENDER]       2026-06-29 19:41:53   Rendering world bg...
[EVENT]        2026-06-29 19:41:53   EntityInstanceChanged 484
[RENDER]       2026-06-29 19:41:53   Rendering world bg...
[EVENT]        2026-06-29 19:41:53   EntityInstanceChanged 484
[RENDER]       2026-06-29 19:41:53   Rendering world bg...
[EVENT]        2026-06-29 19:41:53   EntityInstanceChanged 484
[RENDER]       2026-06-29 19:41:53   Rendering world bg...
[EVENT]        2026-06-29 19:41:53   EntityInstanceChanged 484
[RENDER]       2026-06-29 19:41:53   Rendering world bg...
[EVENT]        2026-06-29 19:41:53   EntityInstanceChanged 484
[RENDER]       2026-06-29 19:41:53   Rendering world bg...
[EVENT]        2026-06-29 19:41:53   EntityInstanceChanged 484
[RENDER]       2026-06-29 19:41:53   Rendering world bg...
[EVENT]        2026-06-29 19:41:53   EntityInstanceChanged 484
[RENDER]       2026-06-29 19:41:53   Rendering world bg...
[EVENT]        2026-06-29 19:41:53   EntityInstanceChanged 484
[RENDER]       2026-06-29 19:41:53   Rendering world bg...
[EVENT]        2026-06-29 19:41:53   EntityInstanceChanged 484
[RENDER]       2026-06-29 19:41:53   Rendering world bg...
[EVENT]        2026-06-29 19:41:53   EntityInstanceChanged 484
[RENDER]       2026-06-29 19:41:53   Rendering world bg...
[EVENT]        2026-06-29 19:41:53   EntityInstanceChanged 484
[RENDER]       2026-06-29 19:41:53   Rendering world bg...
[EVENT]        2026-06-29 19:41:53   EntityInstanceChanged 484
[RENDER]       2026-06-29 19:41:53   Rendering world bg...
[EVENT]        2026-06-29 19:41:53   EntityInstanceChanged 484
[RENDER]       2026-06-29 19:41:53   Rendering world bg...
[EVENT]        2026-06-29 19:41:53   EntityInstanceChanged 484
[RENDER]       2026-06-29 19:41:53   Rendering world bg...
[EVENT]        2026-06-29 19:41:53   EntityInstanceChanged 484
[RENDER]       2026-06-29 19:41:53   Rendering world bg...
[EVENT]        2026-06-29 19:41:53   EntityInstanceChanged 484
[RENDER]       2026-06-29 19:41:53   Rendering world bg...
[EVENT]        2026-06-29 19:41:53   EntityInstanceChanged 484
[RENDER]       2026-06-29 19:41:53   Rendering world bg...
[EVENT]        2026-06-29 19:41:53   EntityInstanceChanged 484
[RENDER]       2026-06-29 19:41:53   Rendering world bg...
[EVENT]        2026-06-29 19:41:53   EntityInstanceChanged 484
[RENDER]       2026-06-29 19:41:53   Rendering world bg...
[EVENT]        2026-06-29 19:41:53   EntityInstanceChanged 484
[RENDER]       2026-06-29 19:41:53   Rendering world bg...
[EVENT]        2026-06-29 19:41:53   EntityInstanceChanged 484
[RENDER]       2026-06-29 19:41:53   Rendering world bg...
[EVENT]        2026-06-29 19:41:53   EntityInstanceChanged 484
[RENDER]       2026-06-29 19:41:53   Rendering world bg...
[EVENT]        2026-06-29 19:41:53   EntityInstanceChanged 484
[RENDER]       2026-06-29 19:41:53   Rendering world bg...
[EVENT]        2026-06-29 19:41:53   EntityInstanceChanged 484
[RENDER]       2026-06-29 19:41:53   Rendering world bg...
[EVENT]        2026-06-29 19:41:53   EntityInstanceChanged 484
[RENDER]       2026-06-29 19:41:53   Rendering world bg...
[EVENT]        2026-06-29 19:41:53   EntityInstanceChanged 484
[RENDER]       2026-06-29 19:41:53   Rendering world bg...
[EVENT]        2026-06-29 19:41:53   EntityInstanceChanged 484
[RENDER]       2026-06-29 19:41:53   Rendering world bg...
[EVENT]        2026-06-29 19:41:53   EntityInstanceChanged 484
[RENDER]       2026-06-29 19:41:53   Rendering world bg...
[EVENT]        2026-06-29 19:41:53   EntityInstanceChanged 484
[RENDER]       2026-06-29 19:41:53   Rendering world bg...
[EVENT]        2026-06-29 19:41:53   EntityInstanceChanged 484
[RENDER]       2026-06-29 19:41:53   Rendering world bg...
[EVENT]        2026-06-29 19:41:53   EntityInstanceChanged 484
[RENDER]       2026-06-29 19:41:53   Rendering world bg...
[EVENT]        2026-06-29 19:41:53   EntityInstanceChanged 484
[RENDER]       2026-06-29 19:41:53   Rendering world bg...
[EVENT]        2026-06-29 19:41:53   EntityInstanceChanged 484
[RENDER]       2026-06-29 19:41:53   Rendering world bg...
[EVENT]        2026-06-29 19:41:53   EntityInstanceChanged 484
[RENDER]       2026-06-29 19:41:53   Rendering world bg...
[EVENT]        2026-06-29 19:41:53   EntityInstanceChanged 484
[RENDER]       2026-06-29 19:41:53   Rendering world bg...
[EVENT]        2026-06-29 19:41:53   EntityInstanceChanged 484
[RENDER]       2026-06-29 19:41:53   Rendering world bg...
[EVENT]        2026-06-29 19:41:54   EntityInstanceChanged 484
[RENDER]       2026-06-29 19:41:54   Rendering world bg...
[EVENT]        2026-06-29 19:41:54   EntityInstanceChanged 484
[RENDER]       2026-06-29 19:41:54   Rendering world bg...
[EVENT]        2026-06-29 19:41:54   EntityInstanceChanged 484
[RENDER]       2026-06-29 19:41:54   Rendering world bg...
[EVENT]        2026-06-29 19:41:54   EntityInstanceChanged 484
[RENDER]       2026-06-29 19:41:54   Rendering world bg...
[EVENT]        2026-06-29 19:41:54   EntityInstanceChanged 484
[RENDER]       2026-06-29 19:41:54   Rendering world bg...
[EVENT]        2026-06-29 19:41:55   EntityInstanceChanged 484
[RENDER]       2026-06-29 19:41:55   Rendering world bg...
[EVENT]        2026-06-29 19:41:55   EntityInstanceChanged 484
[RENDER]       2026-06-29 19:41:55   Rendering world bg...
[EVENT]        2026-06-29 19:41:55   EntityInstanceChanged 484
[RENDER]       2026-06-29 19:41:55   Rendering world bg...
[EVENT]        2026-06-29 19:41:55   EntityInstanceChanged 484
[RENDER]       2026-06-29 19:41:55   Rendering world bg...
[EVENT]        2026-06-29 19:41:55   EntityInstanceChanged 484
[RENDER]       2026-06-29 19:41:55   Rendering world bg...
[EVENT]        2026-06-29 19:41:55   EntityInstanceChanged 484
[RENDER]       2026-06-29 19:41:55   Rendering world bg...
[EVENT]        2026-06-29 19:41:55   EntityInstanceChanged 484
[RENDER]       2026-06-29 19:41:55   Rendering world bg...
[EVENT]        2026-06-29 19:41:55   EntityInstanceChanged 484
[RENDER]       2026-06-29 19:41:55   Rendering world bg...
[EVENT]        2026-06-29 19:41:55   EntityInstanceChanged 484
[RENDER]       2026-06-29 19:41:55   Rendering world bg...
[EVENT]        2026-06-29 19:41:55   EntityInstanceChanged 484
[RENDER]       2026-06-29 19:41:55   Rendering world bg...
[EVENT]        2026-06-29 19:41:55   EntityInstanceChanged 484
[RENDER]       2026-06-29 19:41:55   Rendering world bg...
[EVENT]        2026-06-29 19:41:55   EntityInstanceChanged 484
[RENDER]       2026-06-29 19:41:55   Rendering world bg...
[EVENT]        2026-06-29 19:41:55   EntityInstanceChanged 484
[RENDER]       2026-06-29 19:41:55   Rendering world bg...
[EVENT]        2026-06-29 19:41:55   EntityInstanceChanged 484
[RENDER]       2026-06-29 19:41:55   Rendering world bg...
[EVENT]        2026-06-29 19:41:55   EntityInstanceChanged 484
[RENDER]       2026-06-29 19:41:55   Rendering world bg...
[EVENT]        2026-06-29 19:41:55   EntityInstanceChanged 484
[RENDER]       2026-06-29 19:41:55   Rendering world bg...
[EVENT]        2026-06-29 19:41:56   EntityInstanceChanged 484
[RENDER]       2026-06-29 19:41:56   Rendering world bg...
[EVENT]        2026-06-29 19:41:56   EntityInstanceChanged 484
[RENDER]       2026-06-29 19:41:56   Rendering world bg...
[EVENT]        2026-06-29 19:41:56   EntityInstanceChanged 484
[RENDER]       2026-06-29 19:41:56   Rendering world bg...
[EVENT]        2026-06-29 19:41:56   EntityInstanceChanged 484
[RENDER]       2026-06-29 19:41:56   Rendering world bg...
[EVENT]        2026-06-29 19:41:56   EntityInstanceChanged 484
[RENDER]       2026-06-29 19:41:56   Rendering world bg...
[EVENT]        2026-06-29 19:41:56   EntityInstanceChanged 484
[RENDER]       2026-06-29 19:41:56   Rendering world bg...
[EVENT]        2026-06-29 19:41:56   EntityInstanceChanged 484
[RENDER]       2026-06-29 19:41:56   Rendering world bg...
[EVENT]        2026-06-29 19:41:56   EntityInstanceChanged 484
[RENDER]       2026-06-29 19:41:56   Rendering world bg...
[EVENT]        2026-06-29 19:41:56   EntityInstanceChanged 484
[RENDER]       2026-06-29 19:41:56   Rendering world bg...
[EVENT]        2026-06-29 19:41:56   EntityInstanceChanged 484
[RENDER]       2026-06-29 19:41:56   Rendering world bg...
[EVENT]        2026-06-29 19:41:56   EntityInstanceChanged 484
[RENDER]       2026-06-29 19:41:56   Rendering world bg...
[EVENT]        2026-06-29 19:41:56   EntityInstanceChanged 484
[RENDER]       2026-06-29 19:41:56   Rendering world bg...
[EVENT]        2026-06-29 19:41:56   EntityInstanceChanged 484
[RENDER]       2026-06-29 19:41:56   Rendering world bg...
[EVENT]        2026-06-29 19:41:56   EntityInstanceChanged 484
[RENDER]       2026-06-29 19:41:56   Rendering world bg...
[EVENT]        2026-06-29 19:41:56   EntityInstanceChanged 484
[RENDER]       2026-06-29 19:41:56   Rendering world bg...
[EVENT]        2026-06-29 19:41:56   EntityInstanceChanged 484
[RENDER]       2026-06-29 19:41:56   Rendering world bg...
[EVENT]        2026-06-29 19:41:56   EntityInstanceChanged 484
[RENDER]       2026-06-29 19:41:56   Rendering world bg...
[EVENT]        2026-06-29 19:41:56   EntityInstanceChanged 484
[RENDER]       2026-06-29 19:41:56   Rendering world bg...
[EVENT]        2026-06-29 19:41:56   EntityInstanceChanged 484
[RENDER]       2026-06-29 19:41:56   Rendering world bg...
[EVENT]        2026-06-29 19:41:56   EntityInstanceChanged 484
[RENDER]       2026-06-29 19:41:56   Rendering world bg...
[EVENT]        2026-06-29 19:41:56   EntityInstanceChanged 484
[RENDER]       2026-06-29 19:41:56   Rendering world bg...
[EVENT]        2026-06-29 19:41:56   EntityInstanceChanged 484
[RENDER]       2026-06-29 19:41:56   Rendering world bg...
[EVENT]        2026-06-29 19:41:56   EntityInstanceChanged 484
[RENDER]       2026-06-29 19:41:56   Rendering world bg...
[EVENT]        2026-06-29 19:41:56   EntityInstanceChanged 484
[RENDER]       2026-06-29 19:41:56   Rendering world bg...
[EVENT]        2026-06-29 19:41:56   EntityInstanceChanged 484
[RENDER]       2026-06-29 19:41:56   Rendering world bg...
[EVENT]        2026-06-29 19:41:56   EntityInstanceChanged 484
[RENDER]       2026-06-29 19:41:56   Rendering world bg...
[EVENT]        2026-06-29 19:41:56   EntityInstanceChanged 484
[RENDER]       2026-06-29 19:41:56   Rendering world bg...
[EVENT]        2026-06-29 19:41:56   EntityInstanceChanged 484
[RENDER]       2026-06-29 19:41:56   Rendering world bg...
[EVENT]        2026-06-29 19:41:56   EntityInstanceChanged 484
[RENDER]       2026-06-29 19:41:56   Rendering world bg...
[EVENT]        2026-06-29 19:41:56   EntityInstanceChanged 484
[RENDER]       2026-06-29 19:41:56   Rendering world bg...
[EVENT]        2026-06-29 19:41:56   EntityInstanceChanged 484
[RENDER]       2026-06-29 19:41:56   Rendering world bg...
[EVENT]        2026-06-29 19:41:56   EntityInstanceChanged 484
[RENDER]       2026-06-29 19:41:56   Rendering world bg...
[EVENT]        2026-06-29 19:41:56   EntityInstanceChanged 484
[RENDER]       2026-06-29 19:41:56   Rendering world bg...
[EVENT]        2026-06-29 19:41:56   EntityInstanceChanged 484
[RENDER]       2026-06-29 19:41:56   Rendering world bg...
[EVENT]        2026-06-29 19:41:56   EntityInstanceChanged 484
[RENDER]       2026-06-29 19:41:56   Rendering world bg...
[EVENT]        2026-06-29 19:41:56   EntityInstanceChanged 484
[RENDER]       2026-06-29 19:41:56   Rendering world bg...
[EVENT]        2026-06-29 19:41:57   EntityInstanceChanged 484
[RENDER]       2026-06-29 19:41:57   Rendering world bg...
[EVENT]        2026-06-29 19:41:57   EntityInstanceChanged 484
[RENDER]       2026-06-29 19:41:57   Rendering world bg...
[EVENT]        2026-06-29 19:41:57   EntityInstanceChanged 484
[RENDER]       2026-06-29 19:41:57   Rendering world bg...
[EVENT]        2026-06-29 19:41:57   EntityInstanceChanged 484
[RENDER]       2026-06-29 19:41:57   Rendering world bg...
[EVENT]        2026-06-29 19:41:57   EntityInstanceChanged 484
[RENDER]       2026-06-29 19:41:57   Rendering world bg...
[EVENT]        2026-06-29 19:41:57   EntityInstanceChanged 484
[RENDER]       2026-06-29 19:41:57   Rendering world bg...
[EVENT]        2026-06-29 19:41:57   EntityInstanceChanged 484
[RENDER]       2026-06-29 19:41:57   Rendering world bg...
[EVENT]        2026-06-29 19:41:57   EntityInstanceChanged 484
[RENDER]       2026-06-29 19:41:57   Rendering world bg...
[EVENT]        2026-06-29 19:41:57   EntityInstanceChanged 484
[RENDER]       2026-06-29 19:41:57   Rendering world bg...
[EVENT]        2026-06-29 19:41:57   EntityInstanceChanged 484
[RENDER]       2026-06-29 19:41:57   Rendering world bg...
[EVENT]        2026-06-29 19:41:57   EntityInstanceChanged 484
[RENDER]       2026-06-29 19:41:57   Rendering world bg...
[EVENT]        2026-06-29 19:41:57   EntityInstanceChanged 484
[RENDER]       2026-06-29 19:41:57   Rendering world bg...
[EVENT]        2026-06-29 19:41:57   EntityInstanceChanged 484
[RENDER]       2026-06-29 19:41:57   Rendering world bg...
[EVENT]        2026-06-29 19:41:57   EntityInstanceChanged 484
[RENDER]       2026-06-29 19:41:57   Rendering world bg...
[EVENT]        2026-06-29 19:41:57   EntityInstanceChanged 484
[RENDER]       2026-06-29 19:41:57   Rendering world bg...
[EVENT]        2026-06-29 19:41:57   EntityInstanceChanged 484
[RENDER]       2026-06-29 19:41:57   Rendering world bg...
[EVENT]        2026-06-29 19:41:57   EntityInstanceChanged 484
[RENDER]       2026-06-29 19:41:57   Rendering world bg...
[EVENT]        2026-06-29 19:41:57   EntityInstanceChanged 484
[RENDER]       2026-06-29 19:41:57   Rendering world bg...
[EVENT]        2026-06-29 19:41:57   EntityInstanceChanged 484
[RENDER]       2026-06-29 19:41:57   Rendering world bg...
[EVENT]        2026-06-29 19:41:57   EntityInstanceChanged 484
[RENDER]       2026-06-29 19:41:57   Rendering world bg...
[EVENT]        2026-06-29 19:41:57   EntityInstanceChanged 484
[RENDER]       2026-06-29 19:41:57   Rendering world bg...
[EVENT]        2026-06-29 19:41:57   EntityInstanceChanged 484
[RENDER]       2026-06-29 19:41:57   Rendering world bg...
[EVENT]        2026-06-29 19:41:57   EntityInstanceChanged 484
[RENDER]       2026-06-29 19:41:57   Rendering world bg...
[EVENT]        2026-06-29 19:41:57   EntityInstanceChanged 484
[RENDER]       2026-06-29 19:41:57   Rendering world bg...
[EVENT]        2026-06-29 19:41:57   EntityInstanceChanged 484
[RENDER]       2026-06-29 19:41:58   Rendering world bg...
[EVENT]        2026-06-29 19:41:58   EntityInstanceChanged 484
[RENDER]       2026-06-29 19:41:58   Rendering world bg...
[EVENT]        2026-06-29 19:41:58   EntityInstanceChanged 484
[RENDER]       2026-06-29 19:41:58   Rendering world bg...
[EVENT]        2026-06-29 19:41:58   EntityInstanceChanged 484
[RENDER]       2026-06-29 19:41:58   Rendering world bg...
[EVENT]        2026-06-29 19:41:58   EntityInstanceChanged 484
[RENDER]       2026-06-29 19:41:58   Rendering world bg...
[EVENT]        2026-06-29 19:41:58   EntityInstanceChanged 484
[RENDER]       2026-06-29 19:41:58   Rendering world bg...
[EVENT]        2026-06-29 19:41:58   EntityInstanceChanged 484
[RENDER]       2026-06-29 19:41:58   Rendering world bg...
[EVENT]        2026-06-29 19:41:58   EntityInstanceChanged 484
[RENDER]       2026-06-29 19:41:58   Rendering world bg...
[EVENT]        2026-06-29 19:41:58   EntityInstanceChanged 484
[RENDER]       2026-06-29 19:41:58   Rendering world bg...
[EVENT]        2026-06-29 19:41:58   EntityInstanceChanged 484
[RENDER]       2026-06-29 19:41:58   Rendering world bg...
[EVENT]        2026-06-29 19:41:58   EntityInstanceChanged 484
[RENDER]       2026-06-29 19:41:58   Rendering world bg...
[EVENT]        2026-06-29 19:41:58   EntityInstanceChanged 484
[RENDER]       2026-06-29 19:41:58   Rendering world bg...
[EVENT]        2026-06-29 19:41:58   EntityInstanceChanged 484
[RENDER]       2026-06-29 19:41:58   Rendering world bg...
[EVENT]        2026-06-29 19:41:58   EntityInstanceChanged 484
[RENDER]       2026-06-29 19:41:58   Rendering world bg...
[EVENT]        2026-06-29 19:41:58   EntityInstanceChanged 484
[RENDER]       2026-06-29 19:41:58   Rendering world bg...
[EVENT]        2026-06-29 19:41:58   EntityInstanceChanged 484
[RENDER]       2026-06-29 19:41:58   Rendering world bg...
[EVENT]        2026-06-29 19:41:58   EntityInstanceChanged 484
[RENDER]       2026-06-29 19:41:58   Rendering world bg...
[EVENT]        2026-06-29 19:41:58   EntityInstanceChanged 484
[RENDER]       2026-06-29 19:41:58   Rendering world bg...
[EVENT]        2026-06-29 19:41:58   EntityInstanceChanged 484
[RENDER]       2026-06-29 19:41:58   Rendering world bg...
[EVENT]        2026-06-29 19:41:58   EntityInstanceChanged 484
[RENDER]       2026-06-29 19:41:58   Rendering world bg...
[EVENT]        2026-06-29 19:41:58   EntityInstanceChanged 484
[RENDER]       2026-06-29 19:41:58   Rendering world bg...
[EVENT]        2026-06-29 19:41:58   EntityInstanceChanged 484
[RENDER]       2026-06-29 19:41:58   Rendering world bg...
[EVENT]        2026-06-29 19:41:58   EntityInstanceChanged 484
[RENDER]       2026-06-29 19:41:58   Rendering world bg...
[EVENT]        2026-06-29 19:41:58   EntityInstanceChanged 484
[RENDER]       2026-06-29 19:41:58   Rendering world bg...
[EVENT]        2026-06-29 19:41:58   EntityInstanceChanged 484
[RENDER]       2026-06-29 19:41:58   Rendering world bg...
[EVENT]        2026-06-29 19:41:58   EntityInstanceChanged 484
[RENDER]       2026-06-29 19:41:58   Rendering world bg...
[EVENT]        2026-06-29 19:41:58   EntityInstanceChanged 484
[RENDER]       2026-06-29 19:41:58   Rendering world bg...
[EVENT]        2026-06-29 19:41:58   EntityInstanceChanged 484
[RENDER]       2026-06-29 19:41:58   Rendering world bg...
[EVENT]        2026-06-29 19:41:58   EntityInstanceChanged 484
[RENDER]       2026-06-29 19:41:58   Rendering world bg...
[EVENT]        2026-06-29 19:41:58   EntityInstanceChanged 484
[RENDER]       2026-06-29 19:41:58   Rendering world bg...
[EVENT]        2026-06-29 19:41:58   EntityInstanceChanged 484
[RENDER]       2026-06-29 19:41:58   Rendering world bg...
[EVENT]        2026-06-29 19:41:58   EntityInstanceChanged 484
[RENDER]       2026-06-29 19:41:58   Rendering world bg...
[EVENT]        2026-06-29 19:41:58   EntityInstanceChanged 484
[RENDER]       2026-06-29 19:41:58   Rendering world bg...
[EVENT]        2026-06-29 19:41:58   EntityInstanceChanged 484
[RENDER]       2026-06-29 19:41:58   Rendering world bg...
[EVENT]        2026-06-29 19:41:58   EntityInstanceChanged 484
[RENDER]       2026-06-29 19:41:58   Rendering world bg...
[EVENT]        2026-06-29 19:41:58   EntityInstanceChanged 484
[RENDER]       2026-06-29 19:41:58   Rendering world bg...
[EVENT]        2026-06-29 19:41:58   EntityInstanceChanged 484
[RENDER]       2026-06-29 19:41:58   Rendering world bg...
[EVENT]        2026-06-29 19:41:58   EntityInstanceChanged 484
[RENDER]       2026-06-29 19:41:58   Rendering world bg...
[EVENT]        2026-06-29 19:41:58   EntityInstanceChanged 484
[RENDER]       2026-06-29 19:41:58   Rendering world bg...
[EVENT]        2026-06-29 19:41:59   EntityInstanceChanged 484
[RENDER]       2026-06-29 19:41:59   Rendering world bg...
[RENDER]       2026-06-29 19:41:59   Rendering world bg...
[RENDER]       2026-06-29 19:42:00   Rendering world bg...
[RENDER]       2026-06-29 19:42:00   Rendering world bg...
[RENDER]       2026-06-29 19:42:01   Rendering world bg...
[RENDER]       2026-06-29 19:42:01   Rendering world bg...
[EVENT]        2026-06-29 19:42:02   EntityInstanceChanged 484
[RENDER]       2026-06-29 19:42:02   Rendering world bg...
[EVENT]        2026-06-29 19:42:02   EntityInstanceChanged 484
[RENDER]       2026-06-29 19:42:02   Rendering world bg...
[EVENT]        2026-06-29 19:42:02   EntityInstanceChanged 484
[RENDER]       2026-06-29 19:42:02   Rendering world bg...
[EVENT]        2026-06-29 19:42:03   EntityInstanceChanged 484
[RENDER]       2026-06-29 19:42:03   Rendering world bg...
[EVENT]        2026-06-29 19:42:03   EntityInstanceChanged 484
[RENDER]       2026-06-29 19:42:03   Rendering world bg...
[EVENT]        2026-06-29 19:42:03   EntityInstanceChanged 484
[RENDER]       2026-06-29 19:42:03   Rendering world bg...
[EVENT]        2026-06-29 19:42:03   EntityInstanceChanged 484
[RENDER]       2026-06-29 19:42:03   Rendering world bg...
[EVENT]        2026-06-29 19:42:03   EntityInstanceChanged 484
[RENDER]       2026-06-29 19:42:03   Rendering world bg...
[EVENT]        2026-06-29 19:42:03   EntityInstanceChanged 484
[RENDER]       2026-06-29 19:42:03   Rendering world bg...
[EVENT]        2026-06-29 19:42:03   EntityInstanceChanged 484
[RENDER]       2026-06-29 19:42:03   Rendering world bg...
[EVENT]        2026-06-29 19:42:03   EntityInstanceChanged 484
[RENDER]       2026-06-29 19:42:03   Rendering world bg...
[EVENT]        2026-06-29 19:42:03   EntityInstanceChanged 484
[RENDER]       2026-06-29 19:42:03   Rendering world bg...
[EVENT]        2026-06-29 19:42:03   EntityInstanceChanged 484
[RENDER]       2026-06-29 19:42:03   Rendering world bg...
[EVENT]        2026-06-29 19:42:03   EntityInstanceChanged 484
[RENDER]       2026-06-29 19:42:03   Rendering world bg...
[EVENT]        2026-06-29 19:42:03   EntityInstanceChanged 484
[RENDER]       2026-06-29 19:42:03   Rendering world bg...
[EVENT]        2026-06-29 19:42:03   EntityInstanceChanged 484
[RENDER]       2026-06-29 19:42:03   Rendering world bg...
[EVENT]        2026-06-29 19:42:03   EntityInstanceChanged 484
[RENDER]       2026-06-29 19:42:03   Rendering world bg...
[EVENT]        2026-06-29 19:42:03   EntityInstanceChanged 484
[RENDER]       2026-06-29 19:42:03   Rendering world bg...
[EVENT]        2026-06-29 19:42:03   EntityInstanceChanged 484
[RENDER]       2026-06-29 19:42:03   Rendering world bg...
[EVENT]        2026-06-29 19:42:03   EntityInstanceChanged 484
[RENDER]       2026-06-29 19:42:03   Rendering world bg...
[EVENT]        2026-06-29 19:42:03   EntityInstanceChanged 484
[RENDER]       2026-06-29 19:42:03   Rendering world bg...
[EVENT]        2026-06-29 19:42:03   EntityInstanceChanged 484
[RENDER]       2026-06-29 19:42:03   Rendering world bg...
[EVENT]        2026-06-29 19:42:03   EntityInstanceChanged 484
[RENDER]       2026-06-29 19:42:03   Rendering world bg...
[EVENT]        2026-06-29 19:42:03   EntityInstanceChanged 484
[RENDER]       2026-06-29 19:42:03   Rendering world bg...
[EVENT]        2026-06-29 19:42:03   EntityInstanceChanged 484
[RENDER]       2026-06-29 19:42:03   Rendering world bg...
[EVENT]        2026-06-29 19:42:03   EntityInstanceChanged 484
[RENDER]       2026-06-29 19:42:03   Rendering world bg...
[EVENT]        2026-06-29 19:42:03   EntityInstanceChanged 484
[RENDER]       2026-06-29 19:42:03   Rendering world bg...
[EVENT]        2026-06-29 19:42:03   EntityInstanceChanged 484
[RENDER]       2026-06-29 19:42:03   Rendering world bg...
[RENDER]       2026-06-29 19:42:04   Rendering world bg...
[RENDER]       2026-06-29 19:42:04   Rendering world bg...
[USERACTION]   2026-06-29 19:42:05   Opened panel #6397 ui.modal.panel.EditEntityDefs
[FILE]         2026-06-29 19:42:05   Reading HTML template editEntityDefs from cache
[FILE]         2026-06-29 19:42:05   Reading HTML template fieldDefsForm from cache
[FILE]         2026-06-29 19:42:05   Reading HTML template pivotEditor from cache
[RENDER]       2026-06-29 19:42:05   Rendering world bg...
[RENDER]       2026-06-29 19:42:05   Rendering world bg...
[RENDER]       2026-06-29 19:42:05   Rendering world bg...
[RENDER]       2026-06-29 19:42:05   Rendering world bg...
[RENDER]       2026-06-29 19:42:10   Rendering world bg...
[RENDER]       2026-06-29 19:42:10   Rendering world bg...
[EVENT]        2026-06-29 19:42:12   EntityDefChanged
[FILE]         2026-06-29 19:42:12   Reading HTML template pivotEditor from cache
[RENDER]       2026-06-29 19:42:12   Rendering world bg...
[RENDER]       2026-06-29 19:42:12   Rendering world bg...
[RENDER]       2026-06-29 19:42:13   Rendering world bg...
[RENDER]       2026-06-29 19:42:13   Rendering world bg...
[EVENT]        2026-06-29 19:42:14   EntityDefChanged
[FILE]         2026-06-29 19:42:14   Reading HTML template pivotEditor from cache
[RENDER]       2026-06-29 19:42:14   Rendering world bg...
[RENDER]       2026-06-29 19:42:15   Rendering world bg...
[RENDER]       2026-06-29 19:42:15   Rendering world bg...
[RENDER]       2026-06-29 19:42:15   Rendering world bg...
[EVENT]        2026-06-29 19:42:16   EntityDefChanged
[FILE]         2026-06-29 19:42:16   Reading HTML template pivotEditor from cache
[RENDER]       2026-06-29 19:42:16   Rendering world bg...
[RENDER]       2026-06-29 19:42:17   Rendering world bg...
[RENDER]       2026-06-29 19:42:19   Rendering world bg...
[RENDER]       2026-06-29 19:42:19   Rendering world bg...
[EVENT]        2026-06-29 19:42:20   EntityDefChanged
[FILE]         2026-06-29 19:42:20   Reading HTML template pivotEditor from cache
[RENDER]       2026-06-29 19:42:20   Rendering world bg...
[RENDER]       2026-06-29 19:42:20   Rendering world bg...
[RENDER]       2026-06-29 19:42:22   Rendering world bg...
[RENDER]       2026-06-29 19:42:22   Rendering world bg...
[EVENT]        2026-06-29 19:42:23   EntityDefChanged
[FILE]         2026-06-29 19:42:23   Reading HTML template pivotEditor from cache
[RENDER]       2026-06-29 19:42:23   Rendering world bg...
[RENDER]       2026-06-29 19:42:26   Rendering world bg...
[RENDER]       2026-06-29 19:42:26   Rendering world bg...
[EVENT]        2026-06-29 19:42:26   EntityDefChanged
[FILE]         2026-06-29 19:42:26   Reading HTML template pivotEditor from cache
[RENDER]       2026-06-29 19:42:26   Rendering world bg...
[RENDER]       2026-06-29 19:42:26   Rendering world bg...
[EVENT]        2026-06-29 19:42:27   EntityDefChanged
[FILE]         2026-06-29 19:42:27   Reading HTML template pivotEditor from cache
[RENDER]       2026-06-29 19:42:27   Rendering world bg...
[RENDER]       2026-06-29 19:42:29   Rendering world bg...
[RENDER]       2026-06-29 19:42:29   Rendering world bg...
[USERACTION]   2026-06-29 19:42:30   Closed panel #6397 ui.modal.panel.EditEntityDefs
[RENDER]       2026-06-29 19:42:31   Rendering world bg...
[EVENT]        2026-06-29 19:42:33   EntityInstanceRemoved 484
[EVENT]        2026-06-29 19:42:33   LayerInstanceEditedByTool
[RENDER]       2026-06-29 19:42:33   Rendering world bg...
[USERACTION]   2026-06-29 19:42:34   EntityTool: mode=Remove, in LayerInst#266 "Entities" [Entities]
[EVENT]        2026-06-29 19:42:34   LayerInstanceEditedByTool
[USERACTION]   2026-06-29 19:42:34   EntityTool: mode=Add, in LayerInst#266 "Entities" [Entities]
[FILE]         2026-06-29 19:42:34   Reading HTML template entityInstanceEditor from cache
[USERACTION]   2026-06-29 19:42:34   Added entity EntityInst "Sprite" @216,152
[EVENT]        2026-06-29 19:42:34   EntityInstanceAdded 484
[RENDER]       2026-06-29 19:42:34   Rendering world bg...
[EVENT]        2026-06-29 19:42:35   EntityInstanceRemoved 484
[EVENT]        2026-06-29 19:42:35   LayerInstanceEditedByTool
[RENDER]       2026-06-29 19:42:35   Rendering world bg...
[USERACTION]   2026-06-29 19:42:35   EntityTool: mode=Remove, in LayerInst#266 "Entities" [Entities]
[RENDER]       2026-06-29 19:42:36   Rendering world bg...
[EVENT]        2026-06-29 19:42:39   LayerInstanceEditedByTool
[USERACTION]   2026-06-29 19:42:39   EntityTool: mode=Add, in LayerInst#266 "Entities" [Entities]
[FILE]         2026-06-29 19:42:39   Reading HTML template entityInstanceEditor from cache
[USERACTION]   2026-06-29 19:42:39   Added entity EntityInst "Sprite" @216,144
[EVENT]        2026-06-29 19:42:39   EntityInstanceAdded 484
[RENDER]       2026-06-29 19:42:39   Rendering world bg...
[EVENT]        2026-06-29 19:42:40   EntityInstanceRemoved 484
[EVENT]        2026-06-29 19:42:40   LayerInstanceEditedByTool
[RENDER]       2026-06-29 19:42:40   Rendering world bg...
[USERACTION]   2026-06-29 19:42:40   EntityTool: mode=Remove, in LayerInst#266 "Entities" [Entities]
[RENDER]       2026-06-29 19:42:40   Rendering world bg...
[RENDER]       2026-06-29 19:42:40   Rendering world bg...
[RENDER]       2026-06-29 19:42:41   Rendering world bg...
[RENDER]       2026-06-29 19:42:41   Rendering world bg...
[RENDER]       2026-06-29 19:42:41   Rendering world bg...
[RENDER]       2026-06-29 19:42:41   Rendering world bg...
[USERACTION]   2026-06-29 19:42:41   Opened panel #6556 ui.modal.panel.EditEntityDefs
[FILE]         2026-06-29 19:42:41   Reading HTML template editEntityDefs from cache
[FILE]         2026-06-29 19:42:41   Reading HTML template fieldDefsForm from cache
[FILE]         2026-06-29 19:42:42   Reading HTML template pivotEditor from cache
[RENDER]       2026-06-29 19:42:42   Rendering world bg...
[RENDER]       2026-06-29 19:42:42   Rendering world bg...
[RENDER]       2026-06-29 19:42:42   Rendering world bg...
[RENDER]       2026-06-29 19:42:42   Rendering world bg...
[RENDER]       2026-06-29 19:42:42   Rendering world bg...
[EVENT]        2026-06-29 19:42:44   EntityDefChanged
[FILE]         2026-06-29 19:42:44   Reading HTML template pivotEditor from cache
[RENDER]       2026-06-29 19:42:44   Rendering world bg...
[EVENT]        2026-06-29 19:42:45   EntityDefChanged
[FILE]         2026-06-29 19:42:45   Reading HTML template pivotEditor from cache
[RENDER]       2026-06-29 19:42:45   Rendering world bg...
[USERACTION]   2026-06-29 19:42:46   Closed panel #6556 ui.modal.panel.EditEntityDefs
[EVENT]        2026-06-29 19:42:47   LayerInstanceEditedByTool
[USERACTION]   2026-06-29 19:42:47   EntityTool: mode=Add, in LayerInst#266 "Entities" [Entities]
[FILE]         2026-06-29 19:42:47   Reading HTML template entityInstanceEditor from cache
[USERACTION]   2026-06-29 19:42:47   Added entity EntityInst "Sprite" @216,144
[EVENT]        2026-06-29 19:42:47   EntityInstanceAdded 484
[RENDER]       2026-06-29 19:42:47   Rendering world bg...
[EVENT]        2026-06-29 19:42:50   EntityInstanceRemoved 484
[EVENT]        2026-06-29 19:42:50   LayerInstanceEditedByTool
[RENDER]       2026-06-29 19:42:50   Rendering world bg...
[USERACTION]   2026-06-29 19:42:50   EntityTool: mode=Remove, in LayerInst#266 "Entities" [Entities]
[RENDER]       2026-06-29 19:42:50   Rendering world bg...
[RENDER]       2026-06-29 19:42:51   Rendering world bg...
[RENDER]       2026-06-29 19:42:51   Rendering world bg...
[RENDER]       2026-06-29 19:42:51   Rendering world bg...
[RENDER]       2026-06-29 19:42:51   Rendering world bg...
[RENDER]       2026-06-29 19:42:51   Rendering world bg...
[USERACTION]   2026-06-29 19:42:51   Opened panel #6610 ui.modal.panel.EditEntityDefs
[FILE]         2026-06-29 19:42:51   Reading HTML template editEntityDefs from cache
[FILE]         2026-06-29 19:42:51   Reading HTML template fieldDefsForm from cache
[FILE]         2026-06-29 19:42:51   Reading HTML template pivotEditor from cache
[RENDER]       2026-06-29 19:42:52   Rendering world bg...
[RENDER]       2026-06-29 19:42:52   Rendering world bg...
[RENDER]       2026-06-29 19:42:52   Rendering world bg...
[RENDER]       2026-06-29 19:42:52   Rendering world bg...
[RENDER]       2026-06-29 19:42:52   Rendering world bg...
[EVENT]        2026-06-29 19:42:58   EntityDefChanged
[FILE]         2026-06-29 19:42:58   Reading HTML template pivotEditor from cache
[RENDER]       2026-06-29 19:42:58   Rendering world bg...
[RENDER]       2026-06-29 19:42:59   Rendering world bg...
[RENDER]       2026-06-29 19:42:59   Rendering world bg...
[RENDER]       2026-06-29 19:42:59   Rendering world bg...
[RENDER]       2026-06-29 19:43:01   Rendering world bg...
[RENDER]       2026-06-29 19:43:02   Rendering world bg...
[EVENT]        2026-06-29 19:43:06   EntityDefChanged
[FILE]         2026-06-29 19:43:06   Reading HTML template pivotEditor from cache
[RENDER]       2026-06-29 19:43:06   Rendering world bg...
[RENDER]       2026-06-29 19:43:08   Rendering world bg...
[RENDER]       2026-06-29 19:43:08   Rendering world bg...
[RENDER]       2026-06-29 19:43:09   Rendering world bg...
[RENDER]       2026-06-29 19:43:10   Rendering world bg...
[EVENT]        2026-06-29 19:43:12   EntityDefChanged
[FILE]         2026-06-29 19:43:12   Reading HTML template pivotEditor from cache
[RENDER]       2026-06-29 19:43:13   Rendering world bg...
[RENDER]       2026-06-29 19:43:13   Rendering world bg...
[EVENT]        2026-06-29 19:43:14   EntityDefChanged
[FILE]         2026-06-29 19:43:15   Reading HTML template pivotEditor from cache
[RENDER]       2026-06-29 19:43:15   Rendering world bg...
[RENDER]       2026-06-29 19:43:15   Rendering world bg...
[RENDER]       2026-06-29 19:43:15   Rendering world bg...
[RENDER]       2026-06-29 19:43:15   Rendering world bg...
[RENDER]       2026-06-29 19:43:15   Rendering world bg...
[USERACTION]   2026-06-29 19:43:18   Closed panel #6610 ui.modal.panel.EditEntityDefs
[RENDER]       2026-06-29 19:43:21   Rendering world bg...
[RENDER]       2026-06-29 19:43:21   Rendering world bg...
[USERACTION]   2026-06-29 19:43:21   Opened panel #6671 ui.modal.panel.EditEntityDefs
[FILE]         2026-06-29 19:43:21   Reading HTML template editEntityDefs from cache
[FILE]         2026-06-29 19:43:21   Reading HTML template fieldDefsForm from cache
[FILE]         2026-06-29 19:43:21   Reading HTML template pivotEditor from cache
[RENDER]       2026-06-29 19:43:21   Rendering world bg...
[RENDER]       2026-06-29 19:43:21   Rendering world bg...
[RENDER]       2026-06-29 19:43:22   Rendering world bg...
[RENDER]       2026-06-29 19:43:22   Rendering world bg...
[RENDER]       2026-06-29 19:43:22   Rendering world bg...
[EVENT]        2026-06-29 19:43:24   EntityDefChanged
[FILE]         2026-06-29 19:43:24   Reading HTML template pivotEditor from cache
[RENDER]       2026-06-29 19:43:24   Rendering world bg...
[RENDER]       2026-06-29 19:43:24   Rendering world bg...
[RENDER]       2026-06-29 19:43:24   Rendering world bg...
[RENDER]       2026-06-29 19:43:25   Rendering world bg...
[EVENT]        2026-06-29 19:43:28   EntityDefChanged
[FILE]         2026-06-29 19:43:28   Reading HTML template pivotEditor from cache
[RENDER]       2026-06-29 19:43:28   Rendering world bg...
[RENDER]       2026-06-29 19:43:28   Rendering world bg...
[RENDER]       2026-06-29 19:43:29   Rendering world bg...
[USERACTION]   2026-06-29 19:43:30   Closed panel #6671 ui.modal.panel.EditEntityDefs
[RENDER]       2026-06-29 19:43:31   Rendering world bg...
[RENDER]       2026-06-29 19:43:32   Rendering world bg...
[RENDER]       2026-06-29 19:43:32   Rendering world bg...
[RENDER]       2026-06-29 19:43:38   Rendering world bg...
[RENDER]       2026-06-29 19:43:39   Rendering world bg...
[RENDER]       2026-06-29 19:43:39   Rendering world bg...
[RENDER]       2026-06-29 19:43:39   Rendering world bg...
[USERACTION]   2026-06-29 19:43:39   Opened panel #6708 ui.modal.panel.EditEntityDefs
[FILE]         2026-06-29 19:43:39   Reading HTML template editEntityDefs from cache
[FILE]         2026-06-29 19:43:39   Reading HTML template fieldDefsForm from cache
[FILE]         2026-06-29 19:43:39   Reading HTML template pivotEditor from cache
[RENDER]       2026-06-29 19:43:39   Rendering world bg...
[RENDER]       2026-06-29 19:43:39   Rendering world bg...
[RENDER]       2026-06-29 19:43:40   Rendering world bg...
[RENDER]       2026-06-29 19:43:40   Rendering world bg...
[RENDER]       2026-06-29 19:43:41   Rendering world bg...
[EVENT]        2026-06-29 19:43:43   EntityDefChanged
[FILE]         2026-06-29 19:43:43   Reading HTML template pivotEditor from cache
[RENDER]       2026-06-29 19:43:43   Rendering world bg...
[RENDER]       2026-06-29 19:43:44   Rendering world bg...
[RENDER]       2026-06-29 19:43:44   Rendering world bg...
[USERACTION]   2026-06-29 19:43:44   Closed panel #6708 ui.modal.panel.EditEntityDefs
[EVENT]        2026-06-29 19:43:47   LayerInstanceEditedByTool
[USERACTION]   2026-06-29 19:43:47   EntityTool: mode=Add, in LayerInst#266 "Entities" [Entities]
[FILE]         2026-06-29 19:43:47   Reading HTML template entityInstanceEditor from cache
[USERACTION]   2026-06-29 19:43:47   Added entity EntityInst "Sprite" @216,144
[EVENT]        2026-06-29 19:43:47   EntityInstanceAdded 484
[RENDER]       2026-06-29 19:43:47   Rendering world bg...
[FILE]         2026-06-29 19:43:50   Reading HTML template entityInstanceEditor from cache
[RENDER]       2026-06-29 19:43:50   Rendering world bg...
[EVENT]        2026-06-29 19:43:50   EntityInstanceRemoved 484
[EVENT]        2026-06-29 19:43:50   LayerInstanceEditedByTool
[RENDER]       2026-06-29 19:43:50   Rendering world bg...
[USERACTION]   2026-06-29 19:43:51   EntityTool: mode=Remove, in LayerInst#266 "Entities" [Entities]
[RENDER]       2026-06-29 19:43:51   Rendering world bg...
[RENDER]       2026-06-29 19:43:51   Rendering world bg...
[RENDER]       2026-06-29 19:43:52   Rendering world bg...
[USERACTION]   2026-06-29 19:43:52   Opened panel #6753 ui.modal.panel.EditEntityDefs
[FILE]         2026-06-29 19:43:52   Reading HTML template editEntityDefs from cache
[FILE]         2026-06-29 19:43:52   Reading HTML template fieldDefsForm from cache
[FILE]         2026-06-29 19:43:52   Reading HTML template pivotEditor from cache
[RENDER]       2026-06-29 19:43:52   Rendering world bg...
[RENDER]       2026-06-29 19:43:52   Rendering world bg...
[RENDER]       2026-06-29 19:43:52   Rendering world bg...
[RENDER]       2026-06-29 19:43:53   Rendering world bg...
[RENDER]       2026-06-29 19:43:53   Rendering world bg...
[FILE]         2026-06-29 19:43:55   Reading HTML template pivotEditor from cache
[RENDER]       2026-06-29 19:43:55   Rendering world bg...
[RENDER]       2026-06-29 19:43:56   Rendering world bg...
[RENDER]       2026-06-29 19:43:56   Rendering world bg...
[RENDER]       2026-06-29 19:43:56   Rendering world bg...
[WARNING]      2026-06-29 19:43:57   Last chance for: Entity Sprite deleted
[EVENT]        2026-06-29 19:43:57   EntityDefRemoved
[EVENT]        2026-06-29 19:43:57   LevelJsonCacheInvalidated
[EVENT]        2026-06-29 19:43:57   LevelJsonCacheInvalidated
[EVENT]        2026-06-29 19:43:57   LevelJsonCacheInvalidated
[EVENT]        2026-06-29 19:43:57   LevelJsonCacheInvalidated
[EVENT]        2026-06-29 19:43:57   LevelJsonCacheInvalidated
[EVENT]        2026-06-29 19:43:57   LevelJsonCacheInvalidated
[EVENT]        2026-06-29 19:43:57   LevelJsonCacheInvalidated
[EVENT]        2026-06-29 19:43:57   LevelJsonCacheInvalidated
[EVENT]        2026-06-29 19:43:57   LevelJsonCacheInvalidated
[EVENT]        2026-06-29 19:43:57   LevelJsonCacheInvalidated
[EVENT]        2026-06-29 19:43:57   LevelJsonCacheInvalidated
[EVENT]        2026-06-29 19:43:57   LevelJsonCacheInvalidated
[EVENT]        2026-06-29 19:43:57   LevelJsonCacheInvalidated
[EVENT]        2026-06-29 19:43:57   LevelJsonCacheInvalidated
[EVENT]        2026-06-29 19:43:57   LevelJsonCacheInvalidated
[EVENT]        2026-06-29 19:43:57   LevelJsonCacheInvalidated
[EVENT]        2026-06-29 19:43:57   LevelJsonCacheInvalidated
[EVENT]        2026-06-29 19:43:57   LevelJsonCacheInvalidated
[FILE]         2026-06-29 19:43:57   Reading HTML template pivotEditor from cache
[FILE]         2026-06-29 19:43:57   Reading HTML template pivotEditor from cache
[RENDER]       2026-06-29 19:43:57   Rendering world level fields data.Level#1e4af520-1030-11f0-af50-ff93dd65ce54 "Level_4"...
[RENDER]       2026-06-29 19:43:57   Rendering world bg...
[RENDER]       2026-06-29 19:43:57   Rendering world bg...
[RENDER]       2026-06-29 19:43:58   Rendering world bg...
[USERACTION]   2026-06-29 19:43:59   Closed panel #6753 ui.modal.panel.EditEntityDefs
[SAVE]         2026-06-29 19:44:00   Preparing project saving: /home/angrycompany16/dev/go/mask_of_the_tomb/assets/LDTK/world.ldtk...
[CACHE]        2026-06-29 19:44:00   Garbaging unused image LdtkIcons_336_208_16_16...
[CACHE]        2026-06-29 19:44:00   Disposing cached image LdtkIcons_336_208_16_16...
[CACHE]        2026-06-29 19:44:00   Garbaging unused image LdtkIcons_336_176_16_16...
[CACHE]        2026-06-29 19:44:00   Disposing cached image LdtkIcons_336_176_16_16...
[CACHE]        2026-06-29 19:44:00   Garbaging unused image LdtkIcons_176_16_16_16...
[CACHE]        2026-06-29 19:44:00   Disposing cached image LdtkIcons_176_16_16_16...
[CACHE]        2026-06-29 19:44:00   Garbaging unused image LdtkIcons_160_80_64_64...
[CACHE]        2026-06-29 19:44:00   Disposing cached image LdtkIcons_160_80_64_64...
[CACHE]        2026-06-29 19:44:00   Garbaging unused image LdtkIcons_160_80_32_32...
[CACHE]        2026-06-29 19:44:00   Disposing cached image LdtkIcons_160_80_32_32...
[SAVE]         2026-06-29 19:44:00   => PreChecks...
[SAVE]         2026-06-29 19:44:00   => BeforeSavingActions...
[EVENT]        2026-06-29 19:44:00   BeforeProjectSaving
[EVENT]        2026-06-29 19:44:00   LastChanceEnded
[SAVE]         2026-06-29 19:44:00   => AutoLayers...
[SAVE]         2026-06-29 19:44:00   => Backup...
[SAVE]         2026-06-29 19:44:00   Backing up /home/angrycompany16/dev/go/mask_of_the_tomb/assets/LDTK to /home/angrycompany16/dev/go/mask_of_the_tomb/assets/LDTK/world/backups/94589810-c210-11ef-b2e6-99619d5a4f10_2026-06-29_19-44-00...
[SAVE]         2026-06-29 19:44:00     Found 1 files.
[GENERAL]      2026-06-29 19:44:00   Progress created.
[RENDER]       2026-06-29 19:44:00   Rendering world bg...
[GENERAL]      2026-06-29 19:44:00   Progress started: : "Backup", 2 operation(s)
[SAVE]         2026-06-29 19:44:00   Removing older backup: 94589810-c210-11ef-b2e6-99619d5a4f10_2026-05-10_01-17-55
[GENERAL]      2026-06-29 19:44:00   Progress completed: "Backup" (0s)
[SAVE]         2026-06-29 19:44:00     Done!
[GENERAL]      2026-06-29 19:44:00   Progress created.
[RENDER]       2026-06-29 19:44:00   Rendering world bg...
[GENERAL]      2026-06-29 19:44:00   Progress started: : "Preparing levels...", 18 operation(s)
[GENERAL]      2026-06-29 19:44:00   Progress completed: "Preparing levels..." (0.2s)
[SAVE]         2026-06-29 19:44:00   => SavingMainFile...
[GENERAL]      2026-06-29 19:44:00   Progress created.
[RENDER]       2026-06-29 19:44:00   Rendering world bg...
[GENERAL]      2026-06-29 19:44:00   Progress started: : "Saving main file...", 2 operation(s)
[SAVE]         2026-06-29 19:44:00     Preparing SavingData...
[SAVE]         2026-06-29 19:44:01     Writing /home/angrycompany16/dev/go/mask_of_the_tomb/assets/LDTK/world.ldtk...
[GENERAL]      2026-06-29 19:44:01   Progress completed: "Saving main file..." (0.3s)
[FILE]         2026-06-29 19:44:01   Emptying dir /home/angrycompany16/dev/go/mask_of_the_tomb/assets/LDTK/world (onlyExts=[ldtkl])...
[SAVE]         2026-06-29 19:44:01   => Done...
[SAVE]         2026-06-29 19:44:01   Saving complete (world.ldtk)
[FILE]         2026-06-29 19:44:01   Saved "world.ldtk".
[EVENT]        2026-06-29 19:44:01   ProjectSaved
[RENDER]       2026-06-29 19:44:01   Rendering world bg...
[RENDER]       2026-06-29 19:44:01   Rendering world level fields data.Level#1e4af520-1030-11f0-af50-ff93dd65ce54 "Level_4"...
[SAVE]         2026-06-30 00:00:49   Preparing project saving: /home/angrycompany16/dev/go/mask_of_the_tomb/assets/LDTK/world.ldtk...
[SAVE]         2026-06-30 00:00:49   => PreChecks...
[SAVE]         2026-06-30 00:00:49   => BeforeSavingActions...
[EVENT]        2026-06-30 00:00:49   BeforeProjectSaving
[SAVE]         2026-06-30 00:00:49   => AutoLayers...
[SAVE]         2026-06-30 00:00:49   => Backup...
[SAVE]         2026-06-30 00:00:49   Backing up /home/angrycompany16/dev/go/mask_of_the_tomb/assets/LDTK to /home/angrycompany16/dev/go/mask_of_the_tomb/assets/LDTK/world/backups/94589810-c210-11ef-b2e6-99619d5a4f10_2026-06-30_00-00-49...
[SAVE]         2026-06-30 00:00:49     Found 1 files.
[GENERAL]      2026-06-30 00:00:49   Progress created.
[RENDER]       2026-06-30 00:00:49   Rendering world bg...
[GENERAL]      2026-06-30 00:00:49   Progress started: : "Backup", 2 operation(s)
[SAVE]         2026-06-30 00:00:49   Removing older backup: 94589810-c210-11ef-b2e6-99619d5a4f10_2026-05-10_01-18-30
[GENERAL]      2026-06-30 00:00:49   Progress completed: "Backup" (0s)
[SAVE]         2026-06-30 00:00:49     Done!
[GENERAL]      2026-06-30 00:00:49   Progress created.
[RENDER]       2026-06-30 00:00:49   Rendering world bg...
[GENERAL]      2026-06-30 00:00:49   Progress started: : "Preparing levels...", 18 operation(s)
[GENERAL]      2026-06-30 00:00:50   Progress completed: "Preparing levels..." (0s)
[SAVE]         2026-06-30 00:00:50   => SavingMainFile...
[GENERAL]      2026-06-30 00:00:50   Progress created.
[RENDER]       2026-06-30 00:00:50   Rendering world bg...
[GENERAL]      2026-06-30 00:00:50   Progress started: : "Saving main file...", 2 operation(s)
[SAVE]         2026-06-30 00:00:50     Preparing SavingData...
[SAVE]         2026-06-30 00:00:50     Writing /home/angrycompany16/dev/go/mask_of_the_tomb/assets/LDTK/world.ldtk...
[GENERAL]      2026-06-30 00:00:50   Progress completed: "Saving main file..." (0.3s)
[FILE]         2026-06-30 00:00:50   Emptying dir /home/angrycompany16/dev/go/mask_of_the_tomb/assets/LDTK/world (onlyExts=[ldtkl])...
[SAVE]         2026-06-30 00:00:50   => Done...
[SAVE]         2026-06-30 00:00:50   Saving complete (world.ldtk)
[FILE]         2026-06-30 00:00:50   Saved "world.ldtk".
[EVENT]        2026-06-30 00:00:50   ProjectSaved
[RENDER]       2026-06-30 00:00:50   Rendering world bg...
[RENDER]       2026-06-30 00:00:50   Rendering world level fields data.Level#1e4af520-1030-11f0-af50-ff93dd65ce54 "Level_4"...
[GENERAL]      2026-06-30 00:00:51   Exiting.
